-- This file is to bootstrap a database for the CS3200 project. 

-- Create a new database.  You can change the name later.  You'll
-- need this name in the FLASK API file(s),  the AppSm3ith

-- data source creation.
create database IF NOT EXISTS husky_eatz;

-- Via the Docker Compose file, a special user called webapp will 
-- be created in MySQL. We are going to grant that user 
-- all privilages to the new database we just created. 
-- TODO: If you changed the name of the database above, you need 
-- to change it here too.
grant all privileges on husky_eatz.* to 'webapp'@'%';
flush privileges;

-- Move into the database we just created.
-- TODO: If you changed the name of the database above, you need to
-- change it here too. 
use husky_eatz;

-- Put your DDL 
CREATE TABLE HuskyEatzEmployee (
  Role varchar(128) NOT NULL,
  EmployeeID INTEGER PRIMARY KEY AUTO_INCREMENT,
  FirstName varchar(128) NOT NULL,
  LastName varchar(128) NOT NULL
);


CREATE TABLE Vendor (
  VendorID INTEGER PRIMARY KEY AUTO_INCREMENT,
  VendorName varchar(128) NOT NULL,
  VendorType varchar(128) NOT NULL,
  CuisineType varchar(128) NOT NULL ,
  Phone varchar(128) NOT NULL UNIQUE,
  Email varchar(128) NOT NULL UNIQUE,
  EmployeeID INTEGER NOT NULL UNIQUE,
  FOREIGN KEY (EmployeeID) REFERENCES HuskyEatzEmployee(EmployeeID)
        ON UPDATE CASCADE ON DELETE RESTRICT
);

CREATE TABLE VendorLocations (
  VendorID INTEGER NOT NULL ,
  Street varchar(128) NOT NULL ,
  City varchar(128) NOT NULL ,
  `State` varchar(128) NOT NULL ,
  ZipCode varchar(128) NOT NULL ,
  FOREIGN KEY (VendorID) REFERENCES Vendor(VendorID)
       ON UPDATE CASCADE ON DELETE RESTRICT
);

CREATE TABLE Menu (
  MenuID INTEGER PRIMARY KEY AUTO_INCREMENT,
  Name varchar(128) NOT NULL ,
  VendorID INTEGER NOT NULL ,
  FOREIGN KEY (VendorID) REFERENCES Vendor(VendorID)
                  ON UPDATE CASCADE ON DELETE RESTRICT
);

CREATE TABLE Customer (
  CustomerID INTEGER PRIMARY KEY AUTO_INCREMENT,
  FirstName varchar(128) NOT NULL,
  LastName varchart(128) NOT NULL,
  Email varchar(128) NOT NULL,
  Phone varchar(128) NOT NULL
);


CREATE TABLE CustomerLocations (
  CustomerID INTEGER NOT NULL,
  Street varchar(128) NOT NULL,
  City varchar(128) NOT NULL,
  `State` varchar(128) NOT NULL,
  ZipCode varchar(128) NOT NULL,
  FOREIGN KEY (CustomerID) REFERENCES Customer(CustomerID)
                               ON UPDATE CASCADE ON DELETE RESTRICT
);

CREATE TABLE DeliveryPeople (
  DeliveryPersonID INTEGER PRIMARY KEY AUTO_INCREMENT,
  FirstName varchar(128) NOT NULL ,
  LastName varchar(128) NOT NULL ,
  Email varchar(128) NOT NULL
);

CREATE TABLE DeliveryTransportation (
  TransportationID INTEGER PRIMARY KEY AUTO_INCREMENT,
  Color varchar(128) NOT NULL ,
  RegistrationNumber INTEGER,
  Type varchar(128) NOT NULL ,
  DeliveryPersonID INTEGER NOT NULL,
  FOREIGN KEY (DeliveryPersonID) REFERENCES DeliveryPeople(DeliveryPersonID)
                                    ON UPDATE CASCADE ON DELETE RESTRICT
);

CREATE TABLE `Order` (
  OrderID INTEGER PRIMARY KEY AUTO_INCREMENT,
  TotalSale DECIMAL(10,2) NOT NULL ,
  VendorID INTEGER NOT NULL ,
  DeliveryDate DATETIME NOT NULL DEFAULT CURRENT_TIMESTAMP,
  CustomerID INTEGER NOT NULL ,
  DeliveryPersonID INTEGER NOT NULL ,
  FOREIGN KEY (DeliveryPersonID) REFERENCES DeliveryPeople(DeliveryPersonID)
                     ON UPDATE CASCADE ON DELETE RESTRICT,
  FOREIGN KEY (VendorID) REFERENCES Vendor(VendorID)
                     ON UPDATE CASCADE ON DELETE RESTRICT,
  FOREIGN KEY (CustomerID) REFERENCES Customer(CustomerID)
                     ON UPDATE CASCADE ON DELETE RESTRICT
);

CREATE TABLE OrderDetails (
  OrderID INTEGER NOT NULL ,
  OrderDetailsID INTEGER PRIMARY KEY AUTO_INCREMENT,
  OrderTotal DECIMAL(10,2) NOT NULL ,
  OrderTime DATETIME NOT NULL DEFAULT CURRENT_TIMESTAMP,
  FOREIGN KEY (OrderID) REFERENCES `Order`(OrderID)
                          ON UPDATE CASCADE ON DELETE RESTRICT
);

CREATE TABLE OrderStatus (
  OrderDetailsID INTEGER AUTO_INCREMENT,
  EstimatedDeliveryTime DATETIME NOT NULL,
  ActualDeliveryTime DATETIME,
  `Status` varchar(128) NOT NULL ,
  FOREIGN KEY (OrderDetailsID) REFERENCES OrderDetails(OrderDetailsID)
                         ON UPDATE CASCADE ON DELETE RESTRICT
);

CREATE TABLE MenuItems (
  `Name` varchar(128) PRIMARY KEY,
  Ingredients varchar(500) NOT NULL,
  Availability BOOLEAN NOT NULL,
  Price DECIMAL(10,2) NOT NULL,
  Description varchar(128) NOT NULL,
  AllergenInformation varchar(128) NOT NULL,
  MenuID INTEGER NOT NULL,
  OrderDetailsID INTEGER NOT NULL,
  FOREIGN KEY (MenuID) REFERENCES Menu(MenuID)
                       ON UPDATE CASCADE ON DELETE RESTRICT,
  FOREIGN KEY (OrderDetailsID) REFERENCES OrderDetails(OrderDetailsID)
                       ON UPDATE CASCADE ON DELETE RESTRICT
);


-- Add sample data. 

insert into HuskyEatzEmployee (EmployeeID, Role, FirstName, LastName) values (1, 'Research Associate', 'Constantin', 'Gason');
insert into HuskyEatzEmployee (EmployeeID, Role, FirstName, LastName) values (2, 'Software Test Engineer II', 'Gordon', 'Cootes');
insert into HuskyEatzEmployee (EmployeeID, Role, FirstName, LastName) values (3, 'Graphic Designer', 'Tiffany', 'Stratford');
insert into HuskyEatzEmployee (EmployeeID, Role, FirstName, LastName) values (4, 'Operator', 'Salli', 'Parkes');
insert into HuskyEatzEmployee (EmployeeID, Role, FirstName, LastName) values (5, 'Dental Hygienist', 'Debor', 'Dybald');
insert into HuskyEatzEmployee (EmployeeID, Role, FirstName, LastName) values (6, 'Help Desk Operator', 'Nelson', 'Horwell');
insert into HuskyEatzEmployee (EmployeeID, Role, FirstName, LastName) values (7, 'Nurse', 'Clair', 'Beasleigh');
insert into HuskyEatzEmployee (EmployeeID, Role, FirstName, LastName) values (8, 'Web Designer IV', 'Doe', 'Eagling');
insert into HuskyEatzEmployee (EmployeeID, Role, FirstName, LastName) values (9, 'Software Test Engineer IV', 'Janela', 'Dunphy');
insert into HuskyEatzEmployee (EmployeeID, Role, FirstName, LastName) values (10, 'Clinical Specialist', 'Eric', 'Luetkemeyer');
insert into HuskyEatzEmployee (EmployeeID, Role, FirstName, LastName) values (11, 'Product Engineer', 'Raeann', 'Clopton');
insert into HuskyEatzEmployee (EmployeeID, Role, FirstName, LastName) values (12, 'Database Administrator II', 'Lalo', 'Fenty');
insert into HuskyEatzEmployee (EmployeeID, Role, FirstName, LastName) values (13, 'Senior Sales Associate', 'Karon', 'Pedracci');
insert into HuskyEatzEmployee (EmployeeID, Role, FirstName, LastName) values (14, 'Automation Specialist III', 'Sabina', 'Duffitt');
insert into HuskyEatzEmployee (EmployeeID, Role, FirstName, LastName) values (15, 'VP Product Management', 'Gilda', 'Bonny');
insert into HuskyEatzEmployee (EmployeeID, Role, FirstName, LastName) values (16, 'Operator', 'Christye', 'Seyffert');
insert into HuskyEatzEmployee (EmployeeID, Role, FirstName, LastName) values (17, 'Director of Sales', 'Avictor', 'Kocher');
insert into HuskyEatzEmployee (EmployeeID, Role, FirstName, LastName) values (18, 'Civil Engineer', 'Nichols', 'Pachta');
insert into HuskyEatzEmployee (EmployeeID, Role, FirstName, LastName) values (19, 'VP Product Management', 'Karole', 'Aizkovitch');
insert into HuskyEatzEmployee (EmployeeID, Role, FirstName, LastName) values (20, 'Senior Sales Associate', 'Ag', 'Zanetto');
insert into HuskyEatzEmployee (EmployeeID, Role, FirstName, LastName) values (21, 'Food Chemist', 'Linus', 'de Mendoza');
insert into HuskyEatzEmployee (EmployeeID, Role, FirstName, LastName) values (22, 'Occupational Therapist', 'Masha', 'Lassen');
insert into HuskyEatzEmployee (EmployeeID, Role, FirstName, LastName) values (23, 'Operator', 'Rebecca', 'Skain');
insert into HuskyEatzEmployee (EmployeeID, Role, FirstName, LastName) values (24, 'Web Designer I', 'Neall', 'Bownes');
insert into HuskyEatzEmployee (EmployeeID, Role, FirstName, LastName) values (25, 'Safety Technician I', 'Monte', 'Sanbrooke');
insert into HuskyEatzEmployee (EmployeeID, Role, FirstName, LastName) values (26, 'Nurse', 'Darwin', 'Williamson');
insert into HuskyEatzEmployee (EmployeeID, Role, FirstName, LastName) values (27, 'Research Nurse', 'Malcolm', 'Gostridge');
insert into HuskyEatzEmployee (EmployeeID, Role, FirstName, LastName) values (28, 'Geologist IV', 'Wallace', 'Fairholme');
insert into HuskyEatzEmployee (EmployeeID, Role, FirstName, LastName) values (29, 'Recruiter', 'Tripp', 'Ferronier');
insert into HuskyEatzEmployee (EmployeeID, Role, FirstName, LastName) values (30, 'Analyst Programmer', 'Randolph', 'Stonhewer');


insert into Vendor (VendorID, VendorName, VendorType, CuisineType, phone, email, EmployeeID) values (1, 'Wolf Group', 'Dining Hall', 'Indian', '832-586-8986', 'njaniszewski0@amazonaws.com', '21');
insert into Vendor (VendorID, VendorName, VendorType, CuisineType, phone, email, EmployeeID) values (2, 'Nolan LLC', 'Restaurant', 'Mediterranean', '142-658-6066', 'gdanaher1@yelp.com', '3');
insert into Vendor (VendorID, VendorName, VendorType, CuisineType, phone, email, EmployeeID) values (3, 'Goodwin, Treutel and Oberbrunner', 'Restaurant', 'Swedish', '990-936-4331', 'jmellings2@4shared.com', '7');
insert into Vendor (VendorID, VendorName, VendorType, CuisineType, phone, email, EmployeeID) values (4, 'Parker-Gleichner', 'Dining Hall', 'Brazilian', '802-253-1914', 'aunger3@freewebs.com', '12');
insert into Vendor (VendorID, VendorName, VendorType, CuisineType, phone, email, EmployeeID) values (5, 'Altenwerth-Greenholt', 'Dining Hall', 'Korean', '247-590-9207', 'swicken4@time.com', '11');
insert into Vendor (VendorID, VendorName, VendorType, CuisineType, phone, email, EmployeeID) values (6, 'Tromp, Schuster and Weber', 'Restaurant', 'Chinese', '105-933-1443', 'mgazey5@friendfeed.com', '18');
insert into Vendor (VendorID, VendorName, VendorType, CuisineType, phone, email, EmployeeID) values (7, 'O''Keefe and Sons', 'Dining Hall', 'Jamaican', '834-301-7231', 'jharradence6@cafepress.com', '23');
insert into Vendor (VendorID, VendorName, VendorType, CuisineType, phone, email, EmployeeID) values (8, 'Volkman-Kris', 'Dining Hall', 'Peruvian', '129-629-1035', 'rthoresby7@zdnet.com', '6');
insert into Vendor (VendorID, VendorName, VendorType, CuisineType, phone, email, EmployeeID) values (9, 'Breitenberg-Lindgren', 'Dining Hall', 'Spanish', '388-841-6671', 'maloway8@sina.com.cn', '24');
insert into Vendor (VendorID, VendorName, VendorType, CuisineType, phone, email, EmployeeID) values (10, 'Bode, Kozey and Ward', 'Dining Hall', 'Korean', '147-334-3344', 'cbirckmann9@nsw.gov.au', '13');
insert into Vendor (VendorID, VendorName, VendorType, CuisineType, phone, email, EmployeeID) values (11, 'Gleason LLC', 'Restaurant', 'Russian', '142-168-9989', 'lwaita@wordpress.com', '26');
insert into Vendor (VendorID, VendorName, VendorType, CuisineType, phone, email, EmployeeID) values (12, 'Steuber-Schroeder', 'Restaurant', 'Caribbean', '945-111-5045', 'buffb@noaa.gov', '28');
insert into Vendor (VendorID, VendorName, VendorType, CuisineType, phone, email, EmployeeID) values (13, 'Huel-Torphy', 'Dining Hall', 'Italian', '630-570-0488', 'alippingwellc@slashdot.org', '1');
insert into Vendor (VendorID, VendorName, VendorType, CuisineType, phone, email, EmployeeID) values (14, 'Kertzmann Inc', 'Restaurant', 'Australian', '528-339-0641', 'ibeamandd@w3.org', '8');
insert into Vendor (VendorID, VendorName, VendorType, CuisineType, phone, email, EmployeeID) values (15, 'Yundt, Rolfson and Jones', 'Restaurant', 'Mexican', '275-827-5961', 'movitze@abc.net.au', '15');
insert into Vendor (VendorID, VendorName, VendorType, CuisineType, phone, email, EmployeeID) values (16, 'Huel-Mills', 'Restaurant', 'Vietnamese', '890-344-1748', 'ffoskenf@howstuffworks.com', '25');
insert into Vendor (VendorID, VendorName, VendorType, CuisineType, phone, email, EmployeeID) values (17, 'Baumbach, Hilpert and Blanda', 'Restaurant', 'Swedish', '187-650-0516', 'tmacdowalg@sun.com', '5');
insert into Vendor (VendorID, VendorName, VendorType, CuisineType, phone, email, EmployeeID) values (18, 'Grady, Shields and Schuster', 'Dining Hall', 'Australian', '488-385-2678', 'bloffillh@dagondesign.com', '4');
insert into Vendor (VendorID, VendorName, VendorType, CuisineType, phone, email, EmployeeID) values (19, 'Stroman Inc', 'Restaurant', 'Peruvian', '449-835-5237', 'fsummersbyi@gnu.org', '19');
insert into Vendor (VendorID, VendorName, VendorType, CuisineType, phone, email, EmployeeID) values (20, 'Ebert LLC', 'Dining Hall', 'Spanish', '779-466-0834', 'ghamej@forbes.com', '20');
insert into Vendor (VendorID, VendorName, VendorType, CuisineType, phone, email, EmployeeID) values (21, 'O''Kon, Rosenbaum and Goodwin', 'Restaurant', 'American', '802-190-3115', 'tsowterk@economist.com', '2');
insert into Vendor (VendorID, VendorName, VendorType, CuisineType, phone, email, EmployeeID) values (22, 'Nolan Group', 'Restaurant', 'Japanese', '110-117-9715', 'nmoxtedl@cnet.com', '16');
insert into Vendor (VendorID, VendorName, VendorType, CuisineType, phone, email, EmployeeID) values (23, 'Gutkowski LLC', 'Restaurant', 'Turkish', '179-654-7168', 'ababstm@free.fr', '29');
insert into Vendor (VendorID, VendorName, VendorType, CuisineType, phone, email, EmployeeID) values (24, 'O''Connell LLC', 'Dining Hall', 'Italian', '688-604-4452', 'drickertn@vimeo.com', '22');
insert into Vendor (VendorID, VendorName, VendorType, CuisineType, phone, email, EmployeeID) values (25, 'Bayer-Hayes', 'Dining Hall', 'Moroccan', '647-642-6750', 'pgreaterexo@is.gd', '30');
insert into Vendor (VendorID, VendorName, VendorType, CuisineType, phone, email, EmployeeID) values (26, 'Kris, Waters and Marks', 'Restaurant', 'Malaysian', '407-593-5049', 'hjeeksp@macromedia.com', '14');
insert into Vendor (VendorID, VendorName, VendorType, CuisineType, phone, email, EmployeeID) values (27, 'Okuneva, Halvorson and Johnson', 'Dining Hall', 'Italian', '573-108-5253', 'ahanburryq@thetimes.co.uk', '17');
insert into Vendor (VendorID, VendorName, VendorType, CuisineType, phone, email, EmployeeID) values (28, 'Dietrich-Hudson', 'Restaurant', 'Brazilian', '864-987-1101', 'cgummerr@facebook.com', '27');
insert into Vendor (VendorID, VendorName, VendorType, CuisineType, phone, email, EmployeeID) values (29, 'McGlynn Inc', 'Dining Hall', 'Peruvian', '183-133-1106', 'cpaulmanns@wp.com', '9');
insert into Vendor (VendorID, VendorName, VendorType, CuisineType, phone, email, EmployeeID) values (30, 'Reichel, Rohan and Upton', 'Restaurant', 'Russian', '704-622-2008', 'ipietrzakt@state.tx.us', '10');
insert into Vendor (VendorID, VendorName, VendorType, CuisineType, phone, email, EmployeeID) values (31, 'Abbott and Sons', 'Restaurant', 'Malaysian', '682-369-5151', 'doleku@ox.ac.uk', '28');
insert into Vendor (VendorID, VendorName, VendorType, CuisineType, phone, email, EmployeeID) values (32, 'Luettgen LLC', 'Dining Hall', 'Thai', '373-392-2173', 'idasentv@berkeley.edu', '12');
insert into Vendor (VendorID, VendorName, VendorType, CuisineType, phone, email, EmployeeID) values (33, 'Stehr-Wilderman', 'Restaurant', 'Malaysian', '179-626-3994', 'mlongmeadw@youku.com', '6');
insert into Vendor (VendorID, VendorName, VendorType, CuisineType, phone, email, EmployeeID) values (34, 'Dooley and Sons', 'Restaurant', 'Vietnamese', '141-135-9167', 'csharphurstx@google.co.uk', '24');
insert into Vendor (VendorID, VendorName, VendorType, CuisineType, phone, email, EmployeeID) values (35, 'Crona-Sanford', 'Restaurant', 'Indian', '784-582-9247', 'scumminey@g.co', '2');
insert into Vendor (VendorID, VendorName, VendorType, CuisineType, phone, email, EmployeeID) values (36, 'Sawayn, Ullrich and Romaguera', 'Dining Hall', 'Peruvian', '427-147-5270', 'pcrousez@booking.com', '21');
insert into Vendor (VendorID, VendorName, VendorType, CuisineType, phone, email, EmployeeID) values (37, 'Rogahn Inc', 'Dining Hall', 'Moroccan', '568-879-8795', 'ojossel10@nytimes.com', '7');
insert into Vendor (VendorID, VendorName, VendorType, CuisineType, phone, email, EmployeeID) values (38, 'Braun, Auer and McClure', 'Restaurant', 'Swedish', '754-426-6425', 'ccasterou11@exblog.jp', '29');
insert into Vendor (VendorID, VendorName, VendorType, CuisineType, phone, email, EmployeeID) values (39, 'Renner LLC', 'Restaurant', 'Indian', '846-331-9912', 'ichildren12@studiopress.com', '30');
insert into Vendor (VendorID, VendorName, VendorType, CuisineType, phone, email, EmployeeID) values (40, 'Blanda Inc', 'Restaurant', 'Korean', '609-825-6113', 'bburgyn13@howstuffworks.com', '23');
insert into Vendor (VendorID, VendorName, VendorType, CuisineType, phone, email, EmployeeID) values (41, 'Botsford-Blanda', 'Restaurant', 'Korean', '818-319-2647', 'cvellacott14@a8.net', '17');
insert into Vendor (VendorID, VendorName, VendorType, CuisineType, phone, email, EmployeeID) values (42, 'Kihn-West', 'Restaurant', 'Korean', '225-943-0590', 'cmuris15@rediff.com', '20');
insert into Vendor (VendorID, VendorName, VendorType, CuisineType, phone, email, EmployeeID) values (43, 'Monahan, Sawayn and Raynor', 'Restaurant', 'Mediterranean', '772-570-4829', 'cridges16@canalblog.com', '14');
insert into Vendor (VendorID, VendorName, VendorType, CuisineType, phone, email, EmployeeID) values (44, 'Greenholt LLC', 'Dining Hall', 'Italian', '614-635-5887', 'bjell17@amazon.de', '13');
insert into Vendor (VendorID, VendorName, VendorType, CuisineType, phone, email, EmployeeID) values (45, 'Zieme, Kirlin and Smith', 'Restaurant', 'Mediterranean', '574-312-6810', 'alongmuir18@npr.org', '3');
insert into Vendor (VendorID, VendorName, VendorType, CuisineType, phone, email, EmployeeID) values (46, 'Smith and Sons', 'Restaurant', 'Korean', '388-885-1123', 'meagell19@samsung.com', '16');
insert into Vendor (VendorID, VendorName, VendorType, CuisineType, phone, email, EmployeeID) values (47, 'Kiehn, Stark and O''Conner', 'Dining Hall', 'Russian', '541-562-3016', 'hgobel1a@nasa.gov', '25');
insert into Vendor (VendorID, VendorName, VendorType, CuisineType, phone, email, EmployeeID) values (48, 'Rutherford-Heaney', 'Restaurant', 'Swedish', '813-916-3281', 'ccabotto1b@arizona.edu', '19');
insert into Vendor (VendorID, VendorName, VendorType, CuisineType, phone, email, EmployeeID) values (49, 'Schuppe, Olson and Stiedemann', 'Restaurant', 'Malaysian', '740-909-9630', 'btunbridge1c@google.nl', '26');
insert into Vendor (VendorID, VendorName, VendorType, CuisineType, phone, email, EmployeeID) values (50, 'Sporer-Anderson', 'Dining Hall', 'Lebanese', '501-887-8140', 'mkaaskooper1d@github.com', '4');
insert into Vendor (VendorID, VendorName, VendorType, CuisineType, phone, email, EmployeeID) values (51, 'Goldner, Weimann and Hoppe', 'Restaurant', 'Mexican', '922-742-2224', 'sbulger1e@wordpress.com', '8');
insert into Vendor (VendorID, VendorName, VendorType, CuisineType, phone, email, EmployeeID) values (52, 'Hauck, Howe and Huel', 'Restaurant', 'Mexican', '392-608-7985', 'cdench1f@java.com', '11');
insert into Vendor (VendorID, VendorName, VendorType, CuisineType, phone, email, EmployeeID) values (53, 'Hagenes LLC', 'Restaurant', 'Greek', '315-187-0690', 'skroll1g@gizmodo.com', '22');
insert into Vendor (VendorID, VendorName, VendorType, CuisineType, phone, email, EmployeeID) values (54, 'Emard-O''Reilly', 'Dining Hall', 'Spanish', '909-428-4852', 'acranham1h@sciencedaily.com', '15');
insert into Vendor (VendorID, VendorName, VendorType, CuisineType, phone, email, EmployeeID) values (55, 'Kiehn and Sons', 'Dining Hall', 'Swedish', '909-517-3528', 'ttoleman1i@1688.com', '1');
insert into Vendor (VendorID, VendorName, VendorType, CuisineType, phone, email, EmployeeID) values (56, 'Rath-Treutel', 'Dining Hall', 'Thai', '704-282-0521', 'aelizabeth1j@ycombinator.com', '5');
insert into Vendor (VendorID, VendorName, VendorType, CuisineType, phone, email, EmployeeID) values (57, 'Rempel, Parisian and Rogahn', 'Restaurant', 'Thai', '421-193-5853', 'nrowlatt1k@merriam-webster.com', '10');
insert into Vendor (VendorID, VendorName, VendorType, CuisineType, phone, email, EmployeeID) values (58, 'Kreiger Inc', 'Dining Hall', 'Vietnamese', '904-584-8745', 'abrundle1l@bravesites.com', '9');
insert into Vendor (VendorID, VendorName, VendorType, CuisineType, phone, email, EmployeeID) values (59, 'Orn LLC', 'Dining Hall', 'Mexican', '977-432-7177', 'gtimny1m@home.pl', '18');
insert into Vendor (VendorID, VendorName, VendorType, CuisineType, phone, email, EmployeeID) values (60, 'Hane and Sons', 'Restaurant', 'Mediterranean', '869-360-8002', 'cbrewin1n@infoseek.co.jp', '27');
insert into Vendor (VendorID, VendorName, VendorType, CuisineType, phone, email, EmployeeID) values (61, 'Treutel-Mayer', 'Restaurant', 'Moroccan', '458-793-0690', 'asheepy1o@ftc.gov', '11');
insert into Vendor (VendorID, VendorName, VendorType, CuisineType, phone, email, EmployeeID) values (62, 'Barrows LLC', 'Dining Hall', 'Lebanese', '511-268-7326', 'mbenkin1p@mac.com', '21');
insert into Vendor (VendorID, VendorName, VendorType, CuisineType, phone, email, EmployeeID) values (63, 'Corkery, Block and Funk', 'Restaurant', 'Australian', '827-791-4858', 'awadge1q@dion.ne.jp', '28');
insert into Vendor (VendorID, VendorName, VendorType, CuisineType, phone, email, EmployeeID) values (64, 'Olson, Connelly and Jacobs', 'Restaurant', 'Greek', '199-682-3606', 'rphizackarley1r@skype.com', '9');
insert into Vendor (VendorID, VendorName, VendorType, CuisineType, phone, email, EmployeeID) values (65, 'Hirthe, Barrows and Schaefer', 'Restaurant', 'Korean', '373-637-5485', 'iradenhurst1s@sbwire.com', '27');
insert into Vendor (VendorID, VendorName, VendorType, CuisineType, phone, email, EmployeeID) values (66, 'Beier-Funk', 'Restaurant', 'Vietnamese', '457-780-5959', 'clatus1t@google.pl', '5');
insert into Vendor (VendorID, VendorName, VendorType, CuisineType, phone, email, EmployeeID) values (67, 'Olson LLC', 'Restaurant', 'Spanish', '909-769-4912', 'gconeley1u@google.nl', '23');
insert into Vendor (VendorID, VendorName, VendorType, CuisineType, phone, email, EmployeeID) values (68, 'Osinski, Williamson and Koss', 'Dining Hall', 'Thai', '706-806-5843', 'mmacrory1v@independent.co.uk', '7');
insert into Vendor (VendorID, VendorName, VendorType, CuisineType, phone, email, EmployeeID) values (69, 'Crooks LLC', 'Restaurant', 'Brazilian', '874-197-8823', 'dstopper1w@globo.com', '20');
insert into Vendor (VendorID, VendorName, VendorType, CuisineType, phone, email, EmployeeID) values (70, 'Casper, Emard and Funk', 'Dining Hall', 'French', '104-523-2389', 'jsarge1x@hugedomains.com', '16');

insert into VendorLocations (VendorID, City, State, ZipCode, Street) values ('33', 'Wilmington', 'North Carolina', '28410', '998 Lunder Way');
insert into VendorLocations (VendorID, City, State, ZipCode, Street) values ('68', 'Boulder', 'Colorado', '80310', '64367 Carberry Circle');
insert into VendorLocations (VendorID, City, State, ZipCode, Street) values ('9', 'Palatine', 'Illinois', '60078', '50791 Loeprich Plaza');
insert into VendorLocations (VendorID, City, State, ZipCode, Street) values ('69', 'Mobile', 'Alabama', '36616', '7212 Fulton Road');
insert into VendorLocations (VendorID, City, State, ZipCode, Street) values ('67', 'New York City', 'New York', '10249', '974 Michigan Center');
insert into VendorLocations (VendorID, City, State, ZipCode, Street) values ('50', 'Louisville', 'Kentucky', '40298', '9578 Valley Edge Street');
insert into VendorLocations (VendorID, City, State, ZipCode, Street) values ('4', 'Cleveland', 'Ohio', '44177', '822 Hovde Plaza');
insert into VendorLocations (VendorID, City, State, ZipCode, Street) values ('15', 'Lexington', 'Kentucky', '40576', '8 Farwell Drive');
insert into VendorLocations (VendorID, City, State, ZipCode, Street) values ('36', 'Long Beach', 'California', '90840', '66420 Texas Street');
insert into VendorLocations (VendorID, City, State, ZipCode, Street) values ('17', 'Fort Myers', 'Florida', '33913', '1 Derek Place');
insert into VendorLocations (VendorID, City, State, ZipCode, Street) values ('2', 'Corpus Christi', 'Texas', '78465', '11 Dryden Avenue');
insert into VendorLocations (VendorID, City, State, ZipCode, Street) values ('52', 'Charleston', 'South Carolina', '29411', '281 Vidon Circle');
insert into VendorLocations (VendorID, City, State, ZipCode, Street) values ('24', 'Oklahoma City', 'Oklahoma', '73135', '94 Hauk Park');
insert into VendorLocations (VendorID, City, State, ZipCode, Street) values ('53', 'Cleveland', 'Ohio', '44177', '4 Colorado Court');
insert into VendorLocations (VendorID, City, State, ZipCode, Street) values ('60', 'Long Beach', 'California', '90810', '86 5th Hill');
insert into VendorLocations (VendorID, City, State, ZipCode, Street) values ('11', 'Montgomery', 'Alabama', '36119', '12074 La Follette Trail');
insert into VendorLocations (VendorID, City, State, ZipCode, Street) values ('48', 'Anchorage', 'Alaska', '99507', '3 Shasta Junction');
insert into VendorLocations (VendorID, City, State, ZipCode, Street) values ('44', 'El Paso', 'Texas', '79934', '87095 Kensington Parkway');
insert into VendorLocations (VendorID, City, State, ZipCode, Street) values ('56', 'Wichita', 'Kansas', '67205', '579 Kropf Street');
insert into VendorLocations (VendorID, City, State, ZipCode, Street) values ('5', 'Charleston', 'South Carolina', '29416', '71547 Cody Park');
insert into VendorLocations (VendorID, City, State, ZipCode, Street) values ('7', 'Columbia', 'South Carolina', '29220', '179 Moulton Center');
insert into VendorLocations (VendorID, City, State, ZipCode, Street) values ('21', 'Richmond', 'Virginia', '23208', '6 Norway Maple Crossing');
insert into VendorLocations (VendorID, City, State, ZipCode, Street) values ('25', 'Saint Louis', 'Missouri', '63110', '67886 Loftsgordon Lane');
insert into VendorLocations (VendorID, City, State, ZipCode, Street) values ('27', 'Fort Lauderdale', 'Florida', '33315', '810 Corscot Trail');
insert into VendorLocations (VendorID, City, State, ZipCode, Street) values ('14', 'Toledo', 'Ohio', '43656', '186 Dawn Drive');
insert into VendorLocations (VendorID, City, State, ZipCode, Street) values ('66', 'Saint Petersburg', 'Florida', '33737', '5267 Sheridan Alley');
insert into VendorLocations (VendorID, City, State, ZipCode, Street) values ('58', 'Charlottesville', 'Virginia', '22908', '0 Vermont Point');
insert into VendorLocations (VendorID, City, State, ZipCode, Street) values ('55', 'Providence', 'Rhode Island', '02905', '32341 Karstens Circle');
insert into VendorLocations (VendorID, City, State, ZipCode, Street) values ('46', 'Bradenton', 'Florida', '34210', '08221 Tennessee Hill');
insert into VendorLocations (VendorID, City, State, ZipCode, Street) values ('63', 'Birmingham', 'Alabama', '35231', '5 Oriole Place');
insert into VendorLocations (VendorID, City, State, ZipCode, Street) values ('22', 'Jamaica', 'New York', '11436', '871 Kenwood Drive');
insert into VendorLocations (VendorID, City, State, ZipCode, Street) values ('45', 'Kansas City', 'Missouri', '64153', '17936 Petterle Avenue');
insert into VendorLocations (VendorID, City, State, ZipCode, Street) values ('26', 'Roanoke', 'Virginia', '24029', '4022 North Road');
insert into VendorLocations (VendorID, City, State, ZipCode, Street) values ('70', 'Riverside', 'California', '92505', '571 Declaration Center');
insert into VendorLocations (VendorID, City, State, ZipCode, Street) values ('62', 'Tucson', 'Arizona', '85737', '1 Dunning Avenue');
insert into VendorLocations (VendorID, City, State, ZipCode, Street) values ('40', 'Madison', 'Wisconsin', '53716', '33040 Talmadge Center');
insert into VendorLocations (VendorID, City, State, ZipCode, Street) values ('43', 'El Paso', 'Texas', '79994', '99842 Declaration Lane');
insert into VendorLocations (VendorID, City, State, ZipCode, Street) values ('8', 'Amarillo', 'Texas', '79159', '6 Esker Crossing');
insert into VendorLocations (VendorID, City, State, ZipCode, Street) values ('3', 'Wichita Falls', 'Texas', '76305', '26106 Fordem Avenue');
insert into VendorLocations (VendorID, City, State, ZipCode, Street) values ('32', 'Houston', 'Texas', '77240', '4 Johnson Center');
insert into VendorLocations (VendorID, City, State, ZipCode, Street) values ('38', 'Dallas', 'Texas', '75210', '182 Toban Way');
insert into VendorLocations (VendorID, City, State, ZipCode, Street) values ('65', 'Kansas City', 'Missouri', '64149', '333 Emmet Junction');
insert into VendorLocations (VendorID, City, State, ZipCode, Street) values ('59', 'Denver', 'Colorado', '80243', '68461 Dovetail Pass');
insert into VendorLocations (VendorID, City, State, ZipCode, Street) values ('16', 'Fullerton', 'California', '92640', '56906 Prairie Rose Junction');
insert into VendorLocations (VendorID, City, State, ZipCode, Street) values ('30', 'Arlington', 'Texas', '76004', '321 Hudson Lane');
insert into VendorLocations (VendorID, City, State, ZipCode, Street) values ('35', 'Columbus', 'Ohio', '43210', '359 Everett Court');
insert into VendorLocations (VendorID, City, State, ZipCode, Street) values ('39', 'Johnson City', 'Tennessee', '37605', '618 Oneill Alley');
insert into VendorLocations (VendorID, City, State, ZipCode, Street) values ('31', 'Indianapolis', 'Indiana', '46278', '70700 Dixon Alley');
insert into VendorLocations (VendorID, City, State, ZipCode, Street) values ('28', 'Torrance', 'California', '90510', '179 Clarendon Street');
insert into VendorLocations (VendorID, City, State, ZipCode, Street) values ('10', 'Sacramento', 'California', '95865', '2295 Dayton Circle');
insert into VendorLocations (VendorID, City, State, ZipCode, Street) values ('47', 'Madison', 'Wisconsin', '53779', '06 Westridge Avenue');
insert into VendorLocations (VendorID, City, State, ZipCode, Street) values ('41', 'Cape Coral', 'Florida', '33915', '8547 Commercial Pass');
insert into VendorLocations (VendorID, City, State, ZipCode, Street) values ('23', 'El Paso', 'Texas', '79977', '72035 Ruskin Way');
insert into VendorLocations (VendorID, City, State, ZipCode, Street) values ('61', 'Dayton', 'Ohio', '45470', '3529 Forster Terrace');
insert into VendorLocations (VendorID, City, State, ZipCode, Street) values ('18', 'Fresno', 'California', '93762', '75571 Mayfield Circle');
insert into VendorLocations (VendorID, City, State, ZipCode, Street) values ('57', 'Tacoma', 'Washington', '98442', '7993 Portage Point');
insert into VendorLocations (VendorID, City, State, ZipCode, Street) values ('12', 'Tucson', 'Arizona', '85725', '54 Myrtle Hill');
insert into VendorLocations (VendorID, City, State, ZipCode, Street) values ('64', 'Tuscaloosa', 'Alabama', '35487', '45 Northwestern Circle');
insert into VendorLocations (VendorID, City, State, ZipCode, Street) values ('13', 'Pueblo', 'Colorado', '81015', '42672 Northland Trail');
insert into VendorLocations (VendorID, City, State, ZipCode, Street) values ('49', 'San Antonio', 'Texas', '78255', '68 Lyons Pass');
insert into VendorLocations (VendorID, City, State, ZipCode, Street) values ('6', 'Toledo', 'Ohio', '43615', '6863 Texas Way');
insert into VendorLocations (VendorID, City, State, ZipCode, Street) values ('1', 'Austin', 'Texas', '78749', '509 West Road');
insert into VendorLocations (VendorID, City, State, ZipCode, Street) values ('54', 'Oklahoma City', 'Oklahoma', '73179', '2519 Chinook Street');
insert into VendorLocations (VendorID, City, State, ZipCode, Street) values ('51', 'Wilmington', 'North Carolina', '28410', '25 Bunting Drive');
insert into VendorLocations (VendorID, City, State, ZipCode, Street) values ('42', 'Paterson', 'New Jersey', '07544', '6 Duke Lane');
insert into VendorLocations (VendorID, City, State, ZipCode, Street) values ('37', 'El Paso', 'Texas', '79934', '196 Dawn Drive');
insert into VendorLocations (VendorID, City, State, ZipCode, Street) values ('29', 'Wichita Falls', 'Texas', '76305', '537 Bluestem Road');
insert into VendorLocations (VendorID, City, State, ZipCode, Street) values ('34', 'El Paso', 'Texas', '88563', '59 Morningstar Drive');
insert into VendorLocations (VendorID, City, State, ZipCode, Street) values ('19', 'Washington', 'District of Columbia', '20231', '6 Union Court');
insert into VendorLocations (VendorID, City, State, ZipCode, Street) values ('20', 'Jamaica', 'New York', '11480', '7 Debs Street');
insert into VendorLocations (VendorID, City, State, ZipCode, Street) values ('58', 'Fresno', 'California', '93704', '46425 Northridge Road');
insert into VendorLocations (VendorID, City, State, ZipCode, Street) values ('46', 'Brooklyn', 'New York', '11247', '7226 Schiller Lane');
insert into VendorLocations (VendorID, City, State, ZipCode, Street) values ('66', 'Nashville', 'Tennessee', '37235', '24875 Golden Leaf Hill');
insert into VendorLocations (VendorID, City, State, ZipCode, Street) values ('25', 'Trenton', 'New Jersey', '08619', '4230 Norway Maple Plaza');
insert into VendorLocations (VendorID, City, State, ZipCode, Street) values ('55', 'Indianapolis', 'Indiana', '46254', '0474 Tony Avenue');
insert into VendorLocations (VendorID, City, State, ZipCode, Street) values ('35', 'Macon', 'Georgia', '31210', '083 Brentwood Way');
insert into VendorLocations (VendorID, City, State, ZipCode, Street) values ('45', 'Pensacola', 'Florida', '32575', '49230 Scofield Lane');
insert into VendorLocations (VendorID, City, State, ZipCode, Street) values ('23', 'West Hartford', 'Connecticut', '06127', '591 Helena Court');
insert into VendorLocations (VendorID, City, State, ZipCode, Street) values ('34', 'Colorado Springs', 'Colorado', '80945', '22016 Coleman Terrace');
insert into VendorLocations (VendorID, City, State, ZipCode, Street) values ('16', 'Lubbock', 'Texas', '79491', '032 Clarendon Park');
insert into VendorLocations (VendorID, City, State, ZipCode, Street) values ('1', 'Tuscaloosa', 'Alabama', '35487', '5 Morningstar Place');
insert into VendorLocations (VendorID, City, State, ZipCode, Street) values ('27', 'San Antonio', 'Texas', '78250', '313 Cottonwood Lane');
insert into VendorLocations (VendorID, City, State, ZipCode, Street) values ('54', 'Erie', 'Pennsylvania', '16565', '9 Hoard Crossing');
insert into VendorLocations (VendorID, City, State, ZipCode, Street) values ('3', 'East Saint Louis', 'Illinois', '62205', '70 Pearson Lane');
insert into VendorLocations (VendorID, City, State, ZipCode, Street) values ('38', 'Rochester', 'New York', '14624', '9 Boyd Lane');
insert into VendorLocations (VendorID, City, State, ZipCode, Street) values ('11', 'Honolulu', 'Hawaii', '96820', '17463 Loftsgordon Center');
insert into VendorLocations (VendorID, City, State, ZipCode, Street) values ('44', 'Pittsburgh', 'Pennsylvania', '15210', '4949 Stone Corner Point');
insert into VendorLocations (VendorID, City, State, ZipCode, Street) values ('6', 'Oakland', 'California', '94616', '74639 Moland Lane');
insert into VendorLocations (VendorID, City, State, ZipCode, Street) values ('5', 'Iowa City', 'Iowa', '52245', '9299 Washington Circle');
insert into VendorLocations (VendorID, City, State, ZipCode, Street) values ('70', 'Port Charlotte', 'Florida', '33954', '3963 Hovde Hill');
insert into VendorLocations (VendorID, City, State, ZipCode, Street) values ('50', 'Charlotte', 'North Carolina', '28289', '0 Aberg Alley');
insert into VendorLocations (VendorID, City, State, ZipCode, Street) values ('68', 'Young America', 'Minnesota', '55557', '318 Bowman Place');
insert into VendorLocations (VendorID, City, State, ZipCode, Street) values ('32', 'San Diego', 'California', '92170', '64724 Northfield Center');
insert into VendorLocations (VendorID, City, State, ZipCode, Street) values ('52', 'Philadelphia', 'Pennsylvania', '19131', '1731 Blaine Lane');
insert into VendorLocations (VendorID, City, State, ZipCode, Street) values ('67', 'Huntsville', 'Alabama', '35815', '3 Linden Hill');
insert into VendorLocations (VendorID, City, State, ZipCode, Street) values ('42', 'Houston', 'Texas', '77085', '4987 Eastwood Avenue');
insert into VendorLocations (VendorID, City, State, ZipCode, Street) values ('22', 'Salt Lake City', 'Utah', '84110', '8 Scott Parkway');
insert into VendorLocations (VendorID, City, State, ZipCode, Street) values ('56', 'New York City', 'New York', '10131', '23 Helena Park');
insert into VendorLocations (VendorID, City, State, ZipCode, Street) values ('49', 'Columbus', 'Mississippi', '39705', '43005 Logan Street');
insert into VendorLocations (VendorID, City, State, ZipCode, Street) values ('53', 'Honolulu', 'Hawaii', '96815', '79 Ronald Regan Lane');
insert into VendorLocations (VendorID, City, State, ZipCode, Street) values ('10', 'Minneapolis', 'Minnesota', '55470', '4782 Dixon Terrace');
insert into VendorLocations (VendorID, City, State, ZipCode, Street) values ('60', 'Corpus Christi', 'Texas', '78405', '491 Meadow Valley Circle');
insert into VendorLocations (VendorID, City, State, ZipCode, Street) values ('8', 'Huntsville', 'Alabama', '35815', '54598 Emmet Court');
insert into VendorLocations (VendorID, City, State, ZipCode, Street) values ('63', 'Seattle', 'Washington', '98185', '8 Nobel Place');
insert into VendorLocations (VendorID, City, State, ZipCode, Street) values ('64', 'Harrisburg', 'Pennsylvania', '17126', '69519 Mendota Terrace');
insert into VendorLocations (VendorID, City, State, ZipCode, Street) values ('13', 'Salt Lake City', 'Utah', '84130', '2710 Mcbride Street');
insert into VendorLocations (VendorID, City, State, ZipCode, Street) values ('7', 'Portland', 'Oregon', '97206', '4 Delladonna Street');
insert into VendorLocations (VendorID, City, State, ZipCode, Street) values ('30', 'San Rafael', 'California', '94913', '5462 Blaine Road');
insert into VendorLocations (VendorID, City, State, ZipCode, Street) values ('51', 'Sarasota', 'Florida', '34233', '693 Hovde Alley');
insert into VendorLocations (VendorID, City, State, ZipCode, Street) values ('24', 'Washington', 'District of Columbia', '20540', '71988 Fremont Pass');
insert into VendorLocations (VendorID, City, State, ZipCode, Street) values ('65', 'Los Angeles', 'California', '90015', '77008 Meadow Valley Court');
insert into VendorLocations (VendorID, City, State, ZipCode, Street) values ('59', 'Huntington', 'West Virginia', '25726', '5 Monterey Lane');
insert into VendorLocations (VendorID, City, State, ZipCode, Street) values ('15', 'New York City', 'New York', '10034', '40569 Center Plaza');
insert into VendorLocations (VendorID, City, State, ZipCode, Street) values ('19', 'Richmond', 'Virginia', '23225', '122 Farwell Point');
insert into VendorLocations (VendorID, City, State, ZipCode, Street) values ('21', 'El Paso', 'Texas', '79989', '169 Johnson Lane');
insert into VendorLocations (VendorID, City, State, ZipCode, Street) values ('48', 'Augusta', 'Georgia', '30905', '7931 Toban Trail');
insert into VendorLocations (VendorID, City, State, ZipCode, Street) values ('14', 'Sandy', 'Utah', '84093', '01187 Grim Park');
insert into VendorLocations (VendorID, City, State, ZipCode, Street) values ('43', 'Louisville', 'Kentucky', '40233', '4 Southridge Circle');
insert into VendorLocations (VendorID, City, State, ZipCode, Street) values ('47', 'Sacramento', 'California', '95813', '72667 Rowland Drive');
insert into VendorLocations (VendorID, City, State, ZipCode, Street) values ('4', 'Charleston', 'West Virginia', '25331', '3 Comanche Center');
insert into VendorLocations (VendorID, City, State, ZipCode, Street) values ('29', 'Columbus', 'Ohio', '43268', '1 Park Meadow Center');
insert into VendorLocations (VendorID, City, State, ZipCode, Street) values ('61', 'Houston', 'Texas', '77218', '06 Florence Pass');
insert into VendorLocations (VendorID, City, State, ZipCode, Street) values ('26', 'Phoenix', 'Arizona', '85053', '26820 Derek Crossing');
insert into VendorLocations (VendorID, City, State, ZipCode, Street) values ('12', 'Des Moines', 'Iowa', '50310', '551 Norway Maple Way');
insert into VendorLocations (VendorID, City, State, ZipCode, Street) values ('37', 'Rochester', 'Minnesota', '55905', '3 Thompson Parkway');
insert into VendorLocations (VendorID, City, State, ZipCode, Street) values ('57', 'Omaha', 'Nebraska', '68197', '79309 Rieder Plaza');
insert into VendorLocations (VendorID, City, State, ZipCode, Street) values ('17', 'Akron', 'Ohio', '44393', '42980 Lillian Way');
insert into VendorLocations (VendorID, City, State, ZipCode, Street) values ('33', 'Memphis', 'Tennessee', '38131', '385 Farwell Street');
insert into VendorLocations (VendorID, City, State, ZipCode, Street) values ('9', 'Tacoma', 'Washington', '98417', '0902 Ilene Road');
insert into VendorLocations (VendorID, City, State, ZipCode, Street) values ('39', 'Irving', 'Texas', '75062', '657 Gale Trail');
insert into VendorLocations (VendorID, City, State, ZipCode, Street) values ('69', 'Gastonia', 'North Carolina', '28055', '4476 Weeping Birch Junction');
insert into VendorLocations (VendorID, City, State, ZipCode, Street) values ('36', 'Punta Gorda', 'Florida', '33982', '8 Loomis Park');
insert into VendorLocations (VendorID, City, State, ZipCode, Street) values ('62', 'Wichita', 'Kansas', '67260', '6387 Schlimgen Court');
insert into VendorLocations (VendorID, City, State, ZipCode, Street) values ('28', 'Sacramento', 'California', '94250', '111 Katie Pass');
insert into VendorLocations (VendorID, City, State, ZipCode, Street) values ('2', 'Columbia', 'Missouri', '65218', '56965 Amoth Place');
insert into VendorLocations (VendorID, City, State, ZipCode, Street) values ('20', 'New York City', 'New York', '10155', '870 Havey Way');
insert into VendorLocations (VendorID, City, State, ZipCode, Street) values ('31', 'Tucson', 'Arizona', '85732', '9 Thompson Court');
insert into VendorLocations (VendorID, City, State, ZipCode, Street) values ('41', 'Scranton', 'Pennsylvania', '18514', '549 Reinke Trail');
insert into VendorLocations (VendorID, City, State, ZipCode, Street) values ('18', 'South Bend', 'Indiana', '46634', '9 Scoville Drive');
insert into VendorLocations (VendorID, City, State, ZipCode, Street) values ('40', 'Cincinnati', 'Ohio', '45223', '36 Warrior Alley');
insert into VendorLocations (VendorID, City, State, ZipCode, Street) values ('57', 'Tulsa', 'Oklahoma', '74108', '608 Carpenter Trail');
insert into VendorLocations (VendorID, City, State, ZipCode, Street) values ('13', 'Amarillo', 'Texas', '79171', '21958 Rutledge Place');
insert into VendorLocations (VendorID, City, State, ZipCode, Street) values ('29', 'White Plains', 'New York', '10633', '8 Northport Trail');
insert into VendorLocations (VendorID, City, State, ZipCode, Street) values ('55', 'Indianapolis', 'Indiana', '46239', '269 Clarendon Park');
insert into VendorLocations (VendorID, City, State, ZipCode, Street) values ('64', 'Sacramento', 'California', '95818', '20 American Ash Pass');
insert into VendorLocations (VendorID, City, State, ZipCode, Street) values ('15', 'Fort Wayne', 'Indiana', '46852', '686 Ilene Drive');
insert into VendorLocations (VendorID, City, State, ZipCode, Street) values ('10', 'Fort Worth', 'Texas', '76192', '66169 Michigan Terrace');
insert into VendorLocations (VendorID, City, State, ZipCode, Street) values ('60', 'Lafayette', 'Louisiana', '70505', '185 Atwood Junction');
insert into VendorLocations (VendorID, City, State, ZipCode, Street) values ('56', 'Dallas', 'Texas', '75367', '1675 Rusk Drive');
insert into VendorLocations (VendorID, City, State, ZipCode, Street) values ('19', 'Newton', 'Massachusetts', '02458', '871 Eggendart Terrace');
insert into VendorLocations (VendorID, City, State, ZipCode, Street) values ('18', 'Abilene', 'Texas', '79699', '2 Westport Center');
insert into VendorLocations (VendorID, City, State, ZipCode, Street) values ('33', 'Saint Louis', 'Missouri', '63196', '727 Loomis Hill');
insert into VendorLocations (VendorID, City, State, ZipCode, Street) values ('35', 'Jackson', 'Mississippi', '39296', '96286 Blue Bill Park Court');
insert into VendorLocations (VendorID, City, State, ZipCode, Street) values ('66', 'Salt Lake City', 'Utah', '84170', '817 Stephen Junction');
insert into VendorLocations (VendorID, City, State, ZipCode, Street) values ('20', 'New Orleans', 'Louisiana', '70165', '40114 Glacier Hill Court');
insert into VendorLocations (VendorID, City, State, ZipCode, Street) values ('1', 'Detroit', 'Michigan', '48258', '2 Mccormick Place');
insert into VendorLocations (VendorID, City, State, ZipCode, Street) values ('40', 'Panama City', 'Florida', '32412', '725 Milwaukee Street');
insert into VendorLocations (VendorID, City, State, ZipCode, Street) values ('32', 'Pasadena', 'California', '91131', '7 Annamark Junction');
insert into VendorLocations (VendorID, City, State, ZipCode, Street) values ('9', 'Los Angeles', 'California', '90087', '64945 Lyons Pass');
insert into VendorLocations (VendorID, City, State, ZipCode, Street) values ('25', 'Dayton', 'Ohio', '45454', '984 Express Circle');
insert into VendorLocations (VendorID, City, State, ZipCode, Street) values ('28', 'New York City', 'New York', '10014', '720 Aberg Drive');
insert into VendorLocations (VendorID, City, State, ZipCode, Street) values ('68', 'El Paso', 'Texas', '88525', '91714 Barnett Plaza');
insert into VendorLocations (VendorID, City, State, ZipCode, Street) values ('21', 'Charleston', 'West Virginia', '25389', '586 Pine View Place');
insert into VendorLocations (VendorID, City, State, ZipCode, Street) values ('24', 'Tampa', 'Florida', '33673', '3 Summit Terrace');
insert into VendorLocations (VendorID, City, State, ZipCode, Street) values ('12', 'Omaha', 'Nebraska', '68117', '82 Hauk Junction');
insert into VendorLocations (VendorID, City, State, ZipCode, Street) values ('6', 'Louisville', 'Kentucky', '40287', '0837 Troy Plaza');
insert into VendorLocations (VendorID, City, State, ZipCode, Street) values ('51', 'Valdosta', 'Georgia', '31605', '5658 American Ash Point');
insert into VendorLocations (VendorID, City, State, ZipCode, Street) values ('30', 'Prescott', 'Arizona', '86305', '07 Sugar Plaza');
insert into VendorLocations (VendorID, City, State, ZipCode, Street) values ('2', 'Colorado Springs', 'Colorado', '80951', '11827 Eliot Court');
insert into VendorLocations (VendorID, City, State, ZipCode, Street) values ('61', 'Colorado Springs', 'Colorado', '80915', '1080 Sugar Avenue');
insert into VendorLocations (VendorID, City, State, ZipCode, Street) values ('23', 'Washington', 'District of Columbia', '20430', '19115 Tennessee Alley');
insert into VendorLocations (VendorID, City, State, ZipCode, Street) values ('4', 'Lubbock', 'Texas', '79405', '03071 Bultman Lane');
insert into VendorLocations (VendorID, City, State, ZipCode, Street) values ('22', 'Manassas', 'Virginia', '22111', '65769 Quincy Center');
insert into VendorLocations (VendorID, City, State, ZipCode, Street) values ('39', 'Birmingham', 'Alabama', '35220', '4 Harper Circle');
insert into VendorLocations (VendorID, City, State, ZipCode, Street) values ('27', 'Omaha', 'Nebraska', '68134', '19157 Derek Trail');
insert into VendorLocations (VendorID, City, State, ZipCode, Street) values ('38', 'Des Moines', 'Iowa', '50315', '32 Monica Plaza');
insert into VendorLocations (VendorID, City, State, ZipCode, Street) values ('43', 'Kansas City', 'Missouri', '64130', '05078 Schiller Park');
insert into VendorLocations (VendorID, City, State, ZipCode, Street) values ('42', 'Akron', 'Ohio', '44329', '9531 Bartelt Junction');
insert into VendorLocations (VendorID, City, State, ZipCode, Street) values ('67', 'Danbury', 'Connecticut', '06816', '55027 Blaine Parkway');
insert into VendorLocations (VendorID, City, State, ZipCode, Street) values ('53', 'Inglewood', 'California', '90398', '7 Crest Line Court');
insert into VendorLocations (VendorID, City, State, ZipCode, Street) values ('63', 'Tampa', 'Florida', '33680', '8265 Milwaukee Circle');
insert into VendorLocations (VendorID, City, State, ZipCode, Street) values ('46', 'Dallas', 'Texas', '75260', '8 Center Road');
insert into VendorLocations (VendorID, City, State, ZipCode, Street) values ('47', 'Baltimore', 'Maryland', '21275', '1 Mayer Point');
insert into VendorLocations (VendorID, City, State, ZipCode, Street) values ('49', 'Evansville', 'Indiana', '47712', '0 Saint Paul Crossing');
insert into VendorLocations (VendorID, City, State, ZipCode, Street) values ('37', 'Vero Beach', 'Florida', '32969', '53475 Memorial Place');
insert into VendorLocations (VendorID, City, State, ZipCode, Street) values ('44', 'Tucson', 'Arizona', '85754', '7 Eggendart Junction');
insert into VendorLocations (VendorID, City, State, ZipCode, Street) values ('45', 'Salt Lake City', 'Utah', '84152', '957 Ronald Regan Crossing');
insert into VendorLocations (VendorID, City, State, ZipCode, Street) values ('8', 'Baltimore', 'Maryland', '21265', '30045 Cardinal Hill');
insert into VendorLocations (VendorID, City, State, ZipCode, Street) values ('62', 'Fayetteville', 'North Carolina', '28305', '2659 Crescent Oaks Crossing');
insert into VendorLocations (VendorID, City, State, ZipCode, Street) values ('31', 'New York City', 'New York', '10105', '8 Duke Plaza');
insert into VendorLocations (VendorID, City, State, ZipCode, Street) values ('54', 'Sacramento', 'California', '95838', '4 Helena Place');
insert into VendorLocations (VendorID, City, State, ZipCode, Street) values ('7', 'Wichita', 'Kansas', '67230', '497 Del Sol Drive');
insert into VendorLocations (VendorID, City, State, ZipCode, Street) values ('58', 'Washington', 'District of Columbia', '20599', '04 Myrtle Avenue');
insert into VendorLocations (VendorID, City, State, ZipCode, Street) values ('3', 'San Jose', 'California', '95150', '95595 Claremont Place');
insert into VendorLocations (VendorID, City, State, ZipCode, Street) values ('41', 'Fort Worth', 'Texas', '76121', '67905 7th Way');
insert into VendorLocations (VendorID, City, State, ZipCode, Street) values ('16', 'Anaheim', 'California', '92812', '041 Garrison Crossing');
insert into VendorLocations (VendorID, City, State, ZipCode, Street) values ('26', 'Pueblo', 'Colorado', '81005', '49 Redwing Terrace');
insert into VendorLocations (VendorID, City, State, ZipCode, Street) values ('50', 'Dallas', 'Texas', '75392', '748 Sauthoff Circle');
insert into VendorLocations (VendorID, City, State, ZipCode, Street) values ('36', 'Jamaica', 'New York', '11480', '0 Mccormick Plaza');
insert into VendorLocations (VendorID, City, State, ZipCode, Street) values ('70', 'Tucson', 'Arizona', '85715', '4 Melrose Point');


insert into Menu (MenuID, VendorID, Name) values (1, '50', 'Breakfast');
insert into Menu (MenuID, VendorID, Name) values (2, '49', 'Breakfast');
insert into Menu (MenuID, VendorID, Name) values (3, '33', 'Brunch');
insert into Menu (MenuID, VendorID, Name) values (4, '43', 'Breakfast');
insert into Menu (MenuID, VendorID, Name) values (5, '59', 'Brunch');
insert into Menu (MenuID, VendorID, Name) values (6, '65', 'Lunch');
insert into Menu (MenuID, VendorID, Name) values (7, '39', 'Brunch');
insert into Menu (MenuID, VendorID, Name) values (8, '2', 'Brunch');
insert into Menu (MenuID, VendorID, Name) values (9, '23', 'Dinner');
insert into Menu (MenuID, VendorID, Name) values (10, '35', 'Lunch');
insert into Menu (MenuID, VendorID, Name) values (11, '56', 'Brunch');
insert into Menu (MenuID, VendorID, Name) values (12, '6', 'Desert');
insert into Menu (MenuID, VendorID, Name) values (13, '27', 'Desert');
insert into Menu (MenuID, VendorID, Name) values (14, '44', 'Brunch');
insert into Menu (MenuID, VendorID, Name) values (15, '15', 'Breakfast');
insert into Menu (MenuID, VendorID, Name) values (16, '53', 'Dinner');
insert into Menu (MenuID, VendorID, Name) values (17, '42', 'Desert');
insert into Menu (MenuID, VendorID, Name) values (18, '21', 'Dinner');
insert into Menu (MenuID, VendorID, Name) values (19, '60', 'Lunch');
insert into Menu (MenuID, VendorID, Name) values (20, '19', 'Brunch');
insert into Menu (MenuID, VendorID, Name) values (21, '4', 'Breakfast');
insert into Menu (MenuID, VendorID, Name) values (22, '51', 'Desert');
insert into Menu (MenuID, VendorID, Name) values (23, '64', 'Breakfast');
insert into Menu (MenuID, VendorID, Name) values (24, '46', 'Desert');
insert into Menu (MenuID, VendorID, Name) values (25, '69', 'Breakfast');
insert into Menu (MenuID, VendorID, Name) values (26, '26', 'Brunch');
insert into Menu (MenuID, VendorID, Name) values (27, '54', 'Lunch');
insert into Menu (MenuID, VendorID, Name) values (28, '66', 'Desert');
insert into Menu (MenuID, VendorID, Name) values (29, '18', 'Breakfast');
insert into Menu (MenuID, VendorID, Name) values (30, '1', 'Desert');
insert into Menu (MenuID, VendorID, Name) values (31, '7', 'Desert');
insert into Menu (MenuID, VendorID, Name) values (32, '34', 'Brunch');
insert into Menu (MenuID, VendorID, Name) values (33, '16', 'Brunch');
insert into Menu (MenuID, VendorID, Name) values (34, '45', 'Dinner');
insert into Menu (MenuID, VendorID, Name) values (35, '57', 'Breakfast');
insert into Menu (MenuID, VendorID, Name) values (36, '37', 'Lunch');
insert into Menu (MenuID, VendorID, Name) values (37, '62', 'Desert');
insert into Menu (MenuID, VendorID, Name) values (38, '63', 'Dinner');
insert into Menu (MenuID, VendorID, Name) values (39, '9', 'Breakfast');
insert into Menu (MenuID, VendorID, Name) values (40, '10', 'Desert');
insert into Menu (MenuID, VendorID, Name) values (41, '30', 'Dinner');
insert into Menu (MenuID, VendorID, Name) values (42, '14', 'Brunch');
insert into Menu (MenuID, VendorID, Name) values (43, '36', 'Breakfast');
insert into Menu (MenuID, VendorID, Name) values (44, '58', 'Lunch');
insert into Menu (MenuID, VendorID, Name) values (45, '13', 'Desert');
insert into Menu (MenuID, VendorID, Name) values (46, '31', 'Breakfast');
insert into Menu (MenuID, VendorID, Name) values (47, '70', 'Desert');
insert into Menu (MenuID, VendorID, Name) values (48, '25', 'Lunch');
insert into Menu (MenuID, VendorID, Name) values (49, '22', 'Lunch');
insert into Menu (MenuID, VendorID, Name) values (50, '32', 'Lunch');
insert into Menu (MenuID, VendorID, Name) values (51, '28', 'Desert');
insert into Menu (MenuID, VendorID, Name) values (52, '11', 'Brunch');
insert into Menu (MenuID, VendorID, Name) values (53, '8', 'Desert');
insert into Menu (MenuID, VendorID, Name) values (54, '48', 'Breakfast');
insert into Menu (MenuID, VendorID, Name) values (55, '29', 'Desert');
insert into Menu (MenuID, VendorID, Name) values (56, '5', 'Dinner');
insert into Menu (MenuID, VendorID, Name) values (57, '68', 'Brunch');
insert into Menu (MenuID, VendorID, Name) values (58, '40', 'Brunch');
insert into Menu (MenuID, VendorID, Name) values (59, '17', 'Desert');
insert into Menu (MenuID, VendorID, Name) values (60, '61', 'Dinner');
insert into Menu (MenuID, VendorID, Name) values (61, '20', 'Brunch');
insert into Menu (MenuID, VendorID, Name) values (62, '67', 'Desert');
insert into Menu (MenuID, VendorID, Name) values (63, '52', 'Breakfast');
insert into Menu (MenuID, VendorID, Name) values (64, '24', 'Dinner');
insert into Menu (MenuID, VendorID, Name) values (65, '3', 'Dinner');
insert into Menu (MenuID, VendorID, Name) values (66, '55', 'Desert');
insert into Menu (MenuID, VendorID, Name) values (67, '12', 'Lunch');
insert into Menu (MenuID, VendorID, Name) values (68, '47', 'Breakfast');
insert into Menu (MenuID, VendorID, Name) values (69, '41', 'Desert');
insert into Menu (MenuID, VendorID, Name) values (70, '38', 'Dinner');
insert into Menu (MenuID, VendorID, Name) values (71, '46', 'Brunch');
insert into Menu (MenuID, VendorID, Name) values (72, '52', 'Brunch');
insert into Menu (MenuID, VendorID, Name) values (73, '19', 'Breakfast');
insert into Menu (MenuID, VendorID, Name) values (74, '8', 'Brunch');
insert into Menu (MenuID, VendorID, Name) values (75, '57', 'Desert');
insert into Menu (MenuID, VendorID, Name) values (76, '43', 'Dinner');
insert into Menu (MenuID, VendorID, Name) values (77, '39', 'Dinner');
insert into Menu (MenuID, VendorID, Name) values (78, '38', 'Desert');
insert into Menu (MenuID, VendorID, Name) values (79, '2', 'Desert');
insert into Menu (MenuID, VendorID, Name) values (80, '48', 'Breakfast');
insert into Menu (MenuID, VendorID, Name) values (81, '40', 'Breakfast');
insert into Menu (MenuID, VendorID, Name) values (82, '6', 'Brunch');
insert into Menu (MenuID, VendorID, Name) values (83, '42', 'Desert');
insert into Menu (MenuID, VendorID, Name) values (84, '23', 'Dinner');
insert into Menu (MenuID, VendorID, Name) values (85, '50', 'Desert');
insert into Menu (MenuID, VendorID, Name) values (86, '69', 'Lunch');
insert into Menu (MenuID, VendorID, Name) values (87, '54', 'Brunch');
insert into Menu (MenuID, VendorID, Name) values (88, '13', 'Brunch');
insert into Menu (MenuID, VendorID, Name) values (89, '3', 'Dinner');
insert into Menu (MenuID, VendorID, Name) values (90, '62', 'Desert');
insert into Menu (MenuID, VendorID, Name) values (91, '68', 'Dinner');
insert into Menu (MenuID, VendorID, Name) values (92, '36', 'Desert');
insert into Menu (MenuID, VendorID, Name) values (93, '25', 'Lunch');
insert into Menu (MenuID, VendorID, Name) values (94, '63', 'Breakfast');
insert into Menu (MenuID, VendorID, Name) values (95, '22', 'Lunch');
insert into Menu (MenuID, VendorID, Name) values (96, '59', 'Lunch');
insert into Menu (MenuID, VendorID, Name) values (97, '51', 'Desert');
insert into Menu (MenuID, VendorID, Name) values (98, '16', 'Lunch');
insert into Menu (MenuID, VendorID, Name) values (99, '5', 'Brunch');
insert into Menu (MenuID, VendorID, Name) values (100, '18', 'Desert');
insert into Menu (MenuID, VendorID, Name) values (101, '30', 'Breakfast');
insert into Menu (MenuID, VendorID, Name) values (102, '70', 'Desert');
insert into Menu (MenuID, VendorID, Name) values (103, '60', 'Breakfast');
insert into Menu (MenuID, VendorID, Name) values (104, '10', 'Brunch');
insert into Menu (MenuID, VendorID, Name) values (105, '4', 'Desert');
insert into Menu (MenuID, VendorID, Name) values (106, '26', 'Breakfast');
insert into Menu (MenuID, VendorID, Name) values (107, '58', 'Lunch');
insert into Menu (MenuID, VendorID, Name) values (108, '56', 'Lunch');
insert into Menu (MenuID, VendorID, Name) values (109, '27', 'Breakfast');
insert into Menu (MenuID, VendorID, Name) values (110, '44', 'Brunch');
insert into Menu (MenuID, VendorID, Name) values (111, '49', 'Desert');
insert into Menu (MenuID, VendorID, Name) values (112, '28', 'Lunch');
insert into Menu (MenuID, VendorID, Name) values (113, '9', 'Dinner');
insert into Menu (MenuID, VendorID, Name) values (114, '45', 'Brunch');
insert into Menu (MenuID, VendorID, Name) values (115, '17', 'Brunch');
insert into Menu (MenuID, VendorID, Name) values (116, '21', 'Desert');
insert into Menu (MenuID, VendorID, Name) values (117, '31', 'Dinner');
insert into Menu (MenuID, VendorID, Name) values (118, '64', 'Breakfast');
insert into Menu (MenuID, VendorID, Name) values (119, '12', 'Brunch');
insert into Menu (MenuID, VendorID, Name) values (120, '35', 'Desert');
insert into Menu (MenuID, VendorID, Name) values (121, '66', 'Brunch');
insert into Menu (MenuID, VendorID, Name) values (122, '15', 'Breakfast');
insert into Menu (MenuID, VendorID, Name) values (123, '61', 'Dinner');
insert into Menu (MenuID, VendorID, Name) values (124, '29', 'Desert');
insert into Menu (MenuID, VendorID, Name) values (125, '41', 'Lunch');
insert into Menu (MenuID, VendorID, Name) values (126, '14', 'Desert');
insert into Menu (MenuID, VendorID, Name) values (127, '65', 'Brunch');
insert into Menu (MenuID, VendorID, Name) values (128, '32', 'Desert');
insert into Menu (MenuID, VendorID, Name) values (129, '1', 'Breakfast');
insert into Menu (MenuID, VendorID, Name) values (130, '7', 'Lunch');
insert into Menu (MenuID, VendorID, Name) values (131, '11', 'Dinner');
insert into Menu (MenuID, VendorID, Name) values (132, '67', 'Desert');
insert into Menu (MenuID, VendorID, Name) values (133, '37', 'Lunch');
insert into Menu (MenuID, VendorID, Name) values (134, '33', 'Lunch');
insert into Menu (MenuID, VendorID, Name) values (135, '47', 'Brunch');
insert into Menu (MenuID, VendorID, Name) values (136, '34', 'Lunch');
insert into Menu (MenuID, VendorID, Name) values (137, '55', 'Brunch');
insert into Menu (MenuID, VendorID, Name) values (138, '24', 'Lunch');
insert into Menu (MenuID, VendorID, Name) values (139, '20', 'Desert');
insert into Menu (MenuID, VendorID, Name) values (140, '53', 'Lunch');
insert into Menu (MenuID, VendorID, Name) values (141, '24', 'Lunch');
insert into Menu (MenuID, VendorID, Name) values (142, '48', 'Lunch');
insert into Menu (MenuID, VendorID, Name) values (143, '13', 'Dinner');
insert into Menu (MenuID, VendorID, Name) values (144, '47', 'Breakfast');
insert into Menu (MenuID, VendorID, Name) values (145, '54', 'Breakfast');
insert into Menu (MenuID, VendorID, Name) values (146, '7', 'Brunch');
insert into Menu (MenuID, VendorID, Name) values (147, '20', 'Dinner');
insert into Menu (MenuID, VendorID, Name) values (148, '6', 'Lunch');
insert into Menu (MenuID, VendorID, Name) values (149, '32', 'Lunch');
insert into Menu (MenuID, VendorID, Name) values (150, '62', 'Brunch');
insert into Menu (MenuID, VendorID, Name) values (151, '55', 'Brunch');
insert into Menu (MenuID, VendorID, Name) values (152, '27', 'Breakfast');
insert into Menu (MenuID, VendorID, Name) values (153, '70', 'Breakfast');
insert into Menu (MenuID, VendorID, Name) values (154, '17', 'Lunch');
insert into Menu (MenuID, VendorID, Name) values (155, '11', 'Brunch');
insert into Menu (MenuID, VendorID, Name) values (156, '22', 'Breakfast');
insert into Menu (MenuID, VendorID, Name) values (157, '1', 'Lunch');
insert into Menu (MenuID, VendorID, Name) values (158, '4', 'Desert');
insert into Menu (MenuID, VendorID, Name) values (159, '33', 'Lunch');
insert into Menu (MenuID, VendorID, Name) values (160, '57', 'Desert');
insert into Menu (MenuID, VendorID, Name) values (161, '15', 'Lunch');
insert into Menu (MenuID, VendorID, Name) values (162, '2', 'Dinner');
insert into Menu (MenuID, VendorID, Name) values (163, '53', 'Desert');
insert into Menu (MenuID, VendorID, Name) values (164, '40', 'Breakfast');
insert into Menu (MenuID, VendorID, Name) values (165, '19', 'Lunch');
insert into Menu (MenuID, VendorID, Name) values (166, '45', 'Lunch');
insert into Menu (MenuID, VendorID, Name) values (167, '3', 'Brunch');
insert into Menu (MenuID, VendorID, Name) values (168, '69', 'Breakfast');
insert into Menu (MenuID, VendorID, Name) values (169, '21', 'Dinner');
insert into Menu (MenuID, VendorID, Name) values (170, '8', 'Brunch');
insert into Menu (MenuID, VendorID, Name) values (171, '38', 'Lunch');
insert into Menu (MenuID, VendorID, Name) values (172, '50', 'Dinner');
insert into Menu (MenuID, VendorID, Name) values (173, '35', 'Dinner');
insert into Menu (MenuID, VendorID, Name) values (174, '64', 'Breakfast');
insert into Menu (MenuID, VendorID, Name) values (175, '37', 'Dinner');
insert into Menu (MenuID, VendorID, Name) values (176, '63', 'Desert');
insert into Menu (MenuID, VendorID, Name) values (177, '14', 'Breakfast');
insert into Menu (MenuID, VendorID, Name) values (178, '9', 'Dinner');
insert into Menu (MenuID, VendorID, Name) values (179, '56', 'Desert');
insert into Menu (MenuID, VendorID, Name) values (180, '29', 'Brunch');
insert into Menu (MenuID, VendorID, Name) values (181, '42', 'Dinner');
insert into Menu (MenuID, VendorID, Name) values (182, '26', 'Breakfast');
insert into Menu (MenuID, VendorID, Name) values (183, '31', 'Brunch');
insert into Menu (MenuID, VendorID, Name) values (184, '41', 'Desert');
insert into Menu (MenuID, VendorID, Name) values (185, '46', 'Lunch');
insert into Menu (MenuID, VendorID, Name) values (186, '16', 'Lunch');
insert into Menu (MenuID, VendorID, Name) values (187, '68', 'Dinner');
insert into Menu (MenuID, VendorID, Name) values (188, '58', 'Dinner');
insert into Menu (MenuID, VendorID, Name) values (189, '61', 'Breakfast');
insert into Menu (MenuID, VendorID, Name) values (190, '23', 'Brunch');
insert into Menu (MenuID, VendorID, Name) values (191, '39', 'Dinner');
insert into Menu (MenuID, VendorID, Name) values (192, '28', 'Brunch');
insert into Menu (MenuID, VendorID, Name) values (193, '30', 'Desert');
insert into Menu (MenuID, VendorID, Name) values (194, '34', 'Breakfast');
insert into Menu (MenuID, VendorID, Name) values (195, '51', 'Desert');
insert into Menu (MenuID, VendorID, Name) values (196, '36', 'Desert');
insert into Menu (MenuID, VendorID, Name) values (197, '44', 'Brunch');
insert into Menu (MenuID, VendorID, Name) values (198, '60', 'Brunch');
insert into Menu (MenuID, VendorID, Name) values (199, '25', 'Lunch');
insert into Menu (MenuID, VendorID, Name) values (200, '12', 'Breakfast');


insert into Customer (CustomerID, FirstName, LastName, Email, Phone) values (1, 'Jeni', 'Greenroyd', 'jgreenroyd0@imgur.com', '320-247-1913');
insert into Customer (CustomerID, FirstName, LastName, Email, Phone) values (2, 'Debora', 'Bellin', 'dbellin1@miibeian.gov.cn', '772-342-2288');
insert into Customer (CustomerID, FirstName, LastName, Email, Phone) values (3, 'Rudie', 'Helian', 'rhelian2@cbslocal.com', '936-488-1028');
insert into Customer (CustomerID, FirstName, LastName, Email, Phone) values (4, 'Beatrice', 'Ganny', 'bganny3@themeforest.net', '990-410-6674');
insert into Customer (CustomerID, FirstName, LastName, Email, Phone) values (5, 'Tawsha', 'Bazelle', 'tbazelle4@google.com.br', '268-668-2066');
insert into Customer (CustomerID, FirstName, LastName, Email, Phone) values (6, 'Silvana', 'Aldus', 'saldus5@t-online.de', '162-424-0297');
insert into Customer (CustomerID, FirstName, LastName, Email, Phone) values (7, 'Olimpia', 'Watkiss', 'owatkiss6@trellian.com', '910-350-2963');
insert into Customer (CustomerID, FirstName, LastName, Email, Phone) values (8, 'Bianka', 'Tosney', 'btosney7@gov.uk', '214-229-1433');
insert into Customer (CustomerID, FirstName, LastName, Email, Phone) values (9, 'Oberon', 'Seiller', 'oseiller8@google.com.hk', '760-466-1804');
insert into Customer (CustomerID, FirstName, LastName, Email, Phone) values (10, 'Tedda', 'Rehm', 'trehm9@hao123.com', '458-523-0991');
insert into Customer (CustomerID, FirstName, LastName, Email, Phone) values (11, 'Constantin', 'Ruselin', 'cruselina@netlog.com', '202-663-3901');
insert into Customer (CustomerID, FirstName, LastName, Email, Phone) values (12, 'Mattheus', 'Rizzardi', 'mrizzardib@wisc.edu', '917-283-5347');
insert into Customer (CustomerID, FirstName, LastName, Email, Phone) values (13, 'Kasey', 'Keenleyside', 'kkeenleysidec@amazon.co.jp', '628-103-8068');
insert into Customer (CustomerID, FirstName, LastName, Email, Phone) values (14, 'Mina', 'Burling', 'mburlingd@answers.com', '390-185-3799');
insert into Customer (CustomerID, FirstName, LastName, Email, Phone) values (15, 'Faydra', 'Brugden', 'fbrugdene@elpais.com', '217-314-6492');
insert into Customer (CustomerID, FirstName, LastName, Email, Phone) values (16, 'Hilton', 'Tarquinio', 'htarquiniof@gnu.org', '567-608-2680');
insert into Customer (CustomerID, FirstName, LastName, Email, Phone) values (17, 'Reggi', 'Gallymore', 'rgallymoreg@w3.org', '797-309-5716');
insert into Customer (CustomerID, FirstName, LastName, Email, Phone) values (18, 'Gavrielle', 'Peters', 'gpetersh@cnet.com', '469-277-0849');
insert into Customer (CustomerID, FirstName, LastName, Email, Phone) values (19, 'Reggy', 'Orrick', 'rorricki@skyrock.com', '863-583-7091');
insert into Customer (CustomerID, FirstName, LastName, Email, Phone) values (20, 'Roberto', 'Marcombe', 'rmarcombej@apple.com', '366-165-5965');
insert into Customer (CustomerID, FirstName, LastName, Email, Phone) values (21, 'Ashbey', 'Tofpik', 'atofpikk@nifty.com', '844-151-0662');
insert into Customer (CustomerID, FirstName, LastName, Email, Phone) values (22, 'Izzy', 'Kernoghan', 'ikernoghanl@odnoklassniki.ru', '171-905-8180');
insert into Customer (CustomerID, FirstName, LastName, Email, Phone) values (23, 'Holden', 'D''Onisi', 'hdonisim@cbc.ca', '837-826-8082');
insert into Customer (CustomerID, FirstName, LastName, Email, Phone) values (24, 'Killy', 'Pim', 'kpimn@deliciousdays.com', '705-861-4380');
insert into Customer (CustomerID, FirstName, LastName, Email, Phone) values (25, 'Sterling', 'Cosgreave', 'scosgreaveo@spiegel.de', '621-460-7951');
insert into Customer (CustomerID, FirstName, LastName, Email, Phone) values (26, 'Brooks', 'Slogrove', 'bslogrovep@discovery.com', '425-256-5695');
insert into Customer (CustomerID, FirstName, LastName, Email, Phone) values (27, 'Nicolle', 'Matusevich', 'nmatusevichq@phpbb.com', '710-534-3959');
insert into Customer (CustomerID, FirstName, LastName, Email, Phone) values (28, 'Merrie', 'Birchwood', 'mbirchwoodr@tamu.edu', '395-327-2487');
insert into Customer (CustomerID, FirstName, LastName, Email, Phone) values (29, 'Phillip', 'Screach', 'pscreachs@parallels.com', '702-132-7911');
insert into Customer (CustomerID, FirstName, LastName, Email, Phone) values (30, 'Cordie', 'Gent', 'cgentt@cdbaby.com', '797-518-1823');
insert into Customer (CustomerID, FirstName, LastName, Email, Phone) values (31, 'Nata', 'Willicott', 'nwillicottu@multiply.com', '206-174-8492');
insert into Customer (CustomerID, FirstName, LastName, Email, Phone) values (32, 'Rafaelita', 'Perel', 'rperelv@123-reg.co.uk', '175-866-8381');
insert into Customer (CustomerID, FirstName, LastName, Email, Phone) values (33, 'Rodge', 'Lowdeane', 'rlowdeanew@dedecms.com', '665-817-6587');
insert into Customer (CustomerID, FirstName, LastName, Email, Phone) values (34, 'Kalli', 'Rumming', 'krummingx@webeden.co.uk', '482-199-0578');
insert into Customer (CustomerID, FirstName, LastName, Email, Phone) values (35, 'Shurwood', 'Mesnard', 'smesnardy@blogtalkradio.com', '126-260-0997');
insert into Customer (CustomerID, FirstName, LastName, Email, Phone) values (36, 'Carissa', 'Bricknell', 'cbricknellz@usatoday.com', '402-493-5977');
insert into Customer (CustomerID, FirstName, LastName, Email, Phone) values (37, 'Tadio', 'Moorhouse', 'tmoorhouse10@jimdo.com', '119-593-6673');
insert into Customer (CustomerID, FirstName, LastName, Email, Phone) values (38, 'Nedi', 'Goodbody', 'ngoodbody11@reference.com', '437-221-4209');
insert into Customer (CustomerID, FirstName, LastName, Email, Phone) values (39, 'Orren', 'Berzin', 'oberzin12@google.de', '446-841-5973');
insert into Customer (CustomerID, FirstName, LastName, Email, Phone) values (40, 'Eula', 'Flea', 'eflea13@shinystat.com', '710-740-9855');
insert into Customer (CustomerID, FirstName, LastName, Email, Phone) values (41, 'Keelby', 'Fluger', 'kfluger14@smugmug.com', '485-383-3452');
insert into Customer (CustomerID, FirstName, LastName, Email, Phone) values (42, 'Stanleigh', 'Jenik', 'sjenik15@cbsnews.com', '690-233-9475');
insert into Customer (CustomerID, FirstName, LastName, Email, Phone) values (43, 'Stacee', 'Grundwater', 'sgrundwater16@zimbio.com', '146-613-7802');
insert into Customer (CustomerID, FirstName, LastName, Email, Phone) values (44, 'Sula', 'Lowton', 'slowton17@chicagotribune.com', '402-534-0018');
insert into Customer (CustomerID, FirstName, LastName, Email, Phone) values (45, 'Britt', 'Smithyman', 'bsmithyman18@netlog.com', '718-503-5701');
insert into Customer (CustomerID, FirstName, LastName, Email, Phone) values (46, 'Idaline', 'Gauntley', 'igauntley19@wikia.com', '270-424-3282');
insert into Customer (CustomerID, FirstName, LastName, Email, Phone) values (47, 'Josefa', 'Walcher', 'jwalcher1a@hibu.com', '745-253-5135');
insert into Customer (CustomerID, FirstName, LastName, Email, Phone) values (48, 'Shelley', 'Merck', 'smerck1b@sphinn.com', '789-143-3791');
insert into Customer (CustomerID, FirstName, LastName, Email, Phone) values (49, 'Agosto', 'McGookin', 'amcgookin1c@topsy.com', '727-159-2444');
insert into Customer (CustomerID, FirstName, LastName, Email, Phone) values (50, 'Dacia', 'Frostick', 'dfrostick1d@cpanel.net', '764-798-3359');
insert into Customer (CustomerID, FirstName, LastName, Email, Phone) values (51, 'Leta', 'Schimmang', 'lschimmang1e@photobucket.com', '567-923-3041');
insert into Customer (CustomerID, FirstName, LastName, Email, Phone) values (52, 'Crystie', 'Showl', 'cshowl1f@goo.ne.jp', '535-688-8584');
insert into Customer (CustomerID, FirstName, LastName, Email, Phone) values (53, 'Sadye', 'Madine', 'smadine1g@xrea.com', '493-146-3508');
insert into Customer (CustomerID, FirstName, LastName, Email, Phone) values (54, 'Lanita', 'Angelo', 'langelo1h@house.gov', '439-229-4265');
insert into Customer (CustomerID, FirstName, LastName, Email, Phone) values (55, 'Rhodia', 'Stidworthy', 'rstidworthy1i@goo.ne.jp', '813-639-4113');
insert into Customer (CustomerID, FirstName, LastName, Email, Phone) values (56, 'Asa', 'Boards', 'aboards1j@phoca.cz', '529-113-4370');
insert into Customer (CustomerID, FirstName, LastName, Email, Phone) values (57, 'Harp', 'Hardesty', 'hhardesty1k@marketwatch.com', '518-962-9023');
insert into Customer (CustomerID, FirstName, LastName, Email, Phone) values (58, 'Barbra', 'Gianneschi', 'bgianneschi1l@washington.edu', '619-150-3740');
insert into Customer (CustomerID, FirstName, LastName, Email, Phone) values (59, 'Rubin', 'Shaw', 'rshaw1m@usgs.gov', '972-735-4864');
insert into Customer (CustomerID, FirstName, LastName, Email, Phone) values (60, 'Alberto', 'Rohlf', 'arohlf1n@trellian.com', '704-479-0721');
insert into Customer (CustomerID, FirstName, LastName, Email, Phone) values (61, 'Francisco', 'Kembley', 'fkembley1o@amazon.co.uk', '307-605-8473');
insert into Customer (CustomerID, FirstName, LastName, Email, Phone) values (62, 'Pansie', 'Shynn', 'pshynn1p@yolasite.com', '166-488-5643');
insert into Customer (CustomerID, FirstName, LastName, Email, Phone) values (63, 'Daisi', 'Lean', 'dlean1q@github.io', '685-162-4686');
insert into Customer (CustomerID, FirstName, LastName, Email, Phone) values (64, 'Neall', 'Brundle', 'nbrundle1r@japanpost.jp', '920-584-8873');
insert into Customer (CustomerID, FirstName, LastName, Email, Phone) values (65, 'Atalanta', 'Walisiak', 'awalisiak1s@vistaprint.com', '270-390-1152');
insert into Customer (CustomerID, FirstName, LastName, Email, Phone) values (66, 'Alia', 'Jirzik', 'ajirzik1t@slashdot.org', '328-772-0369');
insert into Customer (CustomerID, FirstName, LastName, Email, Phone) values (67, 'Scarlet', 'Zorzi', 'szorzi1u@cbslocal.com', '327-426-6200');
insert into Customer (CustomerID, FirstName, LastName, Email, Phone) values (68, 'Dilan', 'Casoni', 'dcasoni1v@theglobeandmail.com', '697-928-1858');
insert into Customer (CustomerID, FirstName, LastName, Email, Phone) values (69, 'Obediah', 'Bartosek', 'obartosek1w@aol.com', '261-338-2319');
insert into Customer (CustomerID, FirstName, LastName, Email, Phone) values (70, 'Myrta', 'Bollands', 'mbollands1x@etsy.com', '996-559-3684');
insert into Customer (CustomerID, FirstName, LastName, Email, Phone) values (71, 'Marlowe', 'Greendale', 'mgreendale1y@flavors.me', '903-957-7430');
insert into Customer (CustomerID, FirstName, LastName, Email, Phone) values (72, 'Harley', 'Sturman', 'hsturman1z@youtube.com', '495-396-8646');
insert into Customer (CustomerID, FirstName, LastName, Email, Phone) values (73, 'Burg', 'Bonifant', 'bbonifant20@sakura.ne.jp', '994-431-9770');
insert into Customer (CustomerID, FirstName, LastName, Email, Phone) values (74, 'Chaddie', 'Lynskey', 'clynskey21@paginegialle.it', '918-554-1276');
insert into Customer (CustomerID, FirstName, LastName, Email, Phone) values (75, 'Leisha', 'Vokins', 'lvokins22@time.com', '247-465-5822');
insert into Customer (CustomerID, FirstName, LastName, Email, Phone) values (76, 'Cherrita', 'Claeskens', 'cclaeskens23@redcross.org', '455-745-3695');
insert into Customer (CustomerID, FirstName, LastName, Email, Phone) values (77, 'Doreen', 'Edensor', 'dedensor24@myspace.com', '618-847-3355');
insert into Customer (CustomerID, FirstName, LastName, Email, Phone) values (78, 'Riannon', 'Jeavons', 'rjeavons25@reverbnation.com', '404-422-0959');
insert into Customer (CustomerID, FirstName, LastName, Email, Phone) values (79, 'Sophi', 'Parrington', 'sparrington26@macromedia.com', '564-684-2796');
insert into Customer (CustomerID, FirstName, LastName, Email, Phone) values (80, 'Filmore', 'Baggarley', 'fbaggarley27@earthlink.net', '243-409-0417');
insert into Customer (CustomerID, FirstName, LastName, Email, Phone) values (81, 'Fidela', 'Shark', 'fshark28@cnet.com', '852-393-4416');
insert into Customer (CustomerID, FirstName, LastName, Email, Phone) values (82, 'Joelie', 'Churchouse', 'jchurchouse29@yelp.com', '739-590-8878');
insert into Customer (CustomerID, FirstName, LastName, Email, Phone) values (83, 'Virginie', 'Firminger', 'vfirminger2a@edublogs.org', '210-855-5404');
insert into Customer (CustomerID, FirstName, LastName, Email, Phone) values (84, 'Amargo', 'Dumberell', 'adumberell2b@unblog.fr', '981-765-4748');
insert into Customer (CustomerID, FirstName, LastName, Email, Phone) values (85, 'Aldis', 'Hinz', 'ahinz2c@deviantart.com', '402-198-5727');
insert into Customer (CustomerID, FirstName, LastName, Email, Phone) values (86, 'Elyse', 'Ricciardi', 'ericciardi2d@unicef.org', '880-884-3326');
insert into Customer (CustomerID, FirstName, LastName, Email, Phone) values (87, 'Lew', 'Rosengren', 'lrosengren2e@theatlantic.com', '829-748-8278');
insert into Customer (CustomerID, FirstName, LastName, Email, Phone) values (88, 'Jilly', 'Buckler', 'jbuckler2f@aboutads.info', '854-107-5117');
insert into Customer (CustomerID, FirstName, LastName, Email, Phone) values (89, 'Ethelda', 'Comello', 'ecomello2g@berkeley.edu', '630-509-8183');
insert into Customer (CustomerID, FirstName, LastName, Email, Phone) values (90, 'Kira', 'Thickett', 'kthickett2h@trellian.com', '695-255-6698');
insert into Customer (CustomerID, FirstName, LastName, Email, Phone) values (91, 'Ivett', 'Mussolini', 'imussolini2i@friendfeed.com', '380-932-9530');
insert into Customer (CustomerID, FirstName, LastName, Email, Phone) values (92, 'Almira', 'Hinchshaw', 'ahinchshaw2j@hc360.com', '720-769-6877');
insert into Customer (CustomerID, FirstName, LastName, Email, Phone) values (93, 'Winni', 'Youster', 'wyouster2k@qq.com', '185-927-1625');
insert into Customer (CustomerID, FirstName, LastName, Email, Phone) values (94, 'Scotty', 'Karpfen', 'skarpfen2l@lulu.com', '684-848-0948');
insert into Customer (CustomerID, FirstName, LastName, Email, Phone) values (95, 'Shannah', 'Hawthorne', 'shawthorne2m@cbslocal.com', '386-608-6909');
insert into Customer (CustomerID, FirstName, LastName, Email, Phone) values (96, 'Skippie', 'Dutnall', 'sdutnall2n@chicagotribune.com', '508-256-4823');
insert into Customer (CustomerID, FirstName, LastName, Email, Phone) values (97, 'Helli', 'Fryett', 'hfryett2o@hugedomains.com', '384-150-8924');
insert into Customer (CustomerID, FirstName, LastName, Email, Phone) values (98, 'Judd', 'Sorsbie', 'jsorsbie2p@seesaa.net', '448-885-1954');
insert into Customer (CustomerID, FirstName, LastName, Email, Phone) values (99, 'Lulu', 'Bennion', 'lbennion2q@blogs.com', '478-930-2011');
insert into Customer (CustomerID, FirstName, LastName, Email, Phone) values (100, 'Nikolaos', 'Goldis', 'ngoldis2r@google.com.hk', '951-622-7766');


insert into CustomerLocations (CustomerID, City, State, ZipCode, Street) values ('53', 'Tallahassee', 'Florida', '32399', '16 7th Street');
insert into CustomerLocations (CustomerID, City, State, ZipCode, Street) values ('56', 'Ocala', 'Florida', '34479', '9 Hooker Point');
insert into CustomerLocations (CustomerID, City, State, ZipCode, Street) values ('85', 'Dallas', 'Texas', '75372', '31 Kingsford Road');
insert into CustomerLocations (CustomerID, City, State, ZipCode, Street) values ('57', 'Albuquerque', 'New Mexico', '87110', '6990 Blaine Lane');
insert into CustomerLocations (CustomerID, City, State, ZipCode, Street) values ('43', 'El Paso', 'Texas', '79923', '074 Roth Alley');
insert into CustomerLocations (CustomerID, City, State, ZipCode, Street) values ('77', 'Amarillo', 'Texas', '79176', '07 Walton Center');
insert into CustomerLocations (CustomerID, City, State, ZipCode, Street) values ('39', 'Denver', 'Colorado', '80223', '6 Mallard Way');
insert into CustomerLocations (CustomerID, City, State, ZipCode, Street) values ('81', 'Cincinnati', 'Ohio', '45213', '7 Dexter Street');
insert into CustomerLocations (CustomerID, City, State, ZipCode, Street) values ('3', 'Washington', 'District of Columbia', '20575', '5784 Mitchell Street');
insert into CustomerLocations (CustomerID, City, State, ZipCode, Street) values ('29', 'Wilkes Barre', 'Pennsylvania', '18768', '6742 Hudson Drive');
insert into CustomerLocations (CustomerID, City, State, ZipCode, Street) values ('8', 'Charleston', 'South Carolina', '29411', '5 Anderson Circle');
insert into CustomerLocations (CustomerID, City, State, ZipCode, Street) values ('35', 'Washington', 'District of Columbia', '20337', '26916 Elka Avenue');
insert into CustomerLocations (CustomerID, City, State, ZipCode, Street) values ('20', 'Lehigh Acres', 'Florida', '33972', '23853 Tennyson Circle');
insert into CustomerLocations (CustomerID, City, State, ZipCode, Street) values ('32', 'Denver', 'Colorado', '80279', '08278 Hallows Pass');
insert into CustomerLocations (CustomerID, City, State, ZipCode, Street) values ('63', 'Colorado Springs', 'Colorado', '80915', '398 Delladonna Pass');
insert into CustomerLocations (CustomerID, City, State, ZipCode, Street) values ('73', 'Staten Island', 'New York', '10305', '48 Rieder Park');
insert into CustomerLocations (CustomerID, City, State, ZipCode, Street) values ('89', 'Tampa', 'Florida', '33661', '3636 Kensington Place');
insert into CustomerLocations (CustomerID, City, State, ZipCode, Street) values ('11', 'Dayton', 'Ohio', '45432', '6 Northridge Street');
insert into CustomerLocations (CustomerID, City, State, ZipCode, Street) values ('74', 'Lubbock', 'Texas', '79405', '00331 Artisan Avenue');
insert into CustomerLocations (CustomerID, City, State, ZipCode, Street) values ('24', 'Phoenix', 'Arizona', '85010', '281 Jana Junction');
insert into CustomerLocations (CustomerID, City, State, ZipCode, Street) values ('67', 'Lubbock', 'Texas', '79415', '2412 Kipling Hill');
insert into CustomerLocations (CustomerID, City, State, ZipCode, Street) values ('6', 'Sioux Falls', 'South Dakota', '57193', '6007 Crest Line Place');
insert into CustomerLocations (CustomerID, City, State, ZipCode, Street) values ('60', 'Albuquerque', 'New Mexico', '87110', '47 Riverside Hill');
insert into CustomerLocations (CustomerID, City, State, ZipCode, Street) values ('75', 'Washington', 'District of Columbia', '20557', '4 Brentwood Place');
insert into CustomerLocations (CustomerID, City, State, ZipCode, Street) values ('78', 'Staten Island', 'New York', '10310', '750 Morningstar Plaza');
insert into CustomerLocations (CustomerID, City, State, ZipCode, Street) values ('51', 'Amarillo', 'Texas', '79182', '2 Johnson Terrace');
insert into CustomerLocations (CustomerID, City, State, ZipCode, Street) values ('88', 'Charleston', 'West Virginia', '25305', '4 Center Lane');
insert into CustomerLocations (CustomerID, City, State, ZipCode, Street) values ('25', 'Fort Lauderdale', 'Florida', '33330', '5 Bluejay Parkway');
insert into CustomerLocations (CustomerID, City, State, ZipCode, Street) values ('23', 'Seattle', 'Washington', '98185', '5 Badeau Court');
insert into CustomerLocations (CustomerID, City, State, ZipCode, Street) values ('34', 'Los Angeles', 'California', '90015', '26 Rowland Hill');
insert into CustomerLocations (CustomerID, City, State, ZipCode, Street) values ('10', 'Omaha', 'Nebraska', '68144', '5497 Mockingbird Avenue');
insert into CustomerLocations (CustomerID, City, State, ZipCode, Street) values ('46', 'Lees Summit', 'Missouri', '64082', '6729 Nevada Avenue');
insert into CustomerLocations (CustomerID, City, State, ZipCode, Street) values ('36', 'Amarillo', 'Texas', '79188', '175 Dakota Junction');
insert into CustomerLocations (CustomerID, City, State, ZipCode, Street) values ('17', 'Pensacola', 'Florida', '32520', '86 Macpherson Lane');
insert into CustomerLocations (CustomerID, City, State, ZipCode, Street) values ('61', 'New York City', 'New York', '10090', '2180 Luster Trail');
insert into CustomerLocations (CustomerID, City, State, ZipCode, Street) values ('5', 'Tuscaloosa', 'Alabama', '35405', '63377 Sheridan Junction');
insert into CustomerLocations (CustomerID, City, State, ZipCode, Street) values ('84', 'San Antonio', 'Texas', '78285', '824 Westerfield Plaza');
insert into CustomerLocations (CustomerID, City, State, ZipCode, Street) values ('55', 'Richmond', 'Virginia', '23220', '262 Graceland Court');
insert into CustomerLocations (CustomerID, City, State, ZipCode, Street) values ('70', 'Bellevue', 'Washington', '98008', '17 Leroy Junction');
insert into CustomerLocations (CustomerID, City, State, ZipCode, Street) values ('47', 'Saint Joseph', 'Missouri', '64504', '21070 Upham Place');
insert into CustomerLocations (CustomerID, City, State, ZipCode, Street) values ('82', 'Albany', 'New York', '12237', '42244 Northview Trail');
insert into CustomerLocations (CustomerID, City, State, ZipCode, Street) values ('27', 'Pittsburgh', 'Pennsylvania', '15250', '5 Hermina Road');
insert into CustomerLocations (CustomerID, City, State, ZipCode, Street) values ('1', 'San Francisco', 'California', '94132', '38 Monica Trail');
insert into CustomerLocations (CustomerID, City, State, ZipCode, Street) values ('65', 'Tyler', 'Texas', '75710', '46 Atwood Point');
insert into CustomerLocations (CustomerID, City, State, ZipCode, Street) values ('28', 'Saginaw', 'Michigan', '48609', '1901 Texas Junction');
insert into CustomerLocations (CustomerID, City, State, ZipCode, Street) values ('12', 'Boynton Beach', 'Florida', '33436', '3429 Grasskamp Place');
insert into CustomerLocations (CustomerID, City, State, ZipCode, Street) values ('80', 'Corpus Christi', 'Texas', '78415', '09 Springview Point');
insert into CustomerLocations (CustomerID, City, State, ZipCode, Street) values ('7', 'Utica', 'New York', '13505', '62830 Randy Parkway');
insert into CustomerLocations (CustomerID, City, State, ZipCode, Street) values ('90', 'Gary', 'Indiana', '46406', '469 Novick Alley');
insert into CustomerLocations (CustomerID, City, State, ZipCode, Street) values ('2', 'Miami', 'Florida', '33190', '211 Hagan Place');
insert into CustomerLocations (CustomerID, City, State, ZipCode, Street) values ('79', 'Boise', 'Idaho', '83757', '7552 Butterfield Center');
insert into CustomerLocations (CustomerID, City, State, ZipCode, Street) values ('33', 'Rockford', 'Illinois', '61105', '7860 Weeping Birch Drive');
insert into CustomerLocations (CustomerID, City, State, ZipCode, Street) values ('59', 'Washington', 'District of Columbia', '20551', '505 Mandrake Park');
insert into CustomerLocations (CustomerID, City, State, ZipCode, Street) values ('19', 'Little Rock', 'Arkansas', '72222', '7861 Redwing Place');
insert into CustomerLocations (CustomerID, City, State, ZipCode, Street) values ('64', 'Orlando', 'Florida', '32830', '48182 Tennessee Point');
insert into CustomerLocations (CustomerID, City, State, ZipCode, Street) values ('97', 'Aurora', 'Colorado', '80045', '04676 Summerview Road');
insert into CustomerLocations (CustomerID, City, State, ZipCode, Street) values ('9', 'Philadelphia', 'Pennsylvania', '19160', '1852 Elka Park');
insert into CustomerLocations (CustomerID, City, State, ZipCode, Street) values ('58', 'Kansas City', 'Missouri', '64109', '8 Superior Place');
insert into CustomerLocations (CustomerID, City, State, ZipCode, Street) values ('100', 'Schenectady', 'New York', '12305', '484 Fairview Avenue');
insert into CustomerLocations (CustomerID, City, State, ZipCode, Street) values ('14', 'Denver', 'Colorado', '80228', '1 4th Lane');
insert into CustomerLocations (CustomerID, City, State, ZipCode, Street) values ('4', 'Toledo', 'Ohio', '43666', '018 5th Hill');
insert into CustomerLocations (CustomerID, City, State, ZipCode, Street) values ('16', 'Saint Cloud', 'Minnesota', '56372', '18397 Declaration Hill');
insert into CustomerLocations (CustomerID, City, State, ZipCode, Street) values ('49', 'San Antonio', 'Texas', '78291', '1 Golf View Plaza');
insert into CustomerLocations (CustomerID, City, State, ZipCode, Street) values ('72', 'Phoenix', 'Arizona', '85020', '1986 Muir Point');
insert into CustomerLocations (CustomerID, City, State, ZipCode, Street) values ('92', 'Fairbanks', 'Alaska', '99790', '94 Mallard Avenue');
insert into CustomerLocations (CustomerID, City, State, ZipCode, Street) values ('31', 'Vienna', 'Virginia', '22184', '07305 Merrick Pass');
insert into CustomerLocations (CustomerID, City, State, ZipCode, Street) values ('83', 'Jefferson City', 'Missouri', '65105', '935 Corben Drive');
insert into CustomerLocations (CustomerID, City, State, ZipCode, Street) values ('93', 'Winston Salem', 'North Carolina', '27105', '4 Maryland Drive');
insert into CustomerLocations (CustomerID, City, State, ZipCode, Street) values ('44', 'Schaumburg', 'Illinois', '60193', '52040 Thierer Circle');
insert into CustomerLocations (CustomerID, City, State, ZipCode, Street) values ('96', 'Denver', 'Colorado', '80249', '97442 Thackeray Trail');
insert into CustomerLocations (CustomerID, City, State, ZipCode, Street) values ('15', 'West Hartford', 'Connecticut', '06127', '596 Pearson Place');
insert into CustomerLocations (CustomerID, City, State, ZipCode, Street) values ('37', 'Minneapolis', 'Minnesota', '55480', '972 Moose Pass');
insert into CustomerLocations (CustomerID, City, State, ZipCode, Street) values ('26', 'Punta Gorda', 'Florida', '33982', '83765 Portage Alley');
insert into CustomerLocations (CustomerID, City, State, ZipCode, Street) values ('76', 'Evansville', 'Indiana', '47712', '755 Hauk Center');
insert into CustomerLocations (CustomerID, City, State, ZipCode, Street) values ('13', 'El Paso', 'Texas', '88553', '4970 Mcguire Parkway');
insert into CustomerLocations (CustomerID, City, State, ZipCode, Street) values ('41', 'Atlanta', 'Georgia', '30306', '969 Amoth Trail');
insert into CustomerLocations (CustomerID, City, State, ZipCode, Street) values ('40', 'Charlotte', 'North Carolina', '28242', '376 Kingsford Crossing');
insert into CustomerLocations (CustomerID, City, State, ZipCode, Street) values ('86', 'Wilmington', 'Delaware', '19886', '0688 Stuart Park');
insert into CustomerLocations (CustomerID, City, State, ZipCode, Street) values ('62', 'Washington', 'District of Columbia', '20299', '51 Hanover Plaza');
insert into CustomerLocations (CustomerID, City, State, ZipCode, Street) values ('99', 'Gadsden', 'Alabama', '35905', '34 Tennessee Avenue');
insert into CustomerLocations (CustomerID, City, State, ZipCode, Street) values ('54', 'Roanoke', 'Virginia', '24034', '493 Erie Avenue');
insert into CustomerLocations (CustomerID, City, State, ZipCode, Street) values ('38', 'Harrisburg', 'Pennsylvania', '17105', '5 Westend Plaza');
insert into CustomerLocations (CustomerID, City, State, ZipCode, Street) values ('66', 'Bronx', 'New York', '10469', '68906 Haas Lane');
insert into CustomerLocations (CustomerID, City, State, ZipCode, Street) values ('94', 'Atlanta', 'Georgia', '31136', '37037 Crest Line Parkway');
insert into CustomerLocations (CustomerID, City, State, ZipCode, Street) values ('98', 'Colorado Springs', 'Colorado', '80935', '6 Badeau Junction');
insert into CustomerLocations (CustomerID, City, State, ZipCode, Street) values ('91', 'Salem', 'Oregon', '97306', '581 Miller Road');
insert into CustomerLocations (CustomerID, City, State, ZipCode, Street) values ('22', 'White Plains', 'New York', '10633', '232 Transport Terrace');
insert into CustomerLocations (CustomerID, City, State, ZipCode, Street) values ('48', 'Chicago', 'Illinois', '60686', '704 Chinook Circle');
insert into CustomerLocations (CustomerID, City, State, ZipCode, Street) values ('87', 'Corpus Christi', 'Texas', '78475', '57 Mockingbird Hill');
insert into CustomerLocations (CustomerID, City, State, ZipCode, Street) values ('68', 'Saint Joseph', 'Missouri', '64504', '6225 Hansons Street');
insert into CustomerLocations (CustomerID, City, State, ZipCode, Street) values ('71', 'San Rafael', 'California', '94913', '965 Sachtjen Way');
insert into CustomerLocations (CustomerID, City, State, ZipCode, Street) values ('30', 'Madison', 'Wisconsin', '53705', '38860 Farragut Parkway');
insert into CustomerLocations (CustomerID, City, State, ZipCode, Street) values ('52', 'White Plains', 'New York', '10606', '57 Brentwood Street');
insert into CustomerLocations (CustomerID, City, State, ZipCode, Street) values ('69', 'Austin', 'Texas', '78744', '35 Warbler Alley');
insert into CustomerLocations (CustomerID, City, State, ZipCode, Street) values ('50', 'Wilmington', 'Delaware', '19892', '23605 Di Loreto Pass');
insert into CustomerLocations (CustomerID, City, State, ZipCode, Street) values ('18', 'Los Angeles', 'California', '90071', '334 Lunder Parkway');
insert into CustomerLocations (CustomerID, City, State, ZipCode, Street) values ('95', 'Louisville', 'Kentucky', '40215', '4 Sunfield Point');
insert into CustomerLocations (CustomerID, City, State, ZipCode, Street) values ('42', 'Monticello', 'Minnesota', '55565', '82058 Park Meadow Lane');
insert into CustomerLocations (CustomerID, City, State, ZipCode, Street) values ('45', 'Birmingham', 'Alabama', '35285', '03 North Park');
insert into CustomerLocations (CustomerID, City, State, ZipCode, Street) values ('21', 'Erie', 'Pennsylvania', '16505', '9360 Forest Run Junction');
insert into CustomerLocations (CustomerID, City, State, ZipCode, Street) values ('50', 'Shawnee Mission', 'Kansas', '66276', '41 Mallard Road');
insert into CustomerLocations (CustomerID, City, State, ZipCode, Street) values ('46', 'Washington', 'District of Columbia', '20310', '660 Bayside Way');
insert into CustomerLocations (CustomerID, City, State, ZipCode, Street) values ('63', 'Fort Myers', 'Florida', '33994', '23546 Rigney Court');
insert into CustomerLocations (CustomerID, City, State, ZipCode, Street) values ('55', 'Seattle', 'Washington', '98127', '0860 Miller Plaza');
insert into CustomerLocations (CustomerID, City, State, ZipCode, Street) values ('78', 'Columbus', 'Mississippi', '39705', '2389 Mayer Place');
insert into CustomerLocations (CustomerID, City, State, ZipCode, Street) values ('11', 'Washington', 'District of Columbia', '20088', '1777 Holmberg Way');
insert into CustomerLocations (CustomerID, City, State, ZipCode, Street) values ('25', 'Santa Cruz', 'California', '95064', '20 South Way');
insert into CustomerLocations (CustomerID, City, State, ZipCode, Street) values ('58', 'Monticello', 'Minnesota', '55565', '1 Mcbride Street');
insert into CustomerLocations (CustomerID, City, State, ZipCode, Street) values ('1', 'New York City', 'New York', '10105', '985 Buena Vista Street');
insert into CustomerLocations (CustomerID, City, State, ZipCode, Street) values ('14', 'New Orleans', 'Louisiana', '70165', '4166 Browning Street');
insert into CustomerLocations (CustomerID, City, State, ZipCode, Street) values ('56', 'New York City', 'New York', '10110', '1513 Morning Center');
insert into CustomerLocations (CustomerID, City, State, ZipCode, Street) values ('91', 'Aiken', 'South Carolina', '29805', '15682 Logan Crossing');
insert into CustomerLocations (CustomerID, City, State, ZipCode, Street) values ('98', 'Salt Lake City', 'Utah', '84130', '6 Eggendart Road');
insert into CustomerLocations (CustomerID, City, State, ZipCode, Street) values ('30', 'Kansas City', 'Kansas', '66105', '550 Green Ridge Road');
insert into CustomerLocations (CustomerID, City, State, ZipCode, Street) values ('67', 'Springfield', 'Illinois', '62705', '21 Ruskin Avenue');
insert into CustomerLocations (CustomerID, City, State, ZipCode, Street) values ('33', 'Kansas City', 'Kansas', '66105', '69 Myrtle Alley');
insert into CustomerLocations (CustomerID, City, State, ZipCode, Street) values ('99', 'Evansville', 'Indiana', '47725', '3 Meadow Valley Crossing');
insert into CustomerLocations (CustomerID, City, State, ZipCode, Street) values ('7', 'Baltimore', 'Maryland', '21239', '8178 Pennsylvania Alley');
insert into CustomerLocations (CustomerID, City, State, ZipCode, Street) values ('22', 'Birmingham', 'Alabama', '35279', '364 Everett Road');
insert into CustomerLocations (CustomerID, City, State, ZipCode, Street) values ('61', 'Green Bay', 'Wisconsin', '54313', '953 Talisman Center');
insert into CustomerLocations (CustomerID, City, State, ZipCode, Street) values ('62', 'Brooksville', 'Florida', '34605', '7472 Moland Parkway');
insert into CustomerLocations (CustomerID, City, State, ZipCode, Street) values ('3', 'Huntington', 'West Virginia', '25775', '7784 Hayes Parkway');
insert into CustomerLocations (CustomerID, City, State, ZipCode, Street) values ('6', 'Houston', 'Texas', '77020', '6 Butterfield Parkway');
insert into CustomerLocations (CustomerID, City, State, ZipCode, Street) values ('54', 'Little Rock', 'Arkansas', '72204', '9 Eagle Crest Alley');
insert into CustomerLocations (CustomerID, City, State, ZipCode, Street) values ('45', 'Boston', 'Massachusetts', '02208', '88 Ridgeway Hill');
insert into CustomerLocations (CustomerID, City, State, ZipCode, Street) values ('23', 'Cheyenne', 'Wyoming', '82007', '80821 Fuller Way');
insert into CustomerLocations (CustomerID, City, State, ZipCode, Street) values ('74', 'Columbus', 'Ohio', '43240', '01393 Barby Avenue');
insert into CustomerLocations (CustomerID, City, State, ZipCode, Street) values ('27', 'New York City', 'New York', '10270', '884 Merrick Parkway');
insert into CustomerLocations (CustomerID, City, State, ZipCode, Street) values ('97', 'Boulder', 'Colorado', '80305', '82051 Cottonwood Center');
insert into CustomerLocations (CustomerID, City, State, ZipCode, Street) values ('9', 'Van Nuys', 'California', '91499', '91444 Lighthouse Bay Parkway');
insert into CustomerLocations (CustomerID, City, State, ZipCode, Street) values ('57', 'North Las Vegas', 'Nevada', '89036', '2 Stuart Point');
insert into CustomerLocations (CustomerID, City, State, ZipCode, Street) values ('71', 'Washington', 'District of Columbia', '20029', '8791 Continental Plaza');
insert into CustomerLocations (CustomerID, City, State, ZipCode, Street) values ('60', 'Scottsdale', 'Arizona', '85260', '98046 Riverside Drive');
insert into CustomerLocations (CustomerID, City, State, ZipCode, Street) values ('93', 'Van Nuys', 'California', '91411', '8604 Morrow Street');
insert into CustomerLocations (CustomerID, City, State, ZipCode, Street) values ('16', 'Sioux Falls', 'South Dakota', '57188', '2751 Kipling Alley');
insert into CustomerLocations (CustomerID, City, State, ZipCode, Street) values ('51', 'Jacksonville', 'Florida', '32255', '8 Scofield Plaza');
insert into CustomerLocations (CustomerID, City, State, ZipCode, Street) values ('77', 'Tacoma', 'Washington', '98424', '7819 Meadow Vale Street');
insert into CustomerLocations (CustomerID, City, State, ZipCode, Street) values ('73', 'Baltimore', 'Maryland', '21203', '0381 Armistice Place');
insert into CustomerLocations (CustomerID, City, State, ZipCode, Street) values ('88', 'Richmond', 'California', '94807', '29952 Chinook Center');
insert into CustomerLocations (CustomerID, City, State, ZipCode, Street) values ('41', 'Greensboro', 'North Carolina', '27499', '8375 Vernon Point');
insert into CustomerLocations (CustomerID, City, State, ZipCode, Street) values ('59', 'Denver', 'Colorado', '80235', '480 Hermina Parkway');
insert into CustomerLocations (CustomerID, City, State, ZipCode, Street) values ('86', 'Dayton', 'Ohio', '45408', '560 Porter Trail');
insert into CustomerLocations (CustomerID, City, State, ZipCode, Street) values ('82', 'Kingsport', 'Tennessee', '37665', '65 Blue Bill Park Circle');
insert into CustomerLocations (CustomerID, City, State, ZipCode, Street) values ('40', 'Amarillo', 'Texas', '79176', '6 Burning Wood Way');
insert into CustomerLocations (CustomerID, City, State, ZipCode, Street) values ('92', 'Tucson', 'Arizona', '85715', '6704 7th Park');
insert into CustomerLocations (CustomerID, City, State, ZipCode, Street) values ('34', 'Seattle', 'Washington', '98133', '97 Nobel Avenue');
insert into CustomerLocations (CustomerID, City, State, ZipCode, Street) values ('68', 'Lexington', 'Kentucky', '40586', '50 Dorton Way');
insert into CustomerLocations (CustomerID, City, State, ZipCode, Street) values ('36', 'Houston', 'Texas', '77234', '960 Shoshone Pass');
insert into CustomerLocations (CustomerID, City, State, ZipCode, Street) values ('80', 'Macon', 'Georgia', '31296', '1 Brickson Park Park');
insert into CustomerLocations (CustomerID, City, State, ZipCode, Street) values ('90', 'Richmond', 'California', '94807', '690 Kedzie Terrace');
insert into CustomerLocations (CustomerID, City, State, ZipCode, Street) values ('79', 'Washington', 'District of Columbia', '20503', '96363 Riverside Place');
insert into CustomerLocations (CustomerID, City, State, ZipCode, Street) values ('66', 'Boulder', 'Colorado', '80305', '435 Dryden Center');
insert into CustomerLocations (CustomerID, City, State, ZipCode, Street) values ('39', 'Arlington', 'Virginia', '22225', '30149 Fieldstone Park');
insert into CustomerLocations (CustomerID, City, State, ZipCode, Street) values ('37', 'Peoria', 'Illinois', '61614', '372 Farmco Street');
insert into CustomerLocations (CustomerID, City, State, ZipCode, Street) values ('48', 'Henderson', 'Nevada', '89074', '06 Parkside Terrace');
insert into CustomerLocations (CustomerID, City, State, ZipCode, Street) values ('83', 'Pensacola', 'Florida', '32575', '3944 Muir Avenue');
insert into CustomerLocations (CustomerID, City, State, ZipCode, Street) values ('89', 'Clearwater', 'Florida', '34615', '8818 Sugar Point');
insert into CustomerLocations (CustomerID, City, State, ZipCode, Street) values ('70', 'Kansas City', 'Missouri', '64142', '15 Center Road');
insert into CustomerLocations (CustomerID, City, State, ZipCode, Street) values ('21', 'Rockford', 'Illinois', '61110', '19498 Northfield Street');
insert into CustomerLocations (CustomerID, City, State, ZipCode, Street) values ('43', 'Toledo', 'Ohio', '43699', '1376 Eliot Park');
insert into CustomerLocations (CustomerID, City, State, ZipCode, Street) values ('38', 'Memphis', 'Tennessee', '38131', '362 Cordelia Street');
insert into CustomerLocations (CustomerID, City, State, ZipCode, Street) values ('4', 'Valley Forge', 'Pennsylvania', '19495', '02375 Fieldstone Point');
insert into CustomerLocations (CustomerID, City, State, ZipCode, Street) values ('75', 'Columbus', 'Ohio', '43284', '54 Almo Court');
insert into CustomerLocations (CustomerID, City, State, ZipCode, Street) values ('20', 'Champaign', 'Illinois', '61825', '4044 Eliot Lane');
insert into CustomerLocations (CustomerID, City, State, ZipCode, Street) values ('49', 'San Jose', 'California', '95160', '32 Eliot Drive');
insert into CustomerLocations (CustomerID, City, State, ZipCode, Street) values ('76', 'Milwaukee', 'Wisconsin', '53277', '51 Schurz Terrace');
insert into CustomerLocations (CustomerID, City, State, ZipCode, Street) values ('64', 'Richmond', 'Virginia', '23293', '212 Eggendart Park');
insert into CustomerLocations (CustomerID, City, State, ZipCode, Street) values ('10', 'Washington', 'District of Columbia', '20430', '3 Darwin Road');
insert into CustomerLocations (CustomerID, City, State, ZipCode, Street) values ('17', 'Albuquerque', 'New Mexico', '87180', '46 Kinsman Pass');
insert into CustomerLocations (CustomerID, City, State, ZipCode, Street) values ('65', 'Redwood City', 'California', '94064', '918 Kedzie Road');


insert into DeliveryPeople (DeliveryPersonID, FirstName, LastName, email, Phone) values (1, 'Donelle', 'Glackin', 'dglackin0@bandcamp.com', '447-999-5806');
insert into DeliveryPeople (DeliveryPersonID, FirstName, LastName, email, Phone) values (2, 'Lurline', 'Tunstall', 'ltunstall1@surveymonkey.com', '118-907-8832');
insert into DeliveryPeople (DeliveryPersonID, FirstName, LastName, email, Phone) values (3, 'Fannie', 'Fonquernie', 'ffonquernie2@redcross.org', '851-157-8239');
insert into DeliveryPeople (DeliveryPersonID, FirstName, LastName, email, Phone) values (4, 'Ebba', 'Jessen', 'ejessen3@amazon.com', '576-904-8867');
insert into DeliveryPeople (DeliveryPersonID, FirstName, LastName, email, Phone) values (5, 'Marigold', 'Beacham', 'mbeacham4@va.gov', '323-578-1562');
insert into DeliveryPeople (DeliveryPersonID, FirstName, LastName, email, Phone) values (6, 'Dixie', 'Chomiszewski', 'dchomiszewski5@bloglovin.com', '574-435-1102');
insert into DeliveryPeople (DeliveryPersonID, FirstName, LastName, email, Phone) values (7, 'Olivette', 'Stubbe', 'ostubbe6@mediafire.com', '264-440-8776');
insert into DeliveryPeople (DeliveryPersonID, FirstName, LastName, email, Phone) values (8, 'Opalina', 'McMillan', 'omcmillan7@nyu.edu', '109-928-9652');
insert into DeliveryPeople (DeliveryPersonID, FirstName, LastName, email, Phone) values (9, 'Holly', 'Regardsoe', 'hregardsoe8@un.org', '568-812-0701');
insert into DeliveryPeople (DeliveryPersonID, FirstName, LastName, email, Phone) values (10, 'Stormy', 'Skeemer', 'sskeemer9@linkedin.com', '511-171-0197');
insert into DeliveryPeople (DeliveryPersonID, FirstName, LastName, email, Phone) values (11, 'Alistair', 'Bowen', 'abowena@sitemeter.com', '544-356-1473');
insert into DeliveryPeople (DeliveryPersonID, FirstName, LastName, email, Phone) values (12, 'Verine', 'Liver', 'vliverb@stanford.edu', '580-422-6290');
insert into DeliveryPeople (DeliveryPersonID, FirstName, LastName, email, Phone) values (13, 'Curry', 'Deroche', 'cderochec@goodreads.com', '298-502-6922');
insert into DeliveryPeople (DeliveryPersonID, FirstName, LastName, email, Phone) values (14, 'Randi', 'Giraldon', 'rgiraldond@squidoo.com', '775-735-2729');
insert into DeliveryPeople (DeliveryPersonID, FirstName, LastName, email, Phone) values (15, 'Jerrine', 'Soitoux', 'jsoitouxe@wisc.edu', '903-520-2747');
insert into DeliveryPeople (DeliveryPersonID, FirstName, LastName, email, Phone) values (16, 'Pru', 'O''Donohue', 'podonohuef@nps.gov', '357-634-3693');
insert into DeliveryPeople (DeliveryPersonID, FirstName, LastName, email, Phone) values (17, 'Ardenia', 'Baum', 'abaumg@addthis.com', '382-404-7067');
insert into DeliveryPeople (DeliveryPersonID, FirstName, LastName, email, Phone) values (18, 'Betta', 'Culp', 'bculph@java.com', '731-216-0431');
insert into DeliveryPeople (DeliveryPersonID, FirstName, LastName, email, Phone) values (19, 'Minnaminnie', 'Ianinotti', 'mianinottii@nasa.gov', '574-584-4551');
insert into DeliveryPeople (DeliveryPersonID, FirstName, LastName, email, Phone) values (20, 'Alyce', 'Winram', 'awinramj@umn.edu', '759-916-2696');
insert into DeliveryPeople (DeliveryPersonID, FirstName, LastName, email, Phone) values (21, 'Ardenia', 'Gegg', 'ageggk@amazonaws.com', '169-845-5084');
insert into DeliveryPeople (DeliveryPersonID, FirstName, LastName, email, Phone) values (22, 'Ase', 'Sill', 'asilll@qq.com', '109-324-1428');
insert into DeliveryPeople (DeliveryPersonID, FirstName, LastName, email, Phone) values (23, 'Dorena', 'Hallwell', 'dhallwellm@1688.com', '986-353-4421');
insert into DeliveryPeople (DeliveryPersonID, FirstName, LastName, email, Phone) values (24, 'Ealasaid', 'Santello', 'esantellon@dailymotion.com', '645-423-8121');
insert into DeliveryPeople (DeliveryPersonID, FirstName, LastName, email, Phone) values (25, 'Etti', 'York', 'eyorko@g.co', '310-141-9936');
insert into DeliveryPeople (DeliveryPersonID, FirstName, LastName, email, Phone) values (26, 'Robenia', 'Guyton', 'rguytonp@hud.gov', '995-738-9160');
insert into DeliveryPeople (DeliveryPersonID, FirstName, LastName, email, Phone) values (27, 'Boyce', 'Wahncke', 'bwahnckeq@tripadvisor.com', '916-505-8994');
insert into DeliveryPeople (DeliveryPersonID, FirstName, LastName, email, Phone) values (28, 'Arleyne', 'Congdon', 'acongdonr@livejournal.com', '308-490-9543');
insert into DeliveryPeople (DeliveryPersonID, FirstName, LastName, email, Phone) values (29, 'Taryn', 'Karlolak', 'tkarlolaks@nymag.com', '530-587-6190');
insert into DeliveryPeople (DeliveryPersonID, FirstName, LastName, email, Phone) values (30, 'Donelle', 'Gillow', 'dgillowt@patch.com', '842-265-7489');
insert into DeliveryPeople (DeliveryPersonID, FirstName, LastName, email, Phone) values (31, 'Maddi', 'Morrant', 'mmorrantu@howstuffworks.com', '686-963-4765');
insert into DeliveryPeople (DeliveryPersonID, FirstName, LastName, email, Phone) values (32, 'Rachael', 'Galloway', 'rgallowayv@oracle.com', '519-111-2127');
insert into DeliveryPeople (DeliveryPersonID, FirstName, LastName, email, Phone) values (33, 'Roz', 'Sturton', 'rsturtonw@ted.com', '109-634-1445');
insert into DeliveryPeople (DeliveryPersonID, FirstName, LastName, email, Phone) values (34, 'Phil', 'Logesdale', 'plogesdalex@hexun.com', '875-735-9669');
insert into DeliveryPeople (DeliveryPersonID, FirstName, LastName, email, Phone) values (35, 'Lester', 'Lambal', 'llambaly@businesswire.com', '996-702-5113');
insert into DeliveryPeople (DeliveryPersonID, FirstName, LastName, email, Phone) values (36, 'Gilda', 'Filov', 'gfilovz@a8.net', '531-922-6648');
insert into DeliveryPeople (DeliveryPersonID, FirstName, LastName, email, Phone) values (37, 'Conrad', 'Letson', 'cletson10@wiley.com', '913-202-6003');
insert into DeliveryPeople (DeliveryPersonID, FirstName, LastName, email, Phone) values (38, 'Tootsie', 'Juanico', 'tjuanico11@google.co.uk', '920-929-9987');
insert into DeliveryPeople (DeliveryPersonID, FirstName, LastName, email, Phone) values (39, 'Zackariah', 'Roxbrough', 'zroxbrough12@businesswire.com', '570-278-4428');
insert into DeliveryPeople (DeliveryPersonID, FirstName, LastName, email, Phone) values (40, 'Hilliard', 'Risbie', 'hrisbie13@mediafire.com', '991-570-3696');
insert into DeliveryPeople (DeliveryPersonID, FirstName, LastName, email, Phone) values (41, 'Appolonia', 'Sherwill', 'asherwill14@seattletimes.com', '819-838-4513');
insert into DeliveryPeople (DeliveryPersonID, FirstName, LastName, email, Phone) values (42, 'Corette', 'Gravells', 'cgravells15@lycos.com', '499-899-5536');
insert into DeliveryPeople (DeliveryPersonID, FirstName, LastName, email, Phone) values (43, 'Eric', 'Bamb', 'ebamb16@nbcnews.com', '410-399-0646');
insert into DeliveryPeople (DeliveryPersonID, FirstName, LastName, email, Phone) values (44, 'Bud', 'Bertholin', 'bbertholin17@unesco.org', '797-855-3627');
insert into DeliveryPeople (DeliveryPersonID, FirstName, LastName, email, Phone) values (45, 'Carolyne', 'Clipsham', 'cclipsham18@360.cn', '770-309-9336');
insert into DeliveryPeople (DeliveryPersonID, FirstName, LastName, email, Phone) values (46, 'Pennie', 'Antonich', 'pantonich19@imgur.com', '651-615-8615');
insert into DeliveryPeople (DeliveryPersonID, FirstName, LastName, email, Phone) values (47, 'Bernardo', 'Whittlesey', 'bwhittlesey1a@hc360.com', '407-888-2956');
insert into DeliveryPeople (DeliveryPersonID, FirstName, LastName, email, Phone) values (48, 'Abbe', 'Storms', 'astorms1b@foxnews.com', '631-826-6031');
insert into DeliveryPeople (DeliveryPersonID, FirstName, LastName, email, Phone) values (49, 'Lottie', 'O''Kynsillaghe', 'lokynsillaghe1c@feedburner.com', '540-196-7076');
insert into DeliveryPeople (DeliveryPersonID, FirstName, LastName, email, Phone) values (50, 'Jay', 'Windeatt', 'jwindeatt1d@wikipedia.org', '644-883-0689');
insert into DeliveryPeople (DeliveryPersonID, FirstName, LastName, email, Phone) values (51, 'Emyle', 'Leathart', 'eleathart1e@mayoclinic.com', '954-357-2723');
insert into DeliveryPeople (DeliveryPersonID, FirstName, LastName, email, Phone) values (52, 'Timoteo', 'Frawley', 'tfrawley1f@bravesites.com', '178-983-7615');
insert into DeliveryPeople (DeliveryPersonID, FirstName, LastName, email, Phone) values (53, 'Marve', 'Scutts', 'mscutts1g@home.pl', '721-206-5871');
insert into DeliveryPeople (DeliveryPersonID, FirstName, LastName, email, Phone) values (54, 'Lenard', 'Eede', 'leede1h@geocities.com', '827-456-1029');
insert into DeliveryPeople (DeliveryPersonID, FirstName, LastName, email, Phone) values (55, 'Kermy', 'Idwal Evans', 'kidwalevans1i@google.de', '185-456-7464');
insert into DeliveryPeople (DeliveryPersonID, FirstName, LastName, email, Phone) values (56, 'Trudie', 'Hincham', 'thincham1j@sohu.com', '493-226-6627');
insert into DeliveryPeople (DeliveryPersonID, FirstName, LastName, email, Phone) values (57, 'Mellisa', 'Darlington', 'mdarlington1k@sourceforge.net', '829-488-8235');
insert into DeliveryPeople (DeliveryPersonID, FirstName, LastName, email, Phone) values (58, 'Tiebout', 'O''Sharry', 'tosharry1l@google.ca', '882-959-2504');
insert into DeliveryPeople (DeliveryPersonID, FirstName, LastName, email, Phone) values (59, 'Dorolisa', 'Hanniger', 'dhanniger1m@hostgator.com', '742-164-2221');
insert into DeliveryPeople (DeliveryPersonID, FirstName, LastName, email, Phone) values (60, 'Joline', 'Beckley', 'jbeckley1n@hibu.com', '479-930-7895');


insert into DeliveryTransportation (TransportationID, Color, Type, RegistrationNumber, DeliveryPersonID) values (1, 'Red', 'bike', '40-528-0310', '44');
insert into DeliveryTransportation (TransportationID, Color, Type, RegistrationNumber, DeliveryPersonID) values (2, 'Goldenrod', 'bike', '36-840-4627', '52');
insert into DeliveryTransportation (TransportationID, Color, Type, RegistrationNumber, DeliveryPersonID) values (3, 'Puce', 'car', '14-650-7011', '58');
insert into DeliveryTransportation (TransportationID, Color, Type, RegistrationNumber, DeliveryPersonID) values (4, 'Violet', 'horse and buggy', '65-166-5678', '7');
insert into DeliveryTransportation (TransportationID, Color, Type, RegistrationNumber, DeliveryPersonID) values (5, 'Turquoise', 'motorcycle', '47-291-1512', '19');
insert into DeliveryTransportation (TransportationID, Color, Type, RegistrationNumber, DeliveryPersonID) values (6, 'Maroon', 'e-bike', '30-836-4975', '21');
insert into DeliveryTransportation (TransportationID, Color, Type, RegistrationNumber, DeliveryPersonID) values (7, 'Purple', 'e-bike', '63-566-5514', '59');
insert into DeliveryTransportation (TransportationID, Color, Type, RegistrationNumber, DeliveryPersonID) values (8, 'Mauv', 'car', '26-816-6471', '17');
insert into DeliveryTransportation (TransportationID, Color, Type, RegistrationNumber, DeliveryPersonID) values (9, 'Aquamarine', 'motorcycle', '39-619-1938', '4');
insert into DeliveryTransportation (TransportationID, Color, Type, RegistrationNumber, DeliveryPersonID) values (10, 'Maroon', 'e-bike', '12-844-9913', '48');
insert into DeliveryTransportation (TransportationID, Color, Type, RegistrationNumber, DeliveryPersonID) values (11, 'Fuscia', 'motorcycle', '77-873-4274', '20');
insert into DeliveryTransportation (TransportationID, Color, Type, RegistrationNumber, DeliveryPersonID) values (12, 'Puce', 'bike', '87-817-0118', '27');
insert into DeliveryTransportation (TransportationID, Color, Type, RegistrationNumber, DeliveryPersonID) values (13, 'Pink', 'car', '53-852-3211', '43');
insert into DeliveryTransportation (TransportationID, Color, Type, RegistrationNumber, DeliveryPersonID) values (14, 'Violet', 'bike', '20-926-7149', '53');
insert into DeliveryTransportation (TransportationID, Color, Type, RegistrationNumber, DeliveryPersonID) values (15, 'Teal', 'horse and buggy', '17-882-1188', '41');
insert into DeliveryTransportation (TransportationID, Color, Type, RegistrationNumber, DeliveryPersonID) values (16, 'Orange', 'bike', '78-683-8142', '40');
insert into DeliveryTransportation (TransportationID, Color, Type, RegistrationNumber, DeliveryPersonID) values (17, 'Maroon', 'bike', '57-476-0105', '16');
insert into DeliveryTransportation (TransportationID, Color, Type, RegistrationNumber, DeliveryPersonID) values (18, 'Puce', 'bike', '18-535-2087', '5');
insert into DeliveryTransportation (TransportationID, Color, Type, RegistrationNumber, DeliveryPersonID) values (19, 'Indigo', 'car', '26-129-6085', '25');
insert into DeliveryTransportation (TransportationID, Color, Type, RegistrationNumber, DeliveryPersonID) values (20, 'Mauv', 'bike', '49-289-5544', '31');
insert into DeliveryTransportation (TransportationID, Color, Type, RegistrationNumber, DeliveryPersonID) values (21, 'Goldenrod', 'car', '21-099-4167', '24');
insert into DeliveryTransportation (TransportationID, Color, Type, RegistrationNumber, DeliveryPersonID) values (22, 'Fuscia', 'e-bike', '68-152-4609', '33');
insert into DeliveryTransportation (TransportationID, Color, Type, RegistrationNumber, DeliveryPersonID) values (23, 'Khaki', 'e-bike', '03-535-9020', '57');
insert into DeliveryTransportation (TransportationID, Color, Type, RegistrationNumber, DeliveryPersonID) values (24, 'Purple', 'horse and buggy', '60-116-1257', '14');
insert into DeliveryTransportation (TransportationID, Color, Type, RegistrationNumber, DeliveryPersonID) values (25, 'Crimson', 'car', '43-285-4568', '38');
insert into DeliveryTransportation (TransportationID, Color, Type, RegistrationNumber, DeliveryPersonID) values (26, 'Yellow', 'motorcycle', '42-210-7438', '18');
insert into DeliveryTransportation (TransportationID, Color, Type, RegistrationNumber, DeliveryPersonID) values (27, 'Purple', 'bike', '71-706-1543', '55');
insert into DeliveryTransportation (TransportationID, Color, Type, RegistrationNumber, DeliveryPersonID) values (28, 'Violet', 'bike', '53-936-4316', '54');
insert into DeliveryTransportation (TransportationID, Color, Type, RegistrationNumber, DeliveryPersonID) values (29, 'Yellow', 'horse and buggy', '97-011-4605', '49');
insert into DeliveryTransportation (TransportationID, Color, Type, RegistrationNumber, DeliveryPersonID) values (30, 'Blue', 'bike', '97-628-1160', '60');
insert into DeliveryTransportation (TransportationID, Color, Type, RegistrationNumber, DeliveryPersonID) values (31, 'Red', 'car', '88-640-6638', '30');
insert into DeliveryTransportation (TransportationID, Color, Type, RegistrationNumber, DeliveryPersonID) values (32, 'Fuscia', 'car', '39-329-1221', '2');
insert into DeliveryTransportation (TransportationID, Color, Type, RegistrationNumber, DeliveryPersonID) values (33, 'Maroon', 'car', '30-245-5690', '29');
insert into DeliveryTransportation (TransportationID, Color, Type, RegistrationNumber, DeliveryPersonID) values (34, 'Yellow', 'bike', '65-827-2501', '13');
insert into DeliveryTransportation (TransportationID, Color, Type, RegistrationNumber, DeliveryPersonID) values (35, 'Indigo', 'car', '35-365-4598', '12');
insert into DeliveryTransportation (TransportationID, Color, Type, RegistrationNumber, DeliveryPersonID) values (36, 'Purple', 'horse and buggy', '50-752-6122', '11');
insert into DeliveryTransportation (TransportationID, Color, Type, RegistrationNumber, DeliveryPersonID) values (37, 'Puce', 'bike', '18-429-5502', '45');
insert into DeliveryTransportation (TransportationID, Color, Type, RegistrationNumber, DeliveryPersonID) values (38, 'Indigo', 'car', '86-306-5289', '9');
insert into DeliveryTransportation (TransportationID, Color, Type, RegistrationNumber, DeliveryPersonID) values (39, 'Yellow', 'e-bike', '74-346-7561', '35');
insert into DeliveryTransportation (TransportationID, Color, Type, RegistrationNumber, DeliveryPersonID) values (40, 'Violet', 'e-bike', '99-871-2783', '8');
insert into DeliveryTransportation (TransportationID, Color, Type, RegistrationNumber, DeliveryPersonID) values (41, 'Indigo', 'car', '83-475-1185', '6');
insert into DeliveryTransportation (TransportationID, Color, Type, RegistrationNumber, DeliveryPersonID) values (42, 'Crimson', 'horse and buggy', '54-178-5884', '37');
insert into DeliveryTransportation (TransportationID, Color, Type, RegistrationNumber, DeliveryPersonID) values (43, 'Yellow', 'bike', '36-026-5911', '23');
insert into DeliveryTransportation (TransportationID, Color, Type, RegistrationNumber, DeliveryPersonID) values (44, 'Blue', 'horse and buggy', '11-523-1711', '50');
insert into DeliveryTransportation (TransportationID, Color, Type, RegistrationNumber, DeliveryPersonID) values (45, 'Blue', 'motorcycle', '00-784-1691', '56');
insert into DeliveryTransportation (TransportationID, Color, Type, RegistrationNumber, DeliveryPersonID) values (46, 'Indigo', 'horse and buggy', '14-495-7363', '42');
insert into DeliveryTransportation (TransportationID, Color, Type, RegistrationNumber, DeliveryPersonID) values (47, 'Green', 'e-bike', '89-214-6292', '34');
insert into DeliveryTransportation (TransportationID, Color, Type, RegistrationNumber, DeliveryPersonID) values (48, 'Violet', 'bike', '54-397-5142', '47');
insert into DeliveryTransportation (TransportationID, Color, Type, RegistrationNumber, DeliveryPersonID) values (49, 'Yellow', 'horse and buggy', '61-295-7449', '36');
insert into DeliveryTransportation (TransportationID, Color, Type, RegistrationNumber, DeliveryPersonID) values (50, 'Goldenrod', 'horse and buggy', '09-133-1899', '3');
insert into DeliveryTransportation (TransportationID, Color, Type, RegistrationNumber, DeliveryPersonID) values (51, 'Crimson', 'horse and buggy', '17-557-8216', '32');
insert into DeliveryTransportation (TransportationID, Color, Type, RegistrationNumber, DeliveryPersonID) values (52, 'Yellow', 'motorcycle', '58-385-6148', '28');
insert into DeliveryTransportation (TransportationID, Color, Type, RegistrationNumber, DeliveryPersonID) values (53, 'Mauv', 'car', '43-682-5706', '1');
insert into DeliveryTransportation (TransportationID, Color, Type, RegistrationNumber, DeliveryPersonID) values (54, 'Purple', 'bike', '51-954-2187', '46');
insert into DeliveryTransportation (TransportationID, Color, Type, RegistrationNumber, DeliveryPersonID) values (55, 'Blue', 'horse and buggy', '03-011-5912', '39');
insert into DeliveryTransportation (TransportationID, Color, Type, RegistrationNumber, DeliveryPersonID) values (56, 'Violet', 'e-bike', '38-246-0566', '51');
insert into DeliveryTransportation (TransportationID, Color, Type, RegistrationNumber, DeliveryPersonID) values (57, 'Orange', 'bike', '58-275-3409', '26');
insert into DeliveryTransportation (TransportationID, Color, Type, RegistrationNumber, DeliveryPersonID) values (58, 'Aquamarine', 'e-bike', '24-057-7670', '10');
insert into DeliveryTransportation (TransportationID, Color, Type, RegistrationNumber, DeliveryPersonID) values (59, 'Turquoise', 'e-bike', '89-738-0960', '22');
insert into DeliveryTransportation (TransportationID, Color, Type, RegistrationNumber, DeliveryPersonID) values (60, 'Crimson', 'horse and buggy', '84-010-6940', '15');
insert into DeliveryTransportation (TransportationID, Color, Type, RegistrationNumber, DeliveryPersonID) values (61, 'Purple', 'horse and buggy', '03-094-3073', '25');
insert into DeliveryTransportation (TransportationID, Color, Type, RegistrationNumber, DeliveryPersonID) values (62, 'Maroon', 'bike', '41-652-2381', '41');
insert into DeliveryTransportation (TransportationID, Color, Type, RegistrationNumber, DeliveryPersonID) values (63, 'Khaki', 'horse and buggy', '09-432-8499', '35');
insert into DeliveryTransportation (TransportationID, Color, Type, RegistrationNumber, DeliveryPersonID) values (64, 'Pink', 'horse and buggy', '07-918-7922', '34');
insert into DeliveryTransportation (TransportationID, Color, Type, RegistrationNumber, DeliveryPersonID) values (65, 'Indigo', 'motorcycle', '30-381-1079', '10');
insert into DeliveryTransportation (TransportationID, Color, Type, RegistrationNumber, DeliveryPersonID) values (66, 'Red', 'car', '13-217-3224', '11');
insert into DeliveryTransportation (TransportationID, Color, Type, RegistrationNumber, DeliveryPersonID) values (67, 'Goldenrod', 'bike', '30-473-9892', '33');
insert into DeliveryTransportation (TransportationID, Color, Type, RegistrationNumber, DeliveryPersonID) values (68, 'Green', 'car', '58-453-0145', '49');
insert into DeliveryTransportation (TransportationID, Color, Type, RegistrationNumber, DeliveryPersonID) values (69, 'Puce', 'motorcycle', '96-642-2155', '24');
insert into DeliveryTransportation (TransportationID, Color, Type, RegistrationNumber, DeliveryPersonID) values (70, 'Pink', 'motorcycle', '55-440-0049', '15');

insert into Order (OrderID, TotalSales, VendorID, DeliveryDate, CustomerID, DeliveryPersonID) values (1, '$360.55', '36', '16-12-2023', '19', '29');
insert into Order (OrderID, TotalSales, VendorID, DeliveryDate, CustomerID, DeliveryPersonID) values (2, '$482.30', '17', '06-07-2023', '49', '32');
insert into Order (OrderID, TotalSales, VendorID, DeliveryDate, CustomerID, DeliveryPersonID) values (3, '$303.81', '54', '01-12-2022', '64', '23');
insert into Order (OrderID, TotalSales, VendorID, DeliveryDate, CustomerID, DeliveryPersonID) values (4, '$520.81', '48', '05-12-2022', '65', '17');
insert into Order (OrderID, TotalSales, VendorID, DeliveryDate, CustomerID, DeliveryPersonID) values (5, '$384.96', '24', '25-08-2023', '3', '2');
insert into Order (OrderID, TotalSales, VendorID, DeliveryDate, CustomerID, DeliveryPersonID) values (6, '$465.01', '66', '13-12-2022', '74', '40');
insert into Order (OrderID, TotalSales, VendorID, DeliveryDate, CustomerID, DeliveryPersonID) values (7, '$213.28', '5', '28-06-2023', '35', '36');
insert into Order (OrderID, TotalSales, VendorID, DeliveryDate, CustomerID, DeliveryPersonID) values (8, '$926.30', '67', '21-08-2023', '15', '35');
insert into Order (OrderID, TotalSales, VendorID, DeliveryDate, CustomerID, DeliveryPersonID) values (9, '$161.65', '47', '07-12-2023', '62', '30');
insert into Order (OrderID, TotalSales, VendorID, DeliveryDate, CustomerID, DeliveryPersonID) values (10, '$463.97', '15', '13-12-2023', '54', '54');
insert into Order (OrderID, TotalSales, VendorID, DeliveryDate, CustomerID, DeliveryPersonID) values (11, '$868.83', '38', '27-12-2023', '73', '44');
insert into Order (OrderID, TotalSales, VendorID, DeliveryDate, CustomerID, DeliveryPersonID) values (12, '$277.06', '11', '14-07-2023', '75', '49');
insert into Order (OrderID, TotalSales, VendorID, DeliveryDate, CustomerID, DeliveryPersonID) values (13, '$768.27', '64', '02-04-2023', '2', '19');
insert into Order (OrderID, TotalSales, VendorID, DeliveryDate, CustomerID, DeliveryPersonID) values (14, '$242.67', '14', '20-03-2023', '91', '58');
insert into Order (OrderID, TotalSales, VendorID, DeliveryDate, CustomerID, DeliveryPersonID) values (15, '$27.33', '60', '10-08-2023', '52', '5');
insert into Order (OrderID, TotalSales, VendorID, DeliveryDate, CustomerID, DeliveryPersonID) values (16, '$106.08', '6', '23-09-2023', '42', '37');
insert into Order (OrderID, TotalSales, VendorID, DeliveryDate, CustomerID, DeliveryPersonID) values (17, '$490.33', '27', '14-12-2023', '85', '18');
insert into Order (OrderID, TotalSales, VendorID, DeliveryDate, CustomerID, DeliveryPersonID) values (18, '$32.72', '18', '04-02-2024', '26', '26');
insert into Order (OrderID, TotalSales, VendorID, DeliveryDate, CustomerID, DeliveryPersonID) values (19, '$813.11', '30', '10-05-2023', '34', '6');
insert into Order (OrderID, TotalSales, VendorID, DeliveryDate, CustomerID, DeliveryPersonID) values (20, '$938.22', '32', '05-02-2024', '82', '52');
insert into Order (OrderID, TotalSales, VendorID, DeliveryDate, CustomerID, DeliveryPersonID) values (21, '$532.81', '23', '29-06-2023', '61', '46');
insert into Order (OrderID, TotalSales, VendorID, DeliveryDate, CustomerID, DeliveryPersonID) values (22, '$420.58', '52', '07-01-2023', '95', '41');
insert into Order (OrderID, TotalSales, VendorID, DeliveryDate, CustomerID, DeliveryPersonID) values (23, '$375.57', '45', '13-08-2023', '29', '22');
insert into Order (OrderID, TotalSales, VendorID, DeliveryDate, CustomerID, DeliveryPersonID) values (24, '$281.95', '49', '11-02-2023', '14', '48');
insert into Order (OrderID, TotalSales, VendorID, DeliveryDate, CustomerID, DeliveryPersonID) values (25, '$182.67', '21', '12-09-2023', '56', '31');
insert into Order (OrderID, TotalSales, VendorID, DeliveryDate, CustomerID, DeliveryPersonID) values (26, '$232.94', '2', '07-08-2023', '40', '4');
insert into Order (OrderID, TotalSales, VendorID, DeliveryDate, CustomerID, DeliveryPersonID) values (27, '$855.98', '44', '08-01-2023', '92', '12');
insert into Order (OrderID, TotalSales, VendorID, DeliveryDate, CustomerID, DeliveryPersonID) values (28, '$967.09', '50', '30-12-2023', '6', '53');
insert into Order (OrderID, TotalSales, VendorID, DeliveryDate, CustomerID, DeliveryPersonID) values (29, '$661.80', '65', '29-01-2023', '12', '21');
insert into Order (OrderID, TotalSales, VendorID, DeliveryDate, CustomerID, DeliveryPersonID) values (30, '$942.49', '55', '12-01-2023', '84', '20');
insert into Order (OrderID, TotalSales, VendorID, DeliveryDate, CustomerID, DeliveryPersonID) values (31, '$565.91', '26', '07-01-2024', '60', '11');
insert into Order (OrderID, TotalSales, VendorID, DeliveryDate, CustomerID, DeliveryPersonID) values (32, '$635.76', '57', '11-11-2023', '8', '25');
insert into Order (OrderID, TotalSales, VendorID, DeliveryDate, CustomerID, DeliveryPersonID) values (33, '$468.07', '51', '11-02-2024', '41', '8');
insert into Order (OrderID, TotalSales, VendorID, DeliveryDate, CustomerID, DeliveryPersonID) values (34, '$663.20', '39', '07-01-2023', '38', '1');
insert into Order (OrderID, TotalSales, VendorID, DeliveryDate, CustomerID, DeliveryPersonID) values (35, '$615.99', '25', '21-06-2023', '79', '57');
insert into Order (OrderID, TotalSales, VendorID, DeliveryDate, CustomerID, DeliveryPersonID) values (36, '$33.65', '43', '18-02-2023', '17', '39');
insert into Order (OrderID, TotalSales, VendorID, DeliveryDate, CustomerID, DeliveryPersonID) values (37, '$873.43', '9', '28-11-2022', '31', '10');
insert into Order (OrderID, TotalSales, VendorID, DeliveryDate, CustomerID, DeliveryPersonID) values (38, '$335.55', '4', '07-08-2023', '86', '50');
insert into Order (OrderID, TotalSales, VendorID, DeliveryDate, CustomerID, DeliveryPersonID) values (39, '$51.61', '37', '07-01-2023', '43', '56');
insert into Order (OrderID, TotalSales, VendorID, DeliveryDate, CustomerID, DeliveryPersonID) values (40, '$677.45', '59', '18-02-2023', '94', '43');
insert into Order (OrderID, TotalSales, VendorID, DeliveryDate, CustomerID, DeliveryPersonID) values (41, '$360.81', '63', '04-12-2022', '13', '27');
insert into Order (OrderID, TotalSales, VendorID, DeliveryDate, CustomerID, DeliveryPersonID) values (42, '$826.70', '31', '05-07-2023', '77', '34');
insert into Order (OrderID, TotalSales, VendorID, DeliveryDate, CustomerID, DeliveryPersonID) values (43, '$898.50', '10', '26-11-2023', '80', '15');
insert into Order (OrderID, TotalSales, VendorID, DeliveryDate, CustomerID, DeliveryPersonID) values (44, '$390.49', '1', '02-02-2024', '28', '42');
insert into Order (OrderID, TotalSales, VendorID, DeliveryDate, CustomerID, DeliveryPersonID) values (45, '$981.89', '3', '28-09-2023', '88', '14');
insert into Order (OrderID, TotalSales, VendorID, DeliveryDate, CustomerID, DeliveryPersonID) values (46, '$146.72', '68', '12-02-2024', '53', '55');
insert into Order (OrderID, TotalSales, VendorID, DeliveryDate, CustomerID, DeliveryPersonID) values (47, '$129.23', '46', '21-01-2023', '100', '24');
insert into Order (OrderID, TotalSales, VendorID, DeliveryDate, CustomerID, DeliveryPersonID) values (48, '$541.93', '56', '30-09-2023', '78', '59');
insert into Order (OrderID, TotalSales, VendorID, DeliveryDate, CustomerID, DeliveryPersonID) values (49, '$738.16', '62', '28-12-2022', '11', '47');
insert into Order (OrderID, TotalSales, VendorID, DeliveryDate, CustomerID, DeliveryPersonID) values (50, '$203.41', '13', '11-02-2023', '23', '13');
insert into Order (OrderID, TotalSales, VendorID, DeliveryDate, CustomerID, DeliveryPersonID) values (51, '$186.91', '58', '04-01-2024', '83', '38');
insert into Order (OrderID, TotalSales, VendorID, DeliveryDate, CustomerID, DeliveryPersonID) values (52, '$367.45', '35', '14-09-2023', '59', '3');
insert into Order (OrderID, TotalSales, VendorID, DeliveryDate, CustomerID, DeliveryPersonID) values (53, '$685.95', '70', '04-09-2023', '57', '51');
insert into Order (OrderID, TotalSales, VendorID, DeliveryDate, CustomerID, DeliveryPersonID) values (54, '$744.59', '12', '06-01-2023', '9', '45');
insert into Order (OrderID, TotalSales, VendorID, DeliveryDate, CustomerID, DeliveryPersonID) values (55, '$309.19', '20', '27-10-2023', '89', '28');
insert into Order (OrderID, TotalSales, VendorID, DeliveryDate, CustomerID, DeliveryPersonID) values (56, '$664.82', '33', '03-02-2023', '68', '33');
insert into Order (OrderID, TotalSales, VendorID, DeliveryDate, CustomerID, DeliveryPersonID) values (57, '$883.03', '16', '13-03-2023', '76', '9');
insert into Order (OrderID, TotalSales, VendorID, DeliveryDate, CustomerID, DeliveryPersonID) values (58, '$759.41', '34', '07-08-2023', '96', '16');
insert into Order (OrderID, TotalSales, VendorID, DeliveryDate, CustomerID, DeliveryPersonID) values (59, '$403.87', '53', '03-12-2022', '93', '60');
insert into Order (OrderID, TotalSales, VendorID, DeliveryDate, CustomerID, DeliveryPersonID) values (60, '$4.09', '29', '18-06-2023', '50', '7');
insert into Order (OrderID, TotalSales, VendorID, DeliveryDate, CustomerID, DeliveryPersonID) values (61, '$664.50', '28', '19-09-2023', '5', '16');
insert into Order (OrderID, TotalSales, VendorID, DeliveryDate, CustomerID, DeliveryPersonID) values (62, '$734.52', '41', '26-01-2023', '4', '25');
insert into Order (OrderID, TotalSales, VendorID, DeliveryDate, CustomerID, DeliveryPersonID) values (63, '$268.08', '42', '30-12-2022', '30', '45');
insert into Order (OrderID, TotalSales, VendorID, DeliveryDate, CustomerID, DeliveryPersonID) values (64, '$748.62', '19', '13-10-2023', '16', '24');
insert into Order (OrderID, TotalSales, VendorID, DeliveryDate, CustomerID, DeliveryPersonID) values (65, '$109.71', '69', '14-11-2023', '90', '26');
insert into Order (OrderID, TotalSales, VendorID, DeliveryDate, CustomerID, DeliveryPersonID) values (66, '$509.15', '8', '30-04-2023', '45', '47');
insert into Order (OrderID, TotalSales, VendorID, DeliveryDate, CustomerID, DeliveryPersonID) values (67, '$771.31', '22', '13-04-2023', '58', '40');
insert into Order (OrderID, TotalSales, VendorID, DeliveryDate, CustomerID, DeliveryPersonID) values (68, '$568.60', '40', '15-03-2023', '18', '55');
insert into Order (OrderID, TotalSales, VendorID, DeliveryDate, CustomerID, DeliveryPersonID) values (69, '$311.19', '7', '26-07-2023', '98', '2');
insert into Order (OrderID, TotalSales, VendorID, DeliveryDate, CustomerID, DeliveryPersonID) values (70, '$315.78', '61', '09-06-2023', '67', '33');
insert into Order (OrderID, TotalSales, VendorID, DeliveryDate, CustomerID, DeliveryPersonID) values (71, '$440.05', '44', '06-12-2023', '27', '54');
insert into Order (OrderID, TotalSales, VendorID, DeliveryDate, CustomerID, DeliveryPersonID) values (72, '$873.13', '6', '15-08-2023', '63', '56');
insert into Order (OrderID, TotalSales, VendorID, DeliveryDate, CustomerID, DeliveryPersonID) values (73, '$292.29', '37', '15-01-2024', '46', '5');
insert into Order (OrderID, TotalSales, VendorID, DeliveryDate, CustomerID, DeliveryPersonID) values (74, '$989.09', '5', '04-02-2024', '36', '49');
insert into Order (OrderID, TotalSales, VendorID, DeliveryDate, CustomerID, DeliveryPersonID) values (75, '$594.19', '21', '11-04-2023', '10', '15');
insert into Order (OrderID, TotalSales, VendorID, DeliveryDate, CustomerID, DeliveryPersonID) values (76, '$895.70', '2', '23-11-2023', '7', '36');
insert into Order (OrderID, TotalSales, VendorID, DeliveryDate, CustomerID, DeliveryPersonID) values (77, '$56.97', '68', '28-04-2023', '87', '50');
insert into Order (OrderID, TotalSales, VendorID, DeliveryDate, CustomerID, DeliveryPersonID) values (78, '$158.02', '51', '30-12-2023', '20', '28');
insert into Order (OrderID, TotalSales, VendorID, DeliveryDate, CustomerID, DeliveryPersonID) values (79, '$409.46', '23', '21-01-2024', '72', '23');
insert into Order (OrderID, TotalSales, VendorID, DeliveryDate, CustomerID, DeliveryPersonID) values (80, '$110.62', '70', '02-02-2023', '51', '22');
insert into Order (OrderID, TotalSales, VendorID, DeliveryDate, CustomerID, DeliveryPersonID) values (81, '$823.38', '63', '14-06-2023', '39', '37');
insert into Order (OrderID, TotalSales, VendorID, DeliveryDate, CustomerID, DeliveryPersonID) values (82, '$345.21', '20', '28-12-2022', '24', '32');
insert into Order (OrderID, TotalSales, VendorID, DeliveryDate, CustomerID, DeliveryPersonID) values (83, '$291.52', '41', '12-03-2023', '69', '6');
insert into Order (OrderID, TotalSales, VendorID, DeliveryDate, CustomerID, DeliveryPersonID) values (84, '$268.89', '25', '25-01-2024', '66', '8');
insert into Order (OrderID, TotalSales, VendorID, DeliveryDate, CustomerID, DeliveryPersonID) values (85, '$424.34', '18', '05-12-2023', '71', '42');
insert into Order (OrderID, TotalSales, VendorID, DeliveryDate, CustomerID, DeliveryPersonID) values (86, '$129.04', '34', '11-02-2024', '22', '39');
insert into Order (OrderID, TotalSales, VendorID, DeliveryDate, CustomerID, DeliveryPersonID) values (87, '$228.69', '7', '02-03-2023', '48', '34');
insert into Order (OrderID, TotalSales, VendorID, DeliveryDate, CustomerID, DeliveryPersonID) values (88, '$21.18', '53', '12-02-2024', '44', '35');
insert into Order (OrderID, TotalSales, VendorID, DeliveryDate, CustomerID, DeliveryPersonID) values (89, '$170.31', '35', '16-11-2023', '32', '10');
insert into Order (OrderID, TotalSales, VendorID, DeliveryDate, CustomerID, DeliveryPersonID) values (90, '$866.54', '47', '14-07-2023', '1', '52');
insert into Order (OrderID, TotalSales, VendorID, DeliveryDate, CustomerID, DeliveryPersonID) values (91, '$114.40', '58', '27-07-2023', '25', '31');
insert into Order (OrderID, TotalSales, VendorID, DeliveryDate, CustomerID, DeliveryPersonID) values (92, '$871.65', '12', '10-02-2023', '47', '20');
insert into Order (OrderID, TotalSales, VendorID, DeliveryDate, CustomerID, DeliveryPersonID) values (93, '$970.95', '17', '30-04-2023', '81', '12');
insert into Order (OrderID, TotalSales, VendorID, DeliveryDate, CustomerID, DeliveryPersonID) values (94, '$237.21', '30', '14-09-2023', '55', '60');
insert into Order (OrderID, TotalSales, VendorID, DeliveryDate, CustomerID, DeliveryPersonID) values (95, '$584.80', '45', '31-12-2022', '70', '48');
insert into Order (OrderID, TotalSales, VendorID, DeliveryDate, CustomerID, DeliveryPersonID) values (96, '$760.48', '8', '09-09-2023', '37', '30');
insert into Order (OrderID, TotalSales, VendorID, DeliveryDate, CustomerID, DeliveryPersonID) values (97, '$568.67', '69', '26-04-2023', '33', '7');
insert into Order (OrderID, TotalSales, VendorID, DeliveryDate, CustomerID, DeliveryPersonID) values (98, '$727.94', '60', '29-01-2024', '99', '59');
insert into Order (OrderID, TotalSales, VendorID, DeliveryDate, CustomerID, DeliveryPersonID) values (99, '$619.94', '55', '30-11-2022', '21', '57');
insert into Order (OrderID, TotalSales, VendorID, DeliveryDate, CustomerID, DeliveryPersonID) values (100, '$73.59', '65', '21-07-2023', '40', '58');
insert into Order (OrderID, TotalSales, VendorID, DeliveryDate, CustomerID, DeliveryPersonID) values (101, '$113.10', '27', '12-05-2023', '73', '29');
insert into Order (OrderID, TotalSales, VendorID, DeliveryDate, CustomerID, DeliveryPersonID) values (102, '$610.56', '26', '01-12-2022', '12', '46');
insert into Order (OrderID, TotalSales, VendorID, DeliveryDate, CustomerID, DeliveryPersonID) values (103, '$756.48', '14', '11-06-2023', '29', '51');
insert into Order (OrderID, TotalSales, VendorID, DeliveryDate, CustomerID, DeliveryPersonID) values (104, '$981.88', '32', '18-08-2023', '31', '21');
insert into Order (OrderID, TotalSales, VendorID, DeliveryDate, CustomerID, DeliveryPersonID) values (105, '$556.10', '15', '23-10-2023', '5', '44');
insert into Order (OrderID, TotalSales, VendorID, DeliveryDate, CustomerID, DeliveryPersonID) values (106, '$267.53', '19', '14-12-2022', '74', '11');
insert into Order (OrderID, TotalSales, VendorID, DeliveryDate, CustomerID, DeliveryPersonID) values (107, '$499.98', '62', '08-10-2023', '94', '1');
insert into Order (OrderID, TotalSales, VendorID, DeliveryDate, CustomerID, DeliveryPersonID) values (108, '$337.43', '24', '08-10-2023', '71', '18');
insert into Order (OrderID, TotalSales, VendorID, DeliveryDate, CustomerID, DeliveryPersonID) values (109, '$203.97', '59', '23-11-2023', '13', '38');
insert into Order (OrderID, TotalSales, VendorID, DeliveryDate, CustomerID, DeliveryPersonID) values (110, '$125.01', '39', '09-07-2023', '8', '43');
insert into Order (OrderID, TotalSales, VendorID, DeliveryDate, CustomerID, DeliveryPersonID) values (111, '$865.25', '38', '14-12-2023', '20', '41');
insert into Order (OrderID, TotalSales, VendorID, DeliveryDate, CustomerID, DeliveryPersonID) values (112, '$673.73', '4', '09-01-2023', '98', '17');
insert into Order (OrderID, TotalSales, VendorID, DeliveryDate, CustomerID, DeliveryPersonID) values (113, '$531.09', '67', '22-11-2023', '76', '19');
insert into Order (OrderID, TotalSales, VendorID, DeliveryDate, CustomerID, DeliveryPersonID) values (114, '$514.02', '40', '09-05-2023', '83', '9');
insert into Order (OrderID, TotalSales, VendorID, DeliveryDate, CustomerID, DeliveryPersonID) values (115, '$973.95', '48', '04-08-2023', '97', '53');
insert into Order (OrderID, TotalSales, VendorID, DeliveryDate, CustomerID, DeliveryPersonID) values (116, '$499.67', '13', '29-07-2023', '65', '27');
insert into Order (OrderID, TotalSales, VendorID, DeliveryDate, CustomerID, DeliveryPersonID) values (117, '$389.14', '10', '03-03-2023', '17', '13');
insert into Order (OrderID, TotalSales, VendorID, DeliveryDate, CustomerID, DeliveryPersonID) values (118, '$707.51', '11', '04-11-2023', '86', '14');
insert into Order (OrderID, TotalSales, VendorID, DeliveryDate, CustomerID, DeliveryPersonID) values (119, '$922.83', '54', '08-02-2024', '51', '3');
insert into Order (OrderID, TotalSales, VendorID, DeliveryDate, CustomerID, DeliveryPersonID) values (120, '$609.50', '50', '23-12-2022', '64', '4');
insert into Order (OrderID, TotalSales, VendorID, DeliveryDate, CustomerID, DeliveryPersonID) values (121, '$118.79', '52', '27-01-2023', '92', '35');
insert into Order (OrderID, TotalSales, VendorID, DeliveryDate, CustomerID, DeliveryPersonID) values (122, '$310.96', '64', '14-12-2023', '1', '47');
insert into Order (OrderID, TotalSales, VendorID, DeliveryDate, CustomerID, DeliveryPersonID) values (123, '$182.99', '1', '22-10-2023', '41', '8');
insert into Order (OrderID, TotalSales, VendorID, DeliveryDate, CustomerID, DeliveryPersonID) values (124, '$536.73', '31', '12-12-2023', '49', '15');
insert into Order (OrderID, TotalSales, VendorID, DeliveryDate, CustomerID, DeliveryPersonID) values (125, '$350.55', '57', '22-05-2023', '2', '56');
insert into Order (OrderID, TotalSales, VendorID, DeliveryDate, CustomerID, DeliveryPersonID) values (126, '$899.36', '22', '21-07-2023', '39', '9');
insert into Order (OrderID, TotalSales, VendorID, DeliveryDate, CustomerID, DeliveryPersonID) values (127, '$88.37', '42', '25-12-2022', '10', '30');
insert into Order (OrderID, TotalSales, VendorID, DeliveryDate, CustomerID, DeliveryPersonID) values (128, '$794.12', '66', '01-03-2023', '22', '34');
insert into Order (OrderID, TotalSales, VendorID, DeliveryDate, CustomerID, DeliveryPersonID) values (129, '$249.81', '9', '15-12-2023', '3', '36');
insert into Order (OrderID, TotalSales, VendorID, DeliveryDate, CustomerID, DeliveryPersonID) values (130, '$863.41', '28', '24-06-2023', '46', '25');
insert into Order (OrderID, TotalSales, VendorID, DeliveryDate, CustomerID, DeliveryPersonID) values (131, '$124.33', '49', '01-06-2023', '15', '14');
insert into Order (OrderID, TotalSales, VendorID, DeliveryDate, CustomerID, DeliveryPersonID) values (132, '$205.03', '29', '05-09-2023', '38', '39');
insert into Order (OrderID, TotalSales, VendorID, DeliveryDate, CustomerID, DeliveryPersonID) values (133, '$574.62', '56', '16-12-2022', '58', '40');
insert into Order (OrderID, TotalSales, VendorID, DeliveryDate, CustomerID, DeliveryPersonID) values (134, '$209.00', '61', '25-10-2023', '67', '31');
insert into Order (OrderID, TotalSales, VendorID, DeliveryDate, CustomerID, DeliveryPersonID) values (135, '$373.74', '46', '29-07-2023', '96', '22');
insert into Order (OrderID, TotalSales, VendorID, DeliveryDate, CustomerID, DeliveryPersonID) values (136, '$989.54', '43', '25-10-2023', '57', '24');
insert into Order (OrderID, TotalSales, VendorID, DeliveryDate, CustomerID, DeliveryPersonID) values (137, '$38.20', '33', '07-06-2023', '99', '12');
insert into Order (OrderID, TotalSales, VendorID, DeliveryDate, CustomerID, DeliveryPersonID) values (138, '$701.65', '16', '13-01-2024', '89', '1');
insert into Order (OrderID, TotalSales, VendorID, DeliveryDate, CustomerID, DeliveryPersonID) values (139, '$484.14', '3', '08-01-2024', '27', '50');
insert into Order (OrderID, TotalSales, VendorID, DeliveryDate, CustomerID, DeliveryPersonID) values (140, '$391.69', '36', '26-04-2023', '37', '44');
insert into Order (OrderID, TotalSales, VendorID, DeliveryDate, CustomerID, DeliveryPersonID) values (141, '$256.04', '3', '13-02-2024', '59', '21');
insert into Order (OrderID, TotalSales, VendorID, DeliveryDate, CustomerID, DeliveryPersonID) values (142, '$857.63', '28', '22-10-2023', '69', '18');
insert into Order (OrderID, TotalSales, VendorID, DeliveryDate, CustomerID, DeliveryPersonID) values (143, '$414.97', '50', '28-11-2023', '56', '54');
insert into Order (OrderID, TotalSales, VendorID, DeliveryDate, CustomerID, DeliveryPersonID) values (144, '$628.29', '44', '04-04-2023', '100', '43');
insert into Order (OrderID, TotalSales, VendorID, DeliveryDate, CustomerID, DeliveryPersonID) values (145, '$240.67', '66', '08-12-2022', '84', '53');
insert into Order (OrderID, TotalSales, VendorID, DeliveryDate, CustomerID, DeliveryPersonID) values (146, '$941.08', '1', '01-01-2024', '24', '3');
insert into Order (OrderID, TotalSales, VendorID, DeliveryDate, CustomerID, DeliveryPersonID) values (147, '$394.01', '45', '03-01-2023', '53', '27');
insert into Order (OrderID, TotalSales, VendorID, DeliveryDate, CustomerID, DeliveryPersonID) values (148, '$574.03', '11', '23-04-2023', '50', '52');
insert into Order (OrderID, TotalSales, VendorID, DeliveryDate, CustomerID, DeliveryPersonID) values (149, '$30.44', '2', '27-12-2022', '32', '48');
insert into Order (OrderID, TotalSales, VendorID, DeliveryDate, CustomerID, DeliveryPersonID) values (150, '$187.44', '51', '02-02-2024', '11', '6');


insert into OrderDetails (OrderID, OrderTotal, OrderTime, OrderDetailsID) values ('49', '$48.01', '4:43 AM', 1);
insert into OrderDetails (OrderID, OrderTotal, OrderTime, OrderDetailsID) values ('43', '$117.87', '7:26 AM', 2);
insert into OrderDetails (OrderID, OrderTotal, OrderTime, OrderDetailsID) values ('22', '$75.12', '1:50 AM', 3);
insert into OrderDetails (OrderID, OrderTotal, OrderTime, OrderDetailsID) values ('79', '$159.87', '7:28 AM', 4);
insert into OrderDetails (OrderID, OrderTotal, OrderTime, OrderDetailsID) values ('59', '$120.09', '7:44 AM', 5);
insert into OrderDetails (OrderID, OrderTotal, OrderTime, OrderDetailsID) values ('143', '$74.85', '12:40 PM', 6);
insert into OrderDetails (OrderID, OrderTotal, OrderTime, OrderDetailsID) values ('46', '$118.34', '7:40 AM', 7);
insert into OrderDetails (OrderID, OrderTotal, OrderTime, OrderDetailsID) values ('64', '$109.75', '10:59 PM', 8);
insert into OrderDetails (OrderID, OrderTotal, OrderTime, OrderDetailsID) values ('44', '$113.94', '11:05 AM', 9);
insert into OrderDetails (OrderID, OrderTotal, OrderTime, OrderDetailsID) values ('61', '$7.72', '4:03 AM', 10);
insert into OrderDetails (OrderID, OrderTotal, OrderTime, OrderDetailsID) values ('128', '$144.06', '4:07 AM', 11);
insert into OrderDetails (OrderID, OrderTotal, OrderTime, OrderDetailsID) values ('47', '$151.94', '3:09 AM', 12);
insert into OrderDetails (OrderID, OrderTotal, OrderTime, OrderDetailsID) values ('119', '$194.30', '12:41 AM', 13);
insert into OrderDetails (OrderID, OrderTotal, OrderTime, OrderDetailsID) values ('65', '$166.91', '2:25 PM', 14);
insert into OrderDetails (OrderID, OrderTotal, OrderTime, OrderDetailsID) values ('85', '$165.66', '3:36 PM', 15);
insert into OrderDetails (OrderID, OrderTotal, OrderTime, OrderDetailsID) values ('58', '$131.23', '8:36 AM', 16);
insert into OrderDetails (OrderID, OrderTotal, OrderTime, OrderDetailsID) values ('1', '$46.14', '12:46 AM', 17);
insert into OrderDetails (OrderID, OrderTotal, OrderTime, OrderDetailsID) values ('12', '$115.75', '12:37 PM', 18);
insert into OrderDetails (OrderID, OrderTotal, OrderTime, OrderDetailsID) values ('27', '$51.44', '8:13 PM', 19);
insert into OrderDetails (OrderID, OrderTotal, OrderTime, OrderDetailsID) values ('6', '$13.03', '5:06 AM', 20);
insert into OrderDetails (OrderID, OrderTotal, OrderTime, OrderDetailsID) values ('120', '$154.77', '12:43 PM', 21);
insert into OrderDetails (OrderID, OrderTotal, OrderTime, OrderDetailsID) values ('5', '$195.18', '8:26 AM', 22);
insert into OrderDetails (OrderID, OrderTotal, OrderTime, OrderDetailsID) values ('112', '$50.94', '4:05 PM', 23);
insert into OrderDetails (OrderID, OrderTotal, OrderTime, OrderDetailsID) values ('132', '$73.87', '8:05 AM', 24);
insert into OrderDetails (OrderID, OrderTotal, OrderTime, OrderDetailsID) values ('103', '$70.30', '2:36 AM', 25);
insert into OrderDetails (OrderID, OrderTotal, OrderTime, OrderDetailsID) values ('81', '$9.14', '3:57 AM', 26);
insert into OrderDetails (OrderID, OrderTotal, OrderTime, OrderDetailsID) values ('121', '$37.84', '9:40 PM', 27);
insert into OrderDetails (OrderID, OrderTotal, OrderTime, OrderDetailsID) values ('92', '$82.49', '8:25 AM', 28);
insert into OrderDetails (OrderID, OrderTotal, OrderTime, OrderDetailsID) values ('3', '$106.38', '10:29 PM', 29);
insert into OrderDetails (OrderID, OrderTotal, OrderTime, OrderDetailsID) values ('99', '$30.92', '9:03 AM', 30);
insert into OrderDetails (OrderID, OrderTotal, OrderTime, OrderDetailsID) values ('116', '$93.30', '8:01 PM', 31);
insert into OrderDetails (OrderID, OrderTotal, OrderTime, OrderDetailsID) values ('88', '$80.17', '4:51 AM', 32);
insert into OrderDetails (OrderID, OrderTotal, OrderTime, OrderDetailsID) values ('150', '$137.76', '9:05 AM', 33);
insert into OrderDetails (OrderID, OrderTotal, OrderTime, OrderDetailsID) values ('74', '$1.73', '12:13 PM', 34);
insert into OrderDetails (OrderID, OrderTotal, OrderTime, OrderDetailsID) values ('38', '$133.62', '2:03 AM', 35);
insert into OrderDetails (OrderID, OrderTotal, OrderTime, OrderDetailsID) values ('32', '$169.89', '4:28 AM', 36);
insert into OrderDetails (OrderID, OrderTotal, OrderTime, OrderDetailsID) values ('118', '$148.05', '2:30 PM', 37);
insert into OrderDetails (OrderID, OrderTotal, OrderTime, OrderDetailsID) values ('31', '$112.00', '10:17 AM', 38);
insert into OrderDetails (OrderID, OrderTotal, OrderTime, OrderDetailsID) values ('71', '$119.58', '6:43 AM', 39);
insert into OrderDetails (OrderID, OrderTotal, OrderTime, OrderDetailsID) values ('11', '$163.65', '11:45 AM', 40);
insert into OrderDetails (OrderID, OrderTotal, OrderTime, OrderDetailsID) values ('105', '$170.51', '7:09 PM', 41);
insert into OrderDetails (OrderID, OrderTotal, OrderTime, OrderDetailsID) values ('136', '$152.95', '7:20 AM', 42);
insert into OrderDetails (OrderID, OrderTotal, OrderTime, OrderDetailsID) values ('60', '$112.12', '12:35 PM', 43);
insert into OrderDetails (OrderID, OrderTotal, OrderTime, OrderDetailsID) values ('19', '$179.97', '7:04 PM', 44);
insert into OrderDetails (OrderID, OrderTotal, OrderTime, OrderDetailsID) values ('72', '$17.25', '11:53 AM', 45);
insert into OrderDetails (OrderID, OrderTotal, OrderTime, OrderDetailsID) values ('100', '$79.03', '10:39 AM', 46);
insert into OrderDetails (OrderID, OrderTotal, OrderTime, OrderDetailsID) values ('97', '$49.06', '6:13 PM', 47);
insert into OrderDetails (OrderID, OrderTotal, OrderTime, OrderDetailsID) values ('28', '$115.04', '6:59 PM', 48);
insert into OrderDetails (OrderID, OrderTotal, OrderTime, OrderDetailsID) values ('133', '$26.96', '1:28 PM', 49);
insert into OrderDetails (OrderID, OrderTotal, OrderTime, OrderDetailsID) values ('16', '$153.23', '6:18 PM', 50);
insert into OrderDetails (OrderID, OrderTotal, OrderTime, OrderDetailsID) values ('2', '$90.66', '1:59 AM', 51);
insert into OrderDetails (OrderID, OrderTotal, OrderTime, OrderDetailsID) values ('145', '$32.05', '2:29 AM', 52);
insert into OrderDetails (OrderID, OrderTotal, OrderTime, OrderDetailsID) values ('10', '$126.43', '8:09 PM', 53);
insert into OrderDetails (OrderID, OrderTotal, OrderTime, OrderDetailsID) values ('134', '$95.95', '5:54 PM', 54);
insert into OrderDetails (OrderID, OrderTotal, OrderTime, OrderDetailsID) values ('66', '$155.23', '6:39 AM', 55);
insert into OrderDetails (OrderID, OrderTotal, OrderTime, OrderDetailsID) values ('30', '$116.11', '6:42 AM', 56);
insert into OrderDetails (OrderID, OrderTotal, OrderTime, OrderDetailsID) values ('41', '$18.69', '4:57 AM', 57);
insert into OrderDetails (OrderID, OrderTotal, OrderTime, OrderDetailsID) values ('73', '$106.94', '11:50 AM', 58);
insert into OrderDetails (OrderID, OrderTotal, OrderTime, OrderDetailsID) values ('146', '$88.86', '10:23 AM', 59);
insert into OrderDetails (OrderID, OrderTotal, OrderTime, OrderDetailsID) values ('8', '$146.29', '3:06 AM', 60);
insert into OrderDetails (OrderID, OrderTotal, OrderTime, OrderDetailsID) values ('125', '$106.75', '4:01 PM', 61);
insert into OrderDetails (OrderID, OrderTotal, OrderTime, OrderDetailsID) values ('53', '$138.17', '3:07 PM', 62);
insert into OrderDetails (OrderID, OrderTotal, OrderTime, OrderDetailsID) values ('75', '$143.99', '4:05 PM', 63);
insert into OrderDetails (OrderID, OrderTotal, OrderTime, OrderDetailsID) values ('56', '$47.95', '5:48 PM', 64);
insert into OrderDetails (OrderID, OrderTotal, OrderTime, OrderDetailsID) values ('135', '$170.36', '8:19 PM', 65);
insert into OrderDetails (OrderID, OrderTotal, OrderTime, OrderDetailsID) values ('123', '$37.51', '10:10 AM', 66);
insert into OrderDetails (OrderID, OrderTotal, OrderTime, OrderDetailsID) values ('39', '$128.98', '1:46 AM', 67);
insert into OrderDetails (OrderID, OrderTotal, OrderTime, OrderDetailsID) values ('37', '$162.74', '10:25 AM', 68);
insert into OrderDetails (OrderID, OrderTotal, OrderTime, OrderDetailsID) values ('57', '$6.91', '1:20 AM', 69);
insert into OrderDetails (OrderID, OrderTotal, OrderTime, OrderDetailsID) values ('106', '$139.07', '1:08 PM', 70);
insert into OrderDetails (OrderID, OrderTotal, OrderTime, OrderDetailsID) values ('115', '$112.75', '8:20 AM', 71);
insert into OrderDetails (OrderID, OrderTotal, OrderTime, OrderDetailsID) values ('109', '$131.77', '7:36 PM', 72);
insert into OrderDetails (OrderID, OrderTotal, OrderTime, OrderDetailsID) values ('138', '$194.54', '6:08 AM', 73);
insert into OrderDetails (OrderID, OrderTotal, OrderTime, OrderDetailsID) values ('15', '$40.94', '8:57 AM', 74);
insert into OrderDetails (OrderID, OrderTotal, OrderTime, OrderDetailsID) values ('114', '$79.03', '7:43 AM', 75);
insert into OrderDetails (OrderID, OrderTotal, OrderTime, OrderDetailsID) values ('17', '$128.38', '10:31 AM', 76);
insert into OrderDetails (OrderID, OrderTotal, OrderTime, OrderDetailsID) values ('45', '$123.91', '12:35 PM', 77);
insert into OrderDetails (OrderID, OrderTotal, OrderTime, OrderDetailsID) values ('86', '$144.33', '1:08 PM', 78);
insert into OrderDetails (OrderID, OrderTotal, OrderTime, OrderDetailsID) values ('13', '$138.97', '6:59 AM', 79);
insert into OrderDetails (OrderID, OrderTotal, OrderTime, OrderDetailsID) values ('34', '$54.51', '10:00 AM', 80);
insert into OrderDetails (OrderID, OrderTotal, OrderTime, OrderDetailsID) values ('141', '$15.05', '8:52 PM', 81);
insert into OrderDetails (OrderID, OrderTotal, OrderTime, OrderDetailsID) values ('63', '$9.85', '9:51 PM', 82);
insert into OrderDetails (OrderID, OrderTotal, OrderTime, OrderDetailsID) values ('20', '$199.83', '11:20 PM', 83);
insert into OrderDetails (OrderID, OrderTotal, OrderTime, OrderDetailsID) values ('23', '$140.18', '7:18 AM', 84);
insert into OrderDetails (OrderID, OrderTotal, OrderTime, OrderDetailsID) values ('102', '$142.06', '5:34 AM', 85);
insert into OrderDetails (OrderID, OrderTotal, OrderTime, OrderDetailsID) values ('82', '$123.40', '5:05 AM', 86);
insert into OrderDetails (OrderID, OrderTotal, OrderTime, OrderDetailsID) values ('9', '$30.29', '10:45 PM', 87);
insert into OrderDetails (OrderID, OrderTotal, OrderTime, OrderDetailsID) values ('35', '$152.20', '8:04 AM', 88);
insert into OrderDetails (OrderID, OrderTotal, OrderTime, OrderDetailsID) values ('107', '$108.81', '7:14 PM', 89);
insert into OrderDetails (OrderID, OrderTotal, OrderTime, OrderDetailsID) values ('4', '$102.74', '10:31 AM', 90);
insert into OrderDetails (OrderID, OrderTotal, OrderTime, OrderDetailsID) values ('111', '$11.30', '1:54 PM', 91);
insert into OrderDetails (OrderID, OrderTotal, OrderTime, OrderDetailsID) values ('68', '$173.90', '1:56 AM', 92);
insert into OrderDetails (OrderID, OrderTotal, OrderTime, OrderDetailsID) values ('84', '$190.21', '2:07 AM', 93);
insert into OrderDetails (OrderID, OrderTotal, OrderTime, OrderDetailsID) values ('96', '$78.48', '8:16 AM', 94);
insert into OrderDetails (OrderID, OrderTotal, OrderTime, OrderDetailsID) values ('124', '$56.95', '1:52 AM', 95);
insert into OrderDetails (OrderID, OrderTotal, OrderTime, OrderDetailsID) values ('25', '$104.63', '9:19 PM', 96);
insert into OrderDetails (OrderID, OrderTotal, OrderTime, OrderDetailsID) values ('137', '$166.17', '7:38 PM', 97);
insert into OrderDetails (OrderID, OrderTotal, OrderTime, OrderDetailsID) values ('108', '$112.55', '12:14 PM', 98);
insert into OrderDetails (OrderID, OrderTotal, OrderTime, OrderDetailsID) values ('129', '$178.54', '11:02 AM', 99);
insert into OrderDetails (OrderID, OrderTotal, OrderTime, OrderDetailsID) values ('91', '$26.29', '8:04 PM', 100);
insert into OrderDetails (OrderID, OrderTotal, OrderTime, OrderDetailsID) values ('149', '$60.25', '5:54 PM', 101);
insert into OrderDetails (OrderID, OrderTotal, OrderTime, OrderDetailsID) values ('140', '$96.74', '4:54 PM', 102);
insert into OrderDetails (OrderID, OrderTotal, OrderTime, OrderDetailsID) values ('69', '$10.68', '7:42 PM', 103);
insert into OrderDetails (OrderID, OrderTotal, OrderTime, OrderDetailsID) values ('62', '$80.54', '7:48 PM', 104);
insert into OrderDetails (OrderID, OrderTotal, OrderTime, OrderDetailsID) values ('83', '$90.01', '8:10 PM', 105);
insert into OrderDetails (OrderID, OrderTotal, OrderTime, OrderDetailsID) values ('51', '$40.51', '2:27 AM', 106);
insert into OrderDetails (OrderID, OrderTotal, OrderTime, OrderDetailsID) values ('78', '$126.80', '4:07 PM', 107);
insert into OrderDetails (OrderID, OrderTotal, OrderTime, OrderDetailsID) values ('113', '$100.06', '1:56 AM', 108);
insert into OrderDetails (OrderID, OrderTotal, OrderTime, OrderDetailsID) values ('130', '$185.91', '3:23 PM', 109);
insert into OrderDetails (OrderID, OrderTotal, OrderTime, OrderDetailsID) values ('7', '$126.93', '5:01 PM', 110);
insert into OrderDetails (OrderID, OrderTotal, OrderTime, OrderDetailsID) values ('101', '$71.72', '9:00 PM', 111);
insert into OrderDetails (OrderID, OrderTotal, OrderTime, OrderDetailsID) values ('126', '$75.54', '4:06 AM', 112);
insert into OrderDetails (OrderID, OrderTotal, OrderTime, OrderDetailsID) values ('40', '$177.90', '5:50 AM', 113);
insert into OrderDetails (OrderID, OrderTotal, OrderTime, OrderDetailsID) values ('14', '$197.68', '8:50 PM', 114);
insert into OrderDetails (OrderID, OrderTotal, OrderTime, OrderDetailsID) values ('139', '$16.94', '11:48 AM', 115);
insert into OrderDetails (OrderID, OrderTotal, OrderTime, OrderDetailsID) values ('104', '$70.60', '11:37 AM', 116);
insert into OrderDetails (OrderID, OrderTotal, OrderTime, OrderDetailsID) values ('90', '$79.07', '5:22 PM', 117);
insert into OrderDetails (OrderID, OrderTotal, OrderTime, OrderDetailsID) values ('21', '$191.82', '3:15 PM', 118);
insert into OrderDetails (OrderID, OrderTotal, OrderTime, OrderDetailsID) values ('95', '$76.12', '1:32 PM', 119);
insert into OrderDetails (OrderID, OrderTotal, OrderTime, OrderDetailsID) values ('80', '$109.05', '1:20 PM', 120);
insert into OrderDetails (OrderID, OrderTotal, OrderTime, OrderDetailsID) values ('50', '$55.53', '3:56 PM', 121);
insert into OrderDetails (OrderID, OrderTotal, OrderTime, OrderDetailsID) values ('148', '$147.28', '10:41 AM', 122);
insert into OrderDetails (OrderID, OrderTotal, OrderTime, OrderDetailsID) values ('87', '$49.22', '1:54 AM', 123);
insert into OrderDetails (OrderID, OrderTotal, OrderTime, OrderDetailsID) values ('94', '$111.79', '12:18 PM', 124);
insert into OrderDetails (OrderID, OrderTotal, OrderTime, OrderDetailsID) values ('93', '$197.64', '4:45 AM', 125);
insert into OrderDetails (OrderID, OrderTotal, OrderTime, OrderDetailsID) values ('147', '$136.87', '4:36 AM', 126);
insert into OrderDetails (OrderID, OrderTotal, OrderTime, OrderDetailsID) values ('70', '$140.95', '9:35 AM', 127);
insert into OrderDetails (OrderID, OrderTotal, OrderTime, OrderDetailsID) values ('24', '$76.91', '12:04 AM', 128);
insert into OrderDetails (OrderID, OrderTotal, OrderTime, OrderDetailsID) values ('76', '$152.84', '10:04 PM', 129);
insert into OrderDetails (OrderID, OrderTotal, OrderTime, OrderDetailsID) values ('89', '$54.25', '10:33 AM', 130);
insert into OrderDetails (OrderID, OrderTotal, OrderTime, OrderDetailsID) values ('26', '$127.63', '12:04 PM', 131);
insert into OrderDetails (OrderID, OrderTotal, OrderTime, OrderDetailsID) values ('42', '$88.03', '11:23 AM', 132);
insert into OrderDetails (OrderID, OrderTotal, OrderTime, OrderDetailsID) values ('33', '$105.55', '5:40 AM', 133);
insert into OrderDetails (OrderID, OrderTotal, OrderTime, OrderDetailsID) values ('55', '$128.37', '10:58 PM', 134);
insert into OrderDetails (OrderID, OrderTotal, OrderTime, OrderDetailsID) values ('110', '$17.65', '11:33 AM', 135);
insert into OrderDetails (OrderID, OrderTotal, OrderTime, OrderDetailsID) values ('18', '$4.84', '12:42 AM', 136);
insert into OrderDetails (OrderID, OrderTotal, OrderTime, OrderDetailsID) values ('127', '$56.60', '6:55 PM', 137);
insert into OrderDetails (OrderID, OrderTotal, OrderTime, OrderDetailsID) values ('36', '$71.02', '9:56 AM', 138);
insert into OrderDetails (OrderID, OrderTotal, OrderTime, OrderDetailsID) values ('117', '$1.54', '4:46 PM', 139);
insert into OrderDetails (OrderID, OrderTotal, OrderTime, OrderDetailsID) values ('142', '$191.91', '9:06 PM', 140);
insert into OrderDetails (OrderID, OrderTotal, OrderTime, OrderDetailsID) values ('54', '$10.61', '10:24 PM', 141);
insert into OrderDetails (OrderID, OrderTotal, OrderTime, OrderDetailsID) values ('122', '$155.80', '5:37 PM', 142);
insert into OrderDetails (OrderID, OrderTotal, OrderTime, OrderDetailsID) values ('77', '$184.79', '8:57 AM', 143);
insert into OrderDetails (OrderID, OrderTotal, OrderTime, OrderDetailsID) values ('144', '$118.54', '5:42 PM', 144);
insert into OrderDetails (OrderID, OrderTotal, OrderTime, OrderDetailsID) values ('31', '$181.53', '11:11 PM', 145);
insert into OrderDetails (OrderID, OrderTotal, OrderTime, OrderDetailsID) values ('11', '$198.02', '10:34 PM', 146);
insert into OrderDetails (OrderID, OrderTotal, OrderTime, OrderDetailsID) values ('114', '$103.53', '12:01 PM', 147);
insert into OrderDetails (OrderID, OrderTotal, OrderTime, OrderDetailsID) values ('12', '$86.86', '5:02 PM', 148);
insert into OrderDetails (OrderID, OrderTotal, OrderTime, OrderDetailsID) values ('71', '$40.18', '10:13 AM', 149);
insert into OrderDetails (OrderID, OrderTotal, OrderTime, OrderDetailsID) values ('47', '$3.92', '8:32 AM', 150);
insert into OrderDetails (OrderID, OrderTotal, OrderTime, OrderDetailsID) values ('30', '$197.56', '5:48 AM', 151);
insert into OrderDetails (OrderID, OrderTotal, OrderTime, OrderDetailsID) values ('81', '$26.76', '7:05 PM', 152);
insert into OrderDetails (OrderID, OrderTotal, OrderTime, OrderDetailsID) values ('26', '$178.64', '5:52 PM', 153);
insert into OrderDetails (OrderID, OrderTotal, OrderTime, OrderDetailsID) values ('134', '$188.35', '12:11 AM', 154);
insert into OrderDetails (OrderID, OrderTotal, OrderTime, OrderDetailsID) values ('14', '$39.19', '7:33 AM', 155);
insert into OrderDetails (OrderID, OrderTotal, OrderTime, OrderDetailsID) values ('86', '$19.40', '9:16 AM', 156);
insert into OrderDetails (OrderID, OrderTotal, OrderTime, OrderDetailsID) values ('87', '$22.05', '1:33 AM', 157);
insert into OrderDetails (OrderID, OrderTotal, OrderTime, OrderDetailsID) values ('143', '$143.33', '9:51 PM', 158);
insert into OrderDetails (OrderID, OrderTotal, OrderTime, OrderDetailsID) values ('75', '$95.98', '2:16 AM', 159);
insert into OrderDetails (OrderID, OrderTotal, OrderTime, OrderDetailsID) values ('57', '$174.19', '7:09 AM', 160);
insert into OrderDetails (OrderID, OrderTotal, OrderTime, OrderDetailsID) values ('118', '$197.83', '12:58 AM', 161);
insert into OrderDetails (OrderID, OrderTotal, OrderTime, OrderDetailsID) values ('59', '$41.32', '9:52 PM', 162);
insert into OrderDetails (OrderID, OrderTotal, OrderTime, OrderDetailsID) values ('150', '$61.63', '9:30 PM', 163);
insert into OrderDetails (OrderID, OrderTotal, OrderTime, OrderDetailsID) values ('146', '$88.79', '4:09 PM', 164);
insert into OrderDetails (OrderID, OrderTotal, OrderTime, OrderDetailsID) values ('40', '$180.65', '7:02 AM', 165);
insert into OrderDetails (OrderID, OrderTotal, OrderTime, OrderDetailsID) values ('145', '$172.36', '1:31 PM', 166);
insert into OrderDetails (OrderID, OrderTotal, OrderTime, OrderDetailsID) values ('24', '$101.51', '5:09 PM', 167);
insert into OrderDetails (OrderID, OrderTotal, OrderTime, OrderDetailsID) values ('90', '$1.95', '9:56 AM', 168);
insert into OrderDetails (OrderID, OrderTotal, OrderTime, OrderDetailsID) values ('115', '$140.26', '7:33 PM', 169);
insert into OrderDetails (OrderID, OrderTotal, OrderTime, OrderDetailsID) values ('1', '$174.96', '10:20 PM', 170);
insert into OrderDetails (OrderID, OrderTotal, OrderTime, OrderDetailsID) values ('102', '$90.95', '4:12 AM', 171);
insert into OrderDetails (OrderID, OrderTotal, OrderTime, OrderDetailsID) values ('37', '$111.97', '8:58 AM', 172);
insert into OrderDetails (OrderID, OrderTotal, OrderTime, OrderDetailsID) values ('21', '$195.67', '10:23 AM', 173);
insert into OrderDetails (OrderID, OrderTotal, OrderTime, OrderDetailsID) values ('88', '$122.02', '4:12 PM', 174);
insert into OrderDetails (OrderID, OrderTotal, OrderTime, OrderDetailsID) values ('141', '$65.29', '4:52 AM', 175);


insert into OrderStatus (OrderDetailsID, EstimatedDeliveryTime, ActualDeliveryTime, Status) values ('34', '1:40 AM', '3:48 AM', 'in route');
insert into OrderStatus (OrderDetailsID, EstimatedDeliveryTime, ActualDeliveryTime, Status) values ('42', '12:46 PM', '3:06 PM', 'delivered');
insert into OrderStatus (OrderDetailsID, EstimatedDeliveryTime, ActualDeliveryTime, Status) values ('98', '1:27 PM', '2:11 AM', 'pending');
insert into OrderStatus (OrderDetailsID, EstimatedDeliveryTime, ActualDeliveryTime, Status) values ('144', '7:14 AM', '9:17 AM', 'pending');
insert into OrderStatus (OrderDetailsID, EstimatedDeliveryTime, ActualDeliveryTime, Status) values ('1', '2:26 AM', '12:43 PM', 'delayed');
insert into OrderStatus (OrderDetailsID, EstimatedDeliveryTime, ActualDeliveryTime, Status) values ('154', '4:18 AM', '5:29 PM', 'processing');
insert into OrderStatus (OrderDetailsID, EstimatedDeliveryTime, ActualDeliveryTime, Status) values ('65', '12:54 AM', '11:48 PM', 'processing');
insert into OrderStatus (OrderDetailsID, EstimatedDeliveryTime, ActualDeliveryTime, Status) values ('69', '4:55 PM', '11:45 AM', 'processing');
insert into OrderStatus (OrderDetailsID, EstimatedDeliveryTime, ActualDeliveryTime, Status) values ('48', '5:15 AM', '12:50 AM', 'pending');
insert into OrderStatus (OrderDetailsID, EstimatedDeliveryTime, ActualDeliveryTime, Status) values ('51', '5:08 PM', '5:40 AM', 'pending');
insert into OrderStatus (OrderDetailsID, EstimatedDeliveryTime, ActualDeliveryTime, Status) values ('28', '2:42 AM', '8:25 PM', 'delivered');
insert into OrderStatus (OrderDetailsID, EstimatedDeliveryTime, ActualDeliveryTime, Status) values ('170', '4:43 AM', '9:45 PM', 'delayed');
insert into OrderStatus (OrderDetailsID, EstimatedDeliveryTime, ActualDeliveryTime, Status) values ('53', '6:38 AM', '7:44 AM', 'delivered');
insert into OrderStatus (OrderDetailsID, EstimatedDeliveryTime, ActualDeliveryTime, Status) values ('85', '6:56 AM', '11:48 PM', 'processing');
insert into OrderStatus (OrderDetailsID, EstimatedDeliveryTime, ActualDeliveryTime, Status) values ('135', '5:35 AM', '9:55 AM', 'processing');
insert into OrderStatus (OrderDetailsID, EstimatedDeliveryTime, ActualDeliveryTime, Status) values ('140', '11:31 PM', '10:41 PM', 'delayed');
insert into OrderStatus (OrderDetailsID, EstimatedDeliveryTime, ActualDeliveryTime, Status) values ('16', '6:01 PM', '6:26 AM', 'pending');
insert into OrderStatus (OrderDetailsID, EstimatedDeliveryTime, ActualDeliveryTime, Status) values ('158', '6:36 AM', '8:49 PM', 'in route');
insert into OrderStatus (OrderDetailsID, EstimatedDeliveryTime, ActualDeliveryTime, Status) values ('156', '3:03 AM', '8:05 AM', 'pending');
insert into OrderStatus (OrderDetailsID, EstimatedDeliveryTime, ActualDeliveryTime, Status) values ('97', '3:27 PM', '5:12 AM', 'in route');
insert into OrderStatus (OrderDetailsID, EstimatedDeliveryTime, ActualDeliveryTime, Status) values ('80', '8:38 PM', '8:14 PM', 'in route');
insert into OrderStatus (OrderDetailsID, EstimatedDeliveryTime, ActualDeliveryTime, Status) values ('162', '2:17 AM', '7:03 PM', 'delivered');
insert into OrderStatus (OrderDetailsID, EstimatedDeliveryTime, ActualDeliveryTime, Status) values ('44', '4:25 PM', '10:31 PM', 'processing');
insert into OrderStatus (OrderDetailsID, EstimatedDeliveryTime, ActualDeliveryTime, Status) values ('168', '6:31 AM', '1:45 PM', 'pending');
insert into OrderStatus (OrderDetailsID, EstimatedDeliveryTime, ActualDeliveryTime, Status) values ('134', '10:30 PM', '7:52 PM', 'pending');
insert into OrderStatus (OrderDetailsID, EstimatedDeliveryTime, ActualDeliveryTime, Status) values ('47', '7:51 AM', '8:23 AM', 'in route');
insert into OrderStatus (OrderDetailsID, EstimatedDeliveryTime, ActualDeliveryTime, Status) values ('5', '7:28 PM', '1:02 PM', 'in route');
insert into OrderStatus (OrderDetailsID, EstimatedDeliveryTime, ActualDeliveryTime, Status) values ('105', '5:12 PM', '4:12 AM', 'pending');
insert into OrderStatus (OrderDetailsID, EstimatedDeliveryTime, ActualDeliveryTime, Status) values ('38', '7:42 PM', '11:16 AM', 'processing');
insert into OrderStatus (OrderDetailsID, EstimatedDeliveryTime, ActualDeliveryTime, Status) values ('73', '6:07 AM', '11:00 AM', 'in route');
insert into OrderStatus (OrderDetailsID, EstimatedDeliveryTime, ActualDeliveryTime, Status) values ('6', '9:46 AM', '8:24 AM', 'delayed');
insert into OrderStatus (OrderDetailsID, EstimatedDeliveryTime, ActualDeliveryTime, Status) values ('89', '1:51 AM', '8:26 PM', 'delayed');
insert into OrderStatus (OrderDetailsID, EstimatedDeliveryTime, ActualDeliveryTime, Status) values ('126', '7:21 AM', '5:07 AM', 'delivered');
insert into OrderStatus (OrderDetailsID, EstimatedDeliveryTime, ActualDeliveryTime, Status) values ('81', '6:20 PM', '7:59 AM', 'delayed');
insert into OrderStatus (OrderDetailsID, EstimatedDeliveryTime, ActualDeliveryTime, Status) values ('13', '1:34 PM', '10:31 PM', 'delivered');
insert into OrderStatus (OrderDetailsID, EstimatedDeliveryTime, ActualDeliveryTime, Status) values ('75', '2:24 AM', '10:40 AM', 'in route');
insert into OrderStatus (OrderDetailsID, EstimatedDeliveryTime, ActualDeliveryTime, Status) values ('54', '12:15 PM', '3:06 AM', 'pending');
insert into OrderStatus (OrderDetailsID, EstimatedDeliveryTime, ActualDeliveryTime, Status) values ('148', '1:30 PM', '10:00 PM', 'processing');
insert into OrderStatus (OrderDetailsID, EstimatedDeliveryTime, ActualDeliveryTime, Status) values ('59', '6:13 AM', '4:01 AM', 'delayed');
insert into OrderStatus (OrderDetailsID, EstimatedDeliveryTime, ActualDeliveryTime, Status) values ('70', '7:55 PM', '12:25 AM', 'delayed');
insert into OrderStatus (OrderDetailsID, EstimatedDeliveryTime, ActualDeliveryTime, Status) values ('46', '1:00 PM', '3:41 AM', 'in route');
insert into OrderStatus (OrderDetailsID, EstimatedDeliveryTime, ActualDeliveryTime, Status) values ('41', '3:23 AM', '11:42 AM', 'processing');
insert into OrderStatus (OrderDetailsID, EstimatedDeliveryTime, ActualDeliveryTime, Status) values ('84', '5:19 AM', '11:06 PM', 'processing');
insert into OrderStatus (OrderDetailsID, EstimatedDeliveryTime, ActualDeliveryTime, Status) values ('129', '6:09 PM', '5:29 AM', 'in route');
insert into OrderStatus (OrderDetailsID, EstimatedDeliveryTime, ActualDeliveryTime, Status) values ('76', '9:54 AM', '12:16 AM', 'processing');
insert into OrderStatus (OrderDetailsID, EstimatedDeliveryTime, ActualDeliveryTime, Status) values ('115', '7:37 AM', '3:41 AM', 'delivered');
insert into OrderStatus (OrderDetailsID, EstimatedDeliveryTime, ActualDeliveryTime, Status) values ('60', '2:11 PM', '11:30 AM', 'processing');
insert into OrderStatus (OrderDetailsID, EstimatedDeliveryTime, ActualDeliveryTime, Status) values ('122', '9:35 PM', '1:05 PM', 'processing');
insert into OrderStatus (OrderDetailsID, EstimatedDeliveryTime, ActualDeliveryTime, Status) values ('155', '4:22 PM', '7:09 PM', 'delayed');
insert into OrderStatus (OrderDetailsID, EstimatedDeliveryTime, ActualDeliveryTime, Status) values ('62', '2:21 AM', '4:18 AM', 'pending');
insert into OrderStatus (OrderDetailsID, EstimatedDeliveryTime, ActualDeliveryTime, Status) values ('4', '12:35 AM', '1:20 AM', 'pending');
insert into OrderStatus (OrderDetailsID, EstimatedDeliveryTime, ActualDeliveryTime, Status) values ('74', '4:12 PM', '1:55 PM', 'processing');
insert into OrderStatus (OrderDetailsID, EstimatedDeliveryTime, ActualDeliveryTime, Status) values ('40', '7:31 PM', '7:36 PM', 'pending');
insert into OrderStatus (OrderDetailsID, EstimatedDeliveryTime, ActualDeliveryTime, Status) values ('21', '11:06 PM', '4:17 PM', 'delivered');
insert into OrderStatus (OrderDetailsID, EstimatedDeliveryTime, ActualDeliveryTime, Status) values ('110', '7:44 PM', '2:45 PM', 'processing');
insert into OrderStatus (OrderDetailsID, EstimatedDeliveryTime, ActualDeliveryTime, Status) values ('138', '9:42 AM', '2:51 PM', 'delivered');
insert into OrderStatus (OrderDetailsID, EstimatedDeliveryTime, ActualDeliveryTime, Status) values ('58', '5:39 AM', '7:36 AM', 'delayed');
insert into OrderStatus (OrderDetailsID, EstimatedDeliveryTime, ActualDeliveryTime, Status) values ('35', '7:14 PM', '12:02 AM', 'delivered');
insert into OrderStatus (OrderDetailsID, EstimatedDeliveryTime, ActualDeliveryTime, Status) values ('102', '4:12 PM', '4:50 AM', 'delayed');
insert into OrderStatus (OrderDetailsID, EstimatedDeliveryTime, ActualDeliveryTime, Status) values ('169', '7:27 AM', '1:55 AM', 'in route');
insert into OrderStatus (OrderDetailsID, EstimatedDeliveryTime, ActualDeliveryTime, Status) values ('171', '5:16 AM', '4:39 AM', 'delivered');
insert into OrderStatus (OrderDetailsID, EstimatedDeliveryTime, ActualDeliveryTime, Status) values ('67', '8:28 PM', '3:45 PM', 'delivered');
insert into OrderStatus (OrderDetailsID, EstimatedDeliveryTime, ActualDeliveryTime, Status) values ('132', '7:16 AM', '8:40 AM', 'processing');
insert into OrderStatus (OrderDetailsID, EstimatedDeliveryTime, ActualDeliveryTime, Status) values ('147', '8:44 PM', '5:01 PM', 'delivered');
insert into OrderStatus (OrderDetailsID, EstimatedDeliveryTime, ActualDeliveryTime, Status) values ('79', '3:59 PM', '6:46 PM', 'delayed');
insert into OrderStatus (OrderDetailsID, EstimatedDeliveryTime, ActualDeliveryTime, Status) values ('7', '7:51 AM', '2:05 AM', 'pending');
insert into OrderStatus (OrderDetailsID, EstimatedDeliveryTime, ActualDeliveryTime, Status) values ('151', '2:03 AM', '6:20 AM', 'processing');
insert into OrderStatus (OrderDetailsID, EstimatedDeliveryTime, ActualDeliveryTime, Status) values ('30', '2:46 PM', '12:37 PM', 'processing');
insert into OrderStatus (OrderDetailsID, EstimatedDeliveryTime, ActualDeliveryTime, Status) values ('118', '7:31 AM', '11:50 PM', 'delivered');
insert into OrderStatus (OrderDetailsID, EstimatedDeliveryTime, ActualDeliveryTime, Status) values ('104', '11:27 AM', '8:39 AM', 'delivered');
insert into OrderStatus (OrderDetailsID, EstimatedDeliveryTime, ActualDeliveryTime, Status) values ('166', '9:56 PM', '11:03 PM', 'pending');
insert into OrderStatus (OrderDetailsID, EstimatedDeliveryTime, ActualDeliveryTime, Status) values ('56', '5:23 PM', '9:16 PM', 'delivered');
insert into OrderStatus (OrderDetailsID, EstimatedDeliveryTime, ActualDeliveryTime, Status) values ('153', '11:18 AM', '6:47 AM', 'pending');
insert into OrderStatus (OrderDetailsID, EstimatedDeliveryTime, ActualDeliveryTime, Status) values ('146', '7:04 PM', '3:23 PM', 'pending');
insert into OrderStatus (OrderDetailsID, EstimatedDeliveryTime, ActualDeliveryTime, Status) values ('107', '1:45 AM', '6:46 AM', 'processing');
insert into OrderStatus (OrderDetailsID, EstimatedDeliveryTime, ActualDeliveryTime, Status) values ('108', '8:40 AM', '11:22 PM', 'in route');
insert into OrderStatus (OrderDetailsID, EstimatedDeliveryTime, ActualDeliveryTime, Status) values ('8', '11:35 AM', '12:37 PM', 'pending');
insert into OrderStatus (OrderDetailsID, EstimatedDeliveryTime, ActualDeliveryTime, Status) values ('78', '10:21 PM', '2:37 AM', 'delivered');
insert into OrderStatus (OrderDetailsID, EstimatedDeliveryTime, ActualDeliveryTime, Status) values ('37', '10:02 PM', '4:04 AM', 'in route');
insert into OrderStatus (OrderDetailsID, EstimatedDeliveryTime, ActualDeliveryTime, Status) values ('24', '1:53 AM', '8:28 PM', 'in route');
insert into OrderStatus (OrderDetailsID, EstimatedDeliveryTime, ActualDeliveryTime, Status) values ('14', '9:01 AM', '7:26 PM', 'delivered');
insert into OrderStatus (OrderDetailsID, EstimatedDeliveryTime, ActualDeliveryTime, Status) values ('17', '4:25 AM', '7:54 AM', 'pending');
insert into OrderStatus (OrderDetailsID, EstimatedDeliveryTime, ActualDeliveryTime, Status) values ('116', '3:56 AM', '1:35 PM', 'delayed');
insert into OrderStatus (OrderDetailsID, EstimatedDeliveryTime, ActualDeliveryTime, Status) values ('145', '3:01 AM', '2:24 AM', 'in route');
insert into OrderStatus (OrderDetailsID, EstimatedDeliveryTime, ActualDeliveryTime, Status) values ('149', '5:18 AM', '1:18 PM', 'in route');
insert into OrderStatus (OrderDetailsID, EstimatedDeliveryTime, ActualDeliveryTime, Status) values ('127', '12:56 PM', '4:25 AM', 'processing');
insert into OrderStatus (OrderDetailsID, EstimatedDeliveryTime, ActualDeliveryTime, Status) values ('86', '10:04 AM', '1:14 AM', 'pending');
insert into OrderStatus (OrderDetailsID, EstimatedDeliveryTime, ActualDeliveryTime, Status) values ('63', '8:25 AM', '9:33 PM', 'delayed');
insert into OrderStatus (OrderDetailsID, EstimatedDeliveryTime, ActualDeliveryTime, Status) values ('128', '7:29 PM', '9:02 PM', 'in route');
insert into OrderStatus (OrderDetailsID, EstimatedDeliveryTime, ActualDeliveryTime, Status) values ('25', '11:55 PM', '10:29 AM', 'pending');
insert into OrderStatus (OrderDetailsID, EstimatedDeliveryTime, ActualDeliveryTime, Status) values ('161', '3:39 PM', '11:29 AM', 'in route');
insert into OrderStatus (OrderDetailsID, EstimatedDeliveryTime, ActualDeliveryTime, Status) values ('111', '6:34 PM', '2:45 PM', 'in route');
insert into OrderStatus (OrderDetailsID, EstimatedDeliveryTime, ActualDeliveryTime, Status) values ('119', '7:24 PM', '6:54 PM', 'processing');
insert into OrderStatus (OrderDetailsID, EstimatedDeliveryTime, ActualDeliveryTime, Status) values ('167', '3:15 PM', '9:35 PM', 'delayed');
insert into OrderStatus (OrderDetailsID, EstimatedDeliveryTime, ActualDeliveryTime, Status) values ('123', '4:55 AM', '3:53 AM', 'pending');
insert into OrderStatus (OrderDetailsID, EstimatedDeliveryTime, ActualDeliveryTime, Status) values ('45', '12:52 AM', '3:10 PM', 'processing');
insert into OrderStatus (OrderDetailsID, EstimatedDeliveryTime, ActualDeliveryTime, Status) values ('52', '6:39 AM', '12:06 PM', 'processing');
insert into OrderStatus (OrderDetailsID, EstimatedDeliveryTime, ActualDeliveryTime, Status) values ('157', '9:55 AM', '1:07 AM', 'delayed');
insert into OrderStatus (OrderDetailsID, EstimatedDeliveryTime, ActualDeliveryTime, Status) values ('64', '7:37 AM', '6:45 PM', 'in route');
insert into OrderStatus (OrderDetailsID, EstimatedDeliveryTime, ActualDeliveryTime, Status) values ('68', '5:38 AM', '7:11 PM', 'in route');
insert into OrderStatus (OrderDetailsID, EstimatedDeliveryTime, ActualDeliveryTime, Status) values ('88', '8:58 PM', '9:52 PM', 'delayed');
insert into OrderStatus (OrderDetailsID, EstimatedDeliveryTime, ActualDeliveryTime, Status) values ('101', '5:53 AM', '9:14 AM', 'pending');
insert into OrderStatus (OrderDetailsID, EstimatedDeliveryTime, ActualDeliveryTime, Status) values ('29', '4:12 AM', '5:06 PM', 'delivered');
insert into OrderStatus (OrderDetailsID, EstimatedDeliveryTime, ActualDeliveryTime, Status) values ('43', '5:09 PM', '9:08 PM', 'delayed');
insert into OrderStatus (OrderDetailsID, EstimatedDeliveryTime, ActualDeliveryTime, Status) values ('150', '11:30 AM', '12:17 AM', 'delivered');
insert into OrderStatus (OrderDetailsID, EstimatedDeliveryTime, ActualDeliveryTime, Status) values ('12', '3:24 PM', '4:56 AM', 'processing');
insert into OrderStatus (OrderDetailsID, EstimatedDeliveryTime, ActualDeliveryTime, Status) values ('136', '7:52 PM', '10:03 PM', 'delayed');
insert into OrderStatus (OrderDetailsID, EstimatedDeliveryTime, ActualDeliveryTime, Status) values ('120', '3:02 AM', '3:47 AM', 'processing');
insert into OrderStatus (OrderDetailsID, EstimatedDeliveryTime, ActualDeliveryTime, Status) values ('106', '6:58 PM', '8:03 AM', 'pending');
insert into OrderStatus (OrderDetailsID, EstimatedDeliveryTime, ActualDeliveryTime, Status) values ('130', '2:20 AM', '3:56 AM', 'in route');
insert into OrderStatus (OrderDetailsID, EstimatedDeliveryTime, ActualDeliveryTime, Status) values ('174', '8:36 PM', '8:09 AM', 'pending');
insert into OrderStatus (OrderDetailsID, EstimatedDeliveryTime, ActualDeliveryTime, Status) values ('3', '5:08 AM', '7:03 AM', 'delivered');
insert into OrderStatus (OrderDetailsID, EstimatedDeliveryTime, ActualDeliveryTime, Status) values ('91', '2:07 PM', '10:41 AM', 'pending');
insert into OrderStatus (OrderDetailsID, EstimatedDeliveryTime, ActualDeliveryTime, Status) values ('94', '2:49 PM', '10:39 PM', 'in route');
insert into OrderStatus (OrderDetailsID, EstimatedDeliveryTime, ActualDeliveryTime, Status) values ('82', '6:17 PM', '3:45 PM', 'pending');
insert into OrderStatus (OrderDetailsID, EstimatedDeliveryTime, ActualDeliveryTime, Status) values ('142', '1:41 AM', '4:35 PM', 'delivered');
insert into OrderStatus (OrderDetailsID, EstimatedDeliveryTime, ActualDeliveryTime, Status) values ('32', '9:03 PM', '1:35 AM', 'processing');
insert into OrderStatus (OrderDetailsID, EstimatedDeliveryTime, ActualDeliveryTime, Status) values ('99', '8:18 AM', '4:18 AM', 'processing');
insert into OrderStatus (OrderDetailsID, EstimatedDeliveryTime, ActualDeliveryTime, Status) values ('55', '10:40 PM', '2:38 AM', 'delivered');
insert into OrderStatus (OrderDetailsID, EstimatedDeliveryTime, ActualDeliveryTime, Status) values ('49', '2:24 AM', '10:28 AM', 'processing');
insert into OrderStatus (OrderDetailsID, EstimatedDeliveryTime, ActualDeliveryTime, Status) values ('109', '9:51 AM', '4:37 PM', 'pending');
insert into OrderStatus (OrderDetailsID, EstimatedDeliveryTime, ActualDeliveryTime, Status) values ('87', '6:29 PM', '2:30 AM', 'delivered');
insert into OrderStatus (OrderDetailsID, EstimatedDeliveryTime, ActualDeliveryTime, Status) values ('39', '1:17 AM', '7:39 AM', 'pending');
insert into OrderStatus (OrderDetailsID, EstimatedDeliveryTime, ActualDeliveryTime, Status) values ('165', '11:08 AM', '7:22 AM', 'delayed');
insert into OrderStatus (OrderDetailsID, EstimatedDeliveryTime, ActualDeliveryTime, Status) values ('19', '8:06 PM', '7:07 AM', 'delivered');
insert into OrderStatus (OrderDetailsID, EstimatedDeliveryTime, ActualDeliveryTime, Status) values ('20', '5:24 AM', '4:45 PM', 'processing');
insert into OrderStatus (OrderDetailsID, EstimatedDeliveryTime, ActualDeliveryTime, Status) values ('100', '12:20 PM', '1:17 AM', 'in route');
insert into OrderStatus (OrderDetailsID, EstimatedDeliveryTime, ActualDeliveryTime, Status) values ('11', '5:48 AM', '6:05 AM', 'delivered');
insert into OrderStatus (OrderDetailsID, EstimatedDeliveryTime, ActualDeliveryTime, Status) values ('93', '8:24 AM', '8:39 AM', 'delivered');
insert into OrderStatus (OrderDetailsID, EstimatedDeliveryTime, ActualDeliveryTime, Status) values ('172', '2:11 PM', '1:50 PM', 'delayed');
insert into OrderStatus (OrderDetailsID, EstimatedDeliveryTime, ActualDeliveryTime, Status) values ('72', '3:41 PM', '12:22 PM', 'processing');
insert into OrderStatus (OrderDetailsID, EstimatedDeliveryTime, ActualDeliveryTime, Status) values ('125', '8:33 AM', '6:41 AM', 'delayed');
insert into OrderStatus (OrderDetailsID, EstimatedDeliveryTime, ActualDeliveryTime, Status) values ('163', '5:06 PM', '7:39 AM', 'in route');
insert into OrderStatus (OrderDetailsID, EstimatedDeliveryTime, ActualDeliveryTime, Status) values ('77', '8:57 AM', '9:29 AM', 'delivered');
insert into OrderStatus (OrderDetailsID, EstimatedDeliveryTime, ActualDeliveryTime, Status) values ('92', '5:12 AM', '6:29 PM', 'delayed');
insert into OrderStatus (OrderDetailsID, EstimatedDeliveryTime, ActualDeliveryTime, Status) values ('137', '3:57 PM', '10:44 AM', 'pending');
insert into OrderStatus (OrderDetailsID, EstimatedDeliveryTime, ActualDeliveryTime, Status) values ('50', '4:03 PM', '10:55 AM', 'delayed');
insert into OrderStatus (OrderDetailsID, EstimatedDeliveryTime, ActualDeliveryTime, Status) values ('113', '9:55 PM', '8:36 AM', 'delivered');
insert into OrderStatus (OrderDetailsID, EstimatedDeliveryTime, ActualDeliveryTime, Status) values ('159', '6:55 AM', '2:46 PM', 'processing');
insert into OrderStatus (OrderDetailsID, EstimatedDeliveryTime, ActualDeliveryTime, Status) values ('66', '11:53 AM', '7:55 AM', 'in route');
insert into OrderStatus (OrderDetailsID, EstimatedDeliveryTime, ActualDeliveryTime, Status) values ('10', '4:26 PM', '3:50 PM', 'pending');
insert into OrderStatus (OrderDetailsID, EstimatedDeliveryTime, ActualDeliveryTime, Status) values ('160', '11:09 AM', '8:21 AM', 'pending');
insert into OrderStatus (OrderDetailsID, EstimatedDeliveryTime, ActualDeliveryTime, Status) values ('57', '1:25 AM', '3:50 PM', 'in route');
insert into OrderStatus (OrderDetailsID, EstimatedDeliveryTime, ActualDeliveryTime, Status) values ('2', '11:54 AM', '10:43 AM', 'in route');
insert into OrderStatus (OrderDetailsID, EstimatedDeliveryTime, ActualDeliveryTime, Status) values ('95', '1:19 PM', '4:17 AM', 'delivered');
insert into OrderStatus (OrderDetailsID, EstimatedDeliveryTime, ActualDeliveryTime, Status) values ('103', '1:35 PM', '5:26 AM', 'in route');
insert into OrderStatus (OrderDetailsID, EstimatedDeliveryTime, ActualDeliveryTime, Status) values ('15', '3:45 AM', '10:29 AM', 'pending');
insert into OrderStatus (OrderDetailsID, EstimatedDeliveryTime, ActualDeliveryTime, Status) values ('124', '10:11 AM', '10:02 AM', 'pending');
insert into OrderStatus (OrderDetailsID, EstimatedDeliveryTime, ActualDeliveryTime, Status) values ('114', '6:34 PM', '12:38 PM', 'processing');
insert into OrderStatus (OrderDetailsID, EstimatedDeliveryTime, ActualDeliveryTime, Status) values ('152', '3:20 AM', '7:14 AM', 'processing');
insert into OrderStatus (OrderDetailsID, EstimatedDeliveryTime, ActualDeliveryTime, Status) values ('90', '6:59 PM', '2:52 AM', 'in route');
insert into OrderStatus (OrderDetailsID, EstimatedDeliveryTime, ActualDeliveryTime, Status) values ('27', '8:36 AM', '2:14 PM', 'delayed');
insert into OrderStatus (OrderDetailsID, EstimatedDeliveryTime, ActualDeliveryTime, Status) values ('83', '11:45 PM', '12:00 AM', 'pending');
insert into OrderStatus (OrderDetailsID, EstimatedDeliveryTime, ActualDeliveryTime, Status) values ('36', '8:38 AM', '10:43 AM', 'pending');
insert into OrderStatus (OrderDetailsID, EstimatedDeliveryTime, ActualDeliveryTime, Status) values ('31', '7:32 AM', '6:50 AM', 'delivered');
insert into OrderStatus (OrderDetailsID, EstimatedDeliveryTime, ActualDeliveryTime, Status) values ('18', '12:18 AM', '11:44 AM', 'processing');
insert into OrderStatus (OrderDetailsID, EstimatedDeliveryTime, ActualDeliveryTime, Status) values ('71', '5:27 PM', '9:30 PM', 'delayed');
insert into OrderStatus (OrderDetailsID, EstimatedDeliveryTime, ActualDeliveryTime, Status) values ('131', '10:53 PM', '12:43 AM', 'delayed');
insert into OrderStatus (OrderDetailsID, EstimatedDeliveryTime, ActualDeliveryTime, Status) values ('133', '7:51 AM', '8:33 AM', 'processing');
insert into OrderStatus (OrderDetailsID, EstimatedDeliveryTime, ActualDeliveryTime, Status) values ('164', '3:16 AM', '9:46 PM', 'processing');
insert into OrderStatus (OrderDetailsID, EstimatedDeliveryTime, ActualDeliveryTime, Status) values ('141', '12:20 PM', '7:07 AM', 'pending');
insert into OrderStatus (OrderDetailsID, EstimatedDeliveryTime, ActualDeliveryTime, Status) values ('121', '10:00 PM', '12:15 PM', 'pending');
insert into OrderStatus (OrderDetailsID, EstimatedDeliveryTime, ActualDeliveryTime, Status) values ('143', '2:17 PM', '10:14 PM', 'delivered');
insert into OrderStatus (OrderDetailsID, EstimatedDeliveryTime, ActualDeliveryTime, Status) values ('26', '12:50 AM', '2:48 AM', 'processing');
insert into OrderStatus (OrderDetailsID, EstimatedDeliveryTime, ActualDeliveryTime, Status) values ('9', '7:54 AM', '10:57 PM', 'delivered');
insert into OrderStatus (OrderDetailsID, EstimatedDeliveryTime, ActualDeliveryTime, Status) values ('117', '3:10 AM', '4:43 AM', 'in route');
insert into OrderStatus (OrderDetailsID, EstimatedDeliveryTime, ActualDeliveryTime, Status) values ('173', '5:11 AM', '1:13 PM', 'delayed');
insert into OrderStatus (OrderDetailsID, EstimatedDeliveryTime, ActualDeliveryTime, Status) values ('110', '11:52 AM', '1:27 AM', 'delayed');
insert into OrderStatus (OrderDetailsID, EstimatedDeliveryTime, ActualDeliveryTime, Status) values ('175', '1:34 PM', '10:41 PM', 'delayed');
insert into OrderStatus (OrderDetailsID, EstimatedDeliveryTime, ActualDeliveryTime, Status) values ('39', '12:29 AM', '3:38 PM', 'pending');
insert into OrderStatus (OrderDetailsID, EstimatedDeliveryTime, ActualDeliveryTime, Status) values ('60', '4:31 PM', '1:38 PM', 'processing');
insert into OrderStatus (OrderDetailsID, EstimatedDeliveryTime, ActualDeliveryTime, Status) values ('156', '11:44 AM', '12:43 PM', 'processing');
insert into OrderStatus (OrderDetailsID, EstimatedDeliveryTime, ActualDeliveryTime, Status) values ('17', '6:21 AM', '4:10 AM', 'pending');
insert into OrderStatus (OrderDetailsID, EstimatedDeliveryTime, ActualDeliveryTime, Status) values ('1', '11:09 AM', '11:47 AM', 'in route');
insert into OrderStatus (OrderDetailsID, EstimatedDeliveryTime, ActualDeliveryTime, Status) values ('87', '1:25 PM', '10:06 PM', 'delivered');


insert into MenuItems (Name, Availability , Price, AllergenInformation, Description, MenuID) values ('Greek Salad', 'unavailable', '$89.68', 'vegan', 'Filipino soy-vinegar chicken', '50');
insert into MenuItems (Name, Availability , Price, AllergenInformation, Description, MenuID) values ('Falafel Wrap', 'available', '$76.72', 'diary', 'Mexican citrus-marinated delight', '19');
insert into MenuItems (Name, Availability , Price, AllergenInformation, Description, MenuID) values ('Bulgogi Tacos', 'available', '$45.94', 'no allergies', 'Crispy', '27');
insert into MenuItems (Name, Availability , Price, AllergenInformation, Description, MenuID) values ('Seafood Paella', 'unavailable', '$15.47', 'nuts', 'Fresh Peruvian seafood delight', '82');
insert into MenuItems (Name, Availability , Price, AllergenInformation, Description, MenuID) values ('Spanakopita', 'available', '$64.06', 'no allergies', 'Portuguese green soup delight', '112');
insert into MenuItems (Name, Availability , Price, AllergenInformation, Description, MenuID) values ('Escargot Bourguignon', 'available', '$93.65', 'no allergies', 'Mediterranean eggplant dip', '127');
insert into MenuItems (Name, Availability , Price, AllergenInformation, Description, MenuID) values ('Avgolemono Soup', 'unavailable', '$69.00', 'diary', 'Korean mixed rice bowl', '57');
insert into MenuItems (Name, Availability , Price, AllergenInformation, Description, MenuID) values ('Gazpacho', 'available', '$4.66', 'gluten free', 'Mediterranean sweet pastry', '192');
insert into MenuItems (Name, Availability , Price, AllergenInformation, Description, MenuID) values ('Bouillabaisse', 'unavailable', '$31.86', 'gluten free', 'Chinese crispy duck noodle', '156');
insert into MenuItems (Name, Availability , Price, AllergenInformation, Description, MenuID) values ('Stuffed Bell Peppers', 'unavailable', '$64.97', 'no allergies', 'Australian fish sandwich', '43');
insert into MenuItems (Name, Availability , Price, AllergenInformation, Description, MenuID) values ('Kebabs', 'unavailable', '$62.10', 'no allergies', 'Peruvian spicy chicken stew', '181');
insert into MenuItems (Name, Availability , Price, AllergenInformation, Description, MenuID) values ('Lomo Saltado', 'available', '$48.48', 'vegan', 'Jamaican breakfast favorite', '166');
insert into MenuItems (Name, Availability , Price, AllergenInformation, Description, MenuID) values ('Quesadillas', 'unavailable', '$1.34', 'diary', 'Jamaican pastry turnover', '38');
insert into MenuItems (Name, Availability , Price, AllergenInformation, Description, MenuID) values ('Baguette with Brie', 'available', '$43.96', 'no allergies', 'Caribbean chickpea sandwiches', '116');
insert into MenuItems (Name, Availability , Price, AllergenInformation, Description, MenuID) values ('Red Curry', 'unavailable', '$16.69', 'no allergies', 'Korean marinated beef tacos', '108');
insert into MenuItems (Name, Availability , Price, AllergenInformation, Description, MenuID) values ('Aloo Gobi', 'available', '$99.30', 'vegetarian', 'French silky liver spread', '95');
insert into MenuItems (Name, Availability , Price, AllergenInformation, Description, MenuID) values ('Peking Duck Pancakes', 'available', '$72.73', 'gluten free', 'Thai sweet rice dessert', '7');
insert into MenuItems (Name, Availability , Price, AllergenInformation, Description, MenuID) values ('Guacamole with Chips', 'available', '$63.43', 'vegan', 'Vietnamese beef noodle soup', '66');
insert into MenuItems (Name, Availability , Price, AllergenInformation, Description, MenuID) values ('Tuna Tataki', 'unavailable', '$20.77', 'gluten free', 'Korean mixed noodles', '90');
insert into MenuItems (Name, Availability , Price, AllergenInformation, Description, MenuID) values ('Greek Souvlaki Wrap', 'available', '$41.20', 'gluten free', 'Colorful peppers filled deliciously', '74');
insert into MenuItems (Name, Availability , Price, AllergenInformation, Description, MenuID) values ('Salmon Teriyaki', 'available', '$40.50', 'diary', 'Turkish stuffed dumplings', '115');
insert into MenuItems (Name, Availability , Price, AllergenInformation, Description, MenuID) values ('Chicken Nasi Goreng', 'available', '$53.57', 'gluten free', 'Greek grilled chicken skewers', '42');
insert into MenuItems (Name, Availability , Price, AllergenInformation, Description, MenuID) values ('Acorn Squash Risotto', 'unavailable', '$2.13', 'no allergies', 'Greek spinach rice delight', '73');
insert into MenuItems (Name, Availability , Price, AllergenInformation, Description, MenuID) values ('Ratatouille Tart', 'unavailable', '$49.32', 'no allergies', 'Greek meatballs delight', '23');
insert into MenuItems (Name, Availability , Price, AllergenInformation, Description, MenuID) values ('Tteokbokki', 'available', '$75.01', 'nuts', 'Greek spinach rice delight', '136');
insert into MenuItems (Name, Availability , Price, AllergenInformation, Description, MenuID) values ('Tteokbokki', 'available', '$99.14', 'no allergies', 'Greek spinach pie perfection', '61');
insert into MenuItems (Name, Availability , Price, AllergenInformation, Description, MenuID) values ('Miso Eggplant', 'unavailable', '$31.82', 'no allergies', 'Malaysian coconut rice dish', '45');
insert into MenuItems (Name, Availability , Price, AllergenInformation, Description, MenuID) values ('Bibimbap', 'available', '$89.27', 'no allergies', 'Mexican chocolate-infused delight', '72');
insert into MenuItems (Name, Availability , Price, AllergenInformation, Description, MenuID) values ('Ramen', 'unavailable', '$18.05', 'no allergies', 'Greek bean soup classic', '85');
insert into MenuItems (Name, Availability , Price, AllergenInformation, Description, MenuID) values ('Doro Wat', 'available', '$11.43', 'vegan', 'Brazilian black-eyed pea fritters', '8');
insert into MenuItems (Name, Availability , Price, AllergenInformation, Description, MenuID) values ('Chicken Parmesan', 'available', '$6.57', 'vegan', 'Mediterranean meat wrap delight', '196');
insert into MenuItems (Name, Availability , Price, AllergenInformation, Description, MenuID) values ('Barramundi with Macadamia Pesto', 'unavailable', '$99.97', 'nuts', 'Mexican Veracruz-style fish', '71');
insert into MenuItems (Name, Availability , Price, AllergenInformation, Description, MenuID) values ('Focaccia with Olives', 'unavailable', '$85.59', 'gluten free', 'Grilled skewered delights', '98');
insert into MenuItems (Name, Availability , Price, AllergenInformation, Description, MenuID) values ('Swedish Meatballs', 'unavailable', '$63.77', 'gluten free', 'Thai coconut curry bliss', '137');
insert into MenuItems (Name, Availability , Price, AllergenInformation, Description, MenuID) values ('Tacos al Pastor', 'unavailable', '$94.42', 'gluten free', 'Korean cold noodle dish', '199');
insert into MenuItems (Name, Availability , Price, AllergenInformation, Description, MenuID) values ('Pad Thai', 'available', '$33.59', 'diary', 'Korean spicy rice cakes', '46');
insert into MenuItems (Name, Availability , Price, AllergenInformation, Description, MenuID) values ('Caldo Verde', 'unavailable', '$53.91', 'vegan', 'Spiced pork street tacos', '1');
insert into MenuItems (Name, Availability , Price, AllergenInformation, Description, MenuID) values ('Egg Curry', 'available', '$60.16', 'no allergies', 'Moroccan savory pastry delight', '151');
insert into MenuItems (Name, Availability , Price, AllergenInformation, Description, MenuID) values ('Manti', 'available', '$70.45', 'nuts', 'Classic American comfort food', '147');
insert into MenuItems (Name, Availability , Price, AllergenInformation, Description, MenuID) values ('Chicken Katsu Curry', 'unavailable', '$55.06', 'no allergies', 'Mexican chocolate-infused sauce', '141');
insert into MenuItems (Name, Availability , Price, AllergenInformation, Description, MenuID) values ('Bouillabaisse', 'available', '$4.62', 'no allergies', 'Vietnamese crab noodle soup', '30');
insert into MenuItems (Name, Availability , Price, AllergenInformation, Description, MenuID) values ('Carnitas Tostadas', 'unavailable', '$46.84', 'nuts', 'Indian spiced potatoes', '170');
insert into MenuItems (Name, Availability , Price, AllergenInformation, Description, MenuID) values ('Sundubu Jjigae', 'unavailable', '$45.89', 'vegan', 'American juicy grilled steak', '126');
insert into MenuItems (Name, Availability , Price, AllergenInformation, Description, MenuID) values ('Pelmeni', 'available', '$21.00', 'gluten free', 'Indian spiced rice delight', '174');
insert into MenuItems (Name, Availability , Price, AllergenInformation, Description, MenuID) values ('Chile Relleno', 'unavailable', '$50.71', 'vegetarian', 'Japanese glazed salmon', '140');
insert into MenuItems (Name, Availability , Price, AllergenInformation, Description, MenuID) values ('Pozole', 'available', '$80.32', 'gluten free', 'French comfort chicken stew', '4');
insert into MenuItems (Name, Availability , Price, AllergenInformation, Description, MenuID) values ('Szechuan Beef', 'available', '$52.16', 'vegan', 'Indian spiced potatoes', '60');
insert into MenuItems (Name, Availability , Price, AllergenInformation, Description, MenuID) values ('Tofu Tom Yum Soup', 'available', '$79.32', 'vegan', 'Brazilian black-eyed pea fritters', '87');
insert into MenuItems (Name, Availability , Price, AllergenInformation, Description, MenuID) values ('Greek Salad', 'available', '$22.50', 'nuts', 'Malaysian spicy noodle soup', '117');
insert into MenuItems (Name, Availability , Price, AllergenInformation, Description, MenuID) values ('Ackee and Saltfish', 'unavailable', '$99.81', 'vegetarian', 'Indonesian skewered tofu', '68');
insert into MenuItems (Name, Availability , Price, AllergenInformation, Description, MenuID) values ('Pumpkin Gnocchi', 'available', '$22.22', 'vegan', 'Middle Eastern grilled delight', '157');
insert into MenuItems (Name, Availability , Price, AllergenInformation, Description, MenuID) values ('Greek Souvlaki Wrap', 'available', '$22.34', 'vegetarian', 'West African rice delight', '193');
insert into MenuItems (Name, Availability , Price, AllergenInformation, Description, MenuID) values ('Tteokbokki', 'unavailable', '$93.72', 'diary', 'sweet and spicy', '84');
insert into MenuItems (Name, Availability , Price, AllergenInformation, Description, MenuID) values ('Paella', 'available', '$20.43', 'vegan', 'French vegetable-filled pastry', '187');
insert into MenuItems (Name, Availability , Price, AllergenInformation, Description, MenuID) values ('Green Curry', 'available', '$98.85', 'vegan', 'Korean glass noodle stir-fry', '164');
insert into MenuItems (Name, Availability , Price, AllergenInformation, Description, MenuID) values ('Ahi Poke Bowl', 'unavailable', '$91.02', 'gluten free', 'Thai soy sauce noodles', '144');
insert into MenuItems (Name, Availability , Price, AllergenInformation, Description, MenuID) values ('Patty', 'unavailable', '$42.72', 'vegetarian', 'Thai spicy noodle stir-fry', '32');
insert into MenuItems (Name, Availability , Price, AllergenInformation, Description, MenuID) values ('Gazpacho', 'available', '$54.61', 'diary', 'Fresh Mediterranean veggie delight', '153');
insert into MenuItems (Name, Availability , Price, AllergenInformation, Description, MenuID) values ('Seafood Paella', 'unavailable', '$39.58', 'vegetarian', 'Chinese spicy stir-fry', '106');
insert into MenuItems (Name, Availability , Price, AllergenInformation, Description, MenuID) values ('Baked Ziti', 'unavailable', '$29.38', 'vegetarian', 'Korean soft tofu stew', '158');
insert into MenuItems (Name, Availability , Price, AllergenInformation, Description, MenuID) values ('Egg Drop Soup', 'unavailable', '$65.21', 'vegetarian', 'Korean cold noodle dish', '103');
insert into MenuItems (Name, Availability , Price, AllergenInformation, Description, MenuID) values ('Tiramisu Pancakes', 'unavailable', '$62.52', 'nuts', 'Japanese seared tuna', '80');
insert into MenuItems (Name, Availability , Price, AllergenInformation, Description, MenuID) values ('Baba Ganoush', 'unavailable', '$79.58', 'nuts', 'Canadian sweet pastry', '107');
insert into MenuItems (Name, Availability , Price, AllergenInformation, Description, MenuID) values ('Chicken Tinga Tostadas', 'available', '$7.20', 'no allergies', 'Mexican avocado dip delight', '176');
insert into MenuItems (Name, Availability , Price, AllergenInformation, Description, MenuID) values ('Chicken Larb', 'available', '$80.84', 'gluten free', 'Peruvian stir-fry fusion', '48');
insert into MenuItems (Name, Availability , Price, AllergenInformation, Description, MenuID) values ('Jollof Rice', 'available', '$72.12', 'vegan', 'Russian dumplings comfort', '51');
insert into MenuItems (Name, Availability , Price, AllergenInformation, Description, MenuID) values ('Hainanese Chicken Rice', 'available', '$1.24', 'gluten free', 'Japanese noodle soup comfort', '59');
insert into MenuItems (Name, Availability , Price, AllergenInformation, Description, MenuID) values ('Fatayer', 'available', '$87.63', 'gluten free', 'Japanese miso-glazed delight', '150');
insert into MenuItems (Name, Availability , Price, AllergenInformation, Description, MenuID) values ('Grilled Octopus', 'available', '$38.02', 'vegan', 'Greek grilled chicken skewers', '11');
insert into MenuItems (Name, Availability , Price, AllergenInformation, Description, MenuID) values ('Egg Curry', 'unavailable', '$43.33', 'vegan', 'Spanish saffron-infused rice dish', '169');
insert into MenuItems (Name, Availability , Price, AllergenInformation, Description, MenuID) values ('Quiche Lorraine', 'available', '$69.01', 'vegetarian', 'Japanese raw fish delight', '97');
insert into MenuItems (Name, Availability , Price, AllergenInformation, Description, MenuID) values ('Tiramisu Pancakes', 'unavailable', '$65.53', 'vegan', 'Creamy American seafood soup', '146');
insert into MenuItems (Name, Availability , Price, AllergenInformation, Description, MenuID) values ('Tteokbokki', 'available', '$33.59', 'vegetarian', 'Indonesian skewered chicken', '197');
insert into MenuItems (Name, Availability , Price, AllergenInformation, Description, MenuID) values ('Guacamole with Chips', 'available', '$38.35', 'no allergies', 'South American herb-infused delight', '168');
insert into MenuItems (Name, Availability , Price, AllergenInformation, Description, MenuID) values ('Ceviche Tostadas', 'available', '$85.91', 'diary', 'Mexican citrus-marinated delight', '160');
insert into MenuItems (Name, Availability , Price, AllergenInformation, Description, MenuID) values ('Clam Chowder', 'unavailable', '$81.27', 'vegetarian', 'Italian grilled T-bone steak', '24');
insert into MenuItems (Name, Availability , Price, AllergenInformation, Description, MenuID) values ('Quiche Lorraine', 'available', '$74.96', 'no allergies', 'French snails in garlic', '155');
insert into MenuItems (Name, Availability , Price, AllergenInformation, Description, MenuID) values ('Cuban Picadillo', 'unavailable', '$93.72', 'gluten free', 'Italian tomato-mozzarella sandwich', '88');
insert into MenuItems (Name, Availability , Price, AllergenInformation, Description, MenuID) values ('Green Papaya Salad', 'unavailable', '$50.04', 'diary', 'Singaporean chicken and rice', '163');
insert into MenuItems (Name, Availability , Price, AllergenInformation, Description, MenuID) values ('Osso Buco', 'available', '$44.99', 'diary', 'Malaysian spicy tofu soup', '120');
insert into MenuItems (Name, Availability , Price, AllergenInformation, Description, MenuID) values ('Escovitch Fish', 'unavailable', '$3.01', 'gluten free', 'Thai peanut-infused curry', '113');
insert into MenuItems (Name, Availability , Price, AllergenInformation, Description, MenuID) values ('Chile Relleno', 'available', '$36.17', 'nuts', 'Italian cheese and pepper', '114');
insert into MenuItems (Name, Availability , Price, AllergenInformation, Description, MenuID) values ('Chicken Korma', 'unavailable', '$1.56', 'no allergies', 'Fresh Peruvian seafood delight', '49');
insert into MenuItems (Name, Availability , Price, AllergenInformation, Description, MenuID) values ('Eggplant Moussaka', 'available', '$11.22', 'no allergies', 'Brazilian chocolate truffles', '186');
insert into MenuItems (Name, Availability , Price, AllergenInformation, Description, MenuID) values ('Tuna Tataki', 'available', '$3.44', 'vegetarian', 'Japanese noodle soup comfort', '131');
insert into MenuItems (Name, Availability , Price, AllergenInformation, Description, MenuID) values ('Chicken Pho', 'unavailable', '$94.78', 'no allergies', 'Italian garlic shrimp delight', '118');
insert into MenuItems (Name, Availability , Price, AllergenInformation, Description, MenuID) values ('Chicken Pho', 'unavailable', '$64.67', 'nuts', 'Greek spiced meat wrap', '171');
insert into MenuItems (Name, Availability , Price, AllergenInformation, Description, MenuID) values ('Chicken Adobo', 'unavailable', '$29.32', 'nuts', 'Caribbean fried plantains', '14');
insert into MenuItems (Name, Availability , Price, AllergenInformation, Description, MenuID) values ('Patty', 'available', '$55.90', 'gluten free', 'Middle Eastern spiced chicken', '91');
insert into MenuItems (Name, Availability , Price, AllergenInformation, Description, MenuID) values ('Shawarma', 'available', '$96.44', 'gluten free', 'Japanese breaded cutlet', '22');
insert into MenuItems (Name, Availability , Price, AllergenInformation, Description, MenuID) values ('Carnitas Tostadas', 'unavailable', '$13.97', 'gluten free', 'Mediterranean chickpea delight', '15');
insert into MenuItems (Name, Availability , Price, AllergenInformation, Description, MenuID) values ('Caprese Flatbread', 'unavailable', '$40.54', 'no allergies', 'colorful Japanese assortment', '128');
insert into MenuItems (Name, Availability , Price, AllergenInformation, Description, MenuID) values ('Feijoada', 'available', '$55.87', 'diary', 'Japanese cold noodle salad', '180');
insert into MenuItems (Name, Availability , Price, AllergenInformation, Description, MenuID) values ('Enchiladas', 'unavailable', '$19.90', 'vegan', 'Japanese breaded cutlet', '200');
insert into MenuItems (Name, Availability , Price, AllergenInformation, Description, MenuID) values ('Saag Paneer', 'available', '$26.96', 'diary', 'Italian garlic shrimp delight', '100');
insert into MenuItems (Name, Availability , Price, AllergenInformation, Description, MenuID) values ('Chicken Parmesan', 'unavailable', '$10.44', 'gluten free', 'Portuguese green soup delight', '189');
insert into MenuItems (Name, Availability , Price, AllergenInformation, Description, MenuID) values ('Margherita Panini', 'available', '$23.26', 'diary', 'Malaysian spicy noodle soup', '188');
insert into MenuItems (Name, Availability , Price, AllergenInformation, Description, MenuID) values ('Kung Pao Chicken', 'available', '$21.71', 'vegan', 'Jamaican breakfast favorite', '94');
insert into MenuItems (Name, Availability , Price, AllergenInformation, Description, MenuID) values ('Baba Ganoush', 'unavailable', '$40.16', 'vegan', 'Thai soy sauce noodles', '119');
insert into MenuItems (Name, Availability , Price, AllergenInformation, Description, MenuID) values ('Philly Cheesesteak', 'available', '$28.73', 'vegan', 'Turkish cracked wheat delight', '99');
insert into MenuItems (Name, Availability , Price, AllergenInformation, Description, MenuID) values ('Escovitch Fish', 'unavailable', '$67.43', 'vegetarian', 'Turkish meat flatbread', '16');
insert into MenuItems (Name, Availability , Price, AllergenInformation, Description, MenuID) values ('Avgolemono Soup', 'available', '$36.75', 'vegetarian', 'Fresh Mediterranean veggie delight', '162');
insert into MenuItems (Name, Availability , Price, AllergenInformation, Description, MenuID) values ('Ahi Poke Bowl', 'unavailable', '$4.34', 'nuts', 'Thai sweet rice dessert', '55');
insert into MenuItems (Name, Availability , Price, AllergenInformation, Description, MenuID) values ('Escargot', 'available', '$83.11', 'vegan', 'Greek meatballs delight', '125');
insert into MenuItems (Name, Availability , Price, AllergenInformation, Description, MenuID) values ('Enchiladas', 'unavailable', '$65.80', 'diary', 'Australian grilled skewers', '198');
insert into MenuItems (Name, Availability , Price, AllergenInformation, Description, MenuID) values ('Manti', 'available', '$30.05', 'gluten free', 'Indian-flavored pizza delight', '165');
insert into MenuItems (Name, Availability , Price, AllergenInformation, Description, MenuID) values ('Laksa', 'unavailable', '$57.32', 'gluten free', 'Caribbean flatbread with curry', '28');
insert into MenuItems (Name, Availability , Price, AllergenInformation, Description, MenuID) values ('Cabbage Rolls', 'available', '$58.45', 'nuts', 'Thai hot and sour', '101');
insert into MenuItems (Name, Availability , Price, AllergenInformation, Description, MenuID) values ('Saag Paneer', 'available', '$41.72', 'nuts', 'Mexican seafood delights', '76');
insert into MenuItems (Name, Availability , Price, AllergenInformation, Description, MenuID) values ('Chicken Nasi Goreng', 'available', '$25.27', 'nuts', 'American juicy grilled steak', '40');
insert into MenuItems (Name, Availability , Price, AllergenInformation, Description, MenuID) values ('Baba Ganoush', 'unavailable', '$88.68', 'vegetarian', 'Buttery French pastry delight', '135');
insert into MenuItems (Name, Availability , Price, AllergenInformation, Description, MenuID) values ('Tteokbokki', 'available', '$77.80', 'gluten free', 'Mediterranean meat wrap delight', '109');
insert into MenuItems (Name, Availability , Price, AllergenInformation, Description, MenuID) values ('Okra Gumbo', 'available', '$27.61', 'diary', 'Vietnamese beef noodle soup', '145');
insert into MenuItems (Name, Availability , Price, AllergenInformation, Description, MenuID) values ('Red Lentil Curry', 'unavailable', '$22.74', 'nuts', 'Brazilian chicken croquette', '5');
insert into MenuItems (Name, Availability , Price, AllergenInformation, Description, MenuID) values ('Clam Chowder', 'available', '$91.64', 'no allergies', 'Jamaican breakfast favorite', '33');
insert into MenuItems (Name, Availability , Price, AllergenInformation, Description, MenuID) values ('Cucumber Kimchi', 'unavailable', '$74.75', 'vegetarian', 'Japanese thick wheat noodles', '83');
insert into MenuItems (Name, Availability , Price, AllergenInformation, Description, MenuID) values ('Churros', 'available', '$64.21', 'diary', 'Greek grilled meat skewers', '110');
insert into MenuItems (Name, Availability , Price, AllergenInformation, Description, MenuID) values ('Chicken Mole Enchiladas', 'available', '$90.21', 'diary', 'French creamy lobster soup', '63');
insert into MenuItems (Name, Availability , Price, AllergenInformation, Description, MenuID) values ('Chicken Liver Mousse', 'available', '$8.42', 'no allergies', 'Creamy American seafood soup', '86');
insert into MenuItems (Name, Availability , Price, AllergenInformation, Description, MenuID) values ('Carnitas Tostadas', 'unavailable', '$15.24', 'no allergies', 'Mediterranean sweet pastry', '77');
insert into MenuItems (Name, Availability , Price, AllergenInformation, Description, MenuID) values ('Bun Thit Nuong', 'unavailable', '$84.56', 'diary', 'Thai hot and sour', '35');
insert into MenuItems (Name, Availability , Price, AllergenInformation, Description, MenuID) values ('Tiramisu Pancakes', 'unavailable', '$61.05', 'vegetarian', 'Mexican seafood delights', '58');
insert into MenuItems (Name, Availability , Price, AllergenInformation, Description, MenuID) values ('Margherita Panini', 'available', '$97.61', 'vegetarian', 'Mexican avocado dip delight', '142');
insert into MenuItems (Name, Availability , Price, AllergenInformation, Description, MenuID) values ('Greek Souvlaki Wrap', 'available', '$35.44', 'nuts', 'Mediterranean appetizer assortment', '89');
insert into MenuItems (Name, Availability , Price, AllergenInformation, Description, MenuID) values ('Shrimp and Chorizo Paella', 'unavailable', '$26.96', 'no allergies', 'Mexican crispy pork tacos', '152');
insert into MenuItems (Name, Availability , Price, AllergenInformation, Description, MenuID) values ('Tofu Bibimbap', 'unavailable', '$86.29', 'gluten free', 'Swedish cured salmon', '41');
insert into MenuItems (Name, Availability , Price, AllergenInformation, Description, MenuID) values ('Lahmajoun', 'available', '$81.77', 'nuts', 'Spicy Indian curry delight', '195');
insert into MenuItems (Name, Availability , Price, AllergenInformation, Description, MenuID) values ('Chicken Korma', 'available', '$19.56', 'no allergies', 'Russian beetroot soup classic', '138');
insert into MenuItems (Name, Availability , Price, AllergenInformation, Description, MenuID) values ('Cabbage Rolls', 'available', '$56.32', 'nuts', 'Mediterranean rice-stuffed leaves', '3');
insert into MenuItems (Name, Availability , Price, AllergenInformation, Description, MenuID) values ('Focaccia with Olives', 'unavailable', '$62.45', 'gluten free', 'Indonesian skewered chicken', '194');
insert into MenuItems (Name, Availability , Price, AllergenInformation, Description, MenuID) values ('Chicken Chorizo Arepas', 'available', '$34.49', 'diary', 'Mediterranean rice-stuffed leaves', '64');
insert into MenuItems (Name, Availability , Price, AllergenInformation, Description, MenuID) values ('Salmon Teriyaki', 'available', '$21.24', 'diary', 'Fresh Peruvian seafood delight', '111');
insert into MenuItems (Name, Availability , Price, AllergenInformation, Description, MenuID) values ('Bulgogi Tacos', 'available', '$32.97', 'no allergies', 'Italian braised veal', '78');
insert into MenuItems (Name, Availability , Price, AllergenInformation, Description, MenuID) values ('Bun Thit Nuong', 'available', '$29.63', 'vegan', 'Chinese spicy stir-fry', '18');
insert into MenuItems (Name, Availability , Price, AllergenInformation, Description, MenuID) values ('Caprese Salad', 'available', '$38.57', 'nuts', 'Spicy Thai drunken noodles', '12');
insert into MenuItems (Name, Availability , Price, AllergenInformation, Description, MenuID) values ('Kung Pao Chicken', 'available', '$12.12', 'nuts', 'Spanish saffron-infused rice dish', '154');
insert into MenuItems (Name, Availability , Price, AllergenInformation, Description, MenuID) values ('Bun Rieu', 'unavailable', '$93.26', 'no allergies', 'Argentine herb-infused steak', '26');
insert into MenuItems (Name, Availability , Price, AllergenInformation, Description, MenuID) values ('Tofu Satay', 'available', '$30.50', 'no allergies', 'South American herb-infused delight', '20');
insert into MenuItems (Name, Availability , Price, AllergenInformation, Description, MenuID) values ('Greek Souvlaki Wrap', 'available', '$23.12', 'no allergies', 'French fisherman''s stew', '161');
insert into MenuItems (Name, Availability , Price, AllergenInformation, Description, MenuID) values ('Tikka Masala Pizza', 'unavailable', '$31.12', 'vegetarian', 'Chinese spicy stir-fry', '167');
insert into MenuItems (Name, Availability , Price, AllergenInformation, Description, MenuID) values ('Nasi Lemak', 'unavailable', '$68.28', 'vegan', 'Savory Cuban beef stew', '79');
insert into MenuItems (Name, Availability , Price, AllergenInformation, Description, MenuID) values ('Greek Salad', 'available', '$62.95', 'nuts', 'Scottish smoked haddock soup', '36');
insert into MenuItems (Name, Availability , Price, AllergenInformation, Description, MenuID) values ('Lahmacun', 'available', '$7.99', 'gluten free', 'Moroccan sweet chicken pastry', '17');
insert into MenuItems (Name, Availability , Price, AllergenInformation, Description, MenuID) values ('Churros', 'unavailable', '$89.44', 'vegetarian', 'American juicy grilled steak', '177');
insert into MenuItems (Name, Availability , Price, AllergenInformation, Description, MenuID) values ('Butter Tart', 'unavailable', '$99.87', 'no allergies', 'Indian spiced lentils', '132');
insert into MenuItems (Name, Availability , Price, AllergenInformation, Description, MenuID) values ('Patty', 'available', '$34.99', 'diary', 'Brazilian chocolate truffles', '44');
insert into MenuItems (Name, Availability , Price, AllergenInformation, Description, MenuID) values ('Coxinha', 'available', '$30.34', 'diary', 'Jamaican breakfast favorite', '75');
insert into MenuItems (Name, Availability , Price, AllergenInformation, Description, MenuID) values ('Baguette with Brie', 'unavailable', '$78.69', 'no allergies', 'Assorted Chinese dumplings', '182');
insert into MenuItems (Name, Availability , Price, AllergenInformation, Description, MenuID) values ('Meze Platter', 'unavailable', '$61.27', 'vegan', 'Fresh Peruvian seafood delight', '53');
insert into MenuItems (Name, Availability , Price, AllergenInformation, Description, MenuID) values ('Dim Sum Platter', 'available', '$56.70', 'vegan', 'Spicy Indian curry delight', '122');
insert into MenuItems (Name, Availability , Price, AllergenInformation, Description, MenuID) values ('Chicken Liver Mousse', 'available', '$48.13', 'vegan', 'Korean marinated beef tacos', '179');
insert into MenuItems (Name, Availability , Price, AllergenInformation, Description, MenuID) values ('Roti with Curry', 'available', '$36.05', 'gluten free', 'Southern U.S. comfort food', '92');
insert into MenuItems (Name, Availability , Price, AllergenInformation, Description, MenuID) values ('Lahmacun', 'unavailable', '$0.58', 'nuts', 'Greek grilled chicken skewers', '148');
insert into MenuItems (Name, Availability , Price, AllergenInformation, Description, MenuID) values ('Pescado a la Veracruzana', 'unavailable', '$29.00', 'no allergies', 'American juicy grilled steak', '121');
insert into MenuItems (Name, Availability , Price, AllergenInformation, Description, MenuID) values ('Roast Pork Bun', 'available', '$30.38', 'nuts', 'Japanese glazed salmon', '21');
insert into MenuItems (Name, Availability , Price, AllergenInformation, Description, MenuID) values ('Manti', 'available', '$69.75', 'diary', 'Japanese breaded cutlet', '184');
insert into MenuItems (Name, Availability , Price, AllergenInformation, Description, MenuID) values ('Roast Pork Bun', 'available', '$37.01', 'vegetarian', 'Malaysian spicy noodle soup', '93');
insert into MenuItems (Name, Availability , Price, AllergenInformation, Description, MenuID) values ('Osso Buco', 'available', '$68.78', 'nuts', 'Mediterranean sweet pastry', '2');
insert into MenuItems (Name, Availability , Price, AllergenInformation, Description, MenuID) values ('Drunken Noodles', 'available', '$5.06', 'no allergies', 'Chinese comforting egg soup', '47');
insert into MenuItems (Name, Availability , Price, AllergenInformation, Description, MenuID) values ('Tofu Tom Yum Soup', 'unavailable', '$63.22', 'vegan', 'Greek spinach pie perfection', '13');
insert into MenuItems (Name, Availability , Price, AllergenInformation, Description, MenuID) values ('Acaraje', 'unavailable', '$80.00', 'no allergies', 'American sandwich classic', '105');
insert into MenuItems (Name, Availability , Price, AllergenInformation, Description, MenuID) values ('Osso Buco', 'available', '$84.31', 'gluten free', 'Australian breakfast staple', '133');
insert into MenuItems (Name, Availability , Price, AllergenInformation, Description, MenuID) values ('Tofu Satay', 'available', '$56.06', 'no allergies', 'Indian-flavored pizza delight', '9');
insert into MenuItems (Name, Availability , Price, AllergenInformation, Description, MenuID) values ('Chana Masala', 'available', '$39.25', 'vegetarian', 'Spanish saffron-infused rice', '65');
insert into MenuItems (Name, Availability , Price, AllergenInformation, Description, MenuID) values ('General Tso''s Chicken', 'available', '$72.39', 'nuts', 'Mexican chocolate-infused sauce', '81');
insert into MenuItems (Name, Availability , Price, AllergenInformation, Description, MenuID) values ('Udon Noodles', 'unavailable', '$76.88', 'no allergies', 'Mexican chocolate-infused delight', '96');
insert into MenuItems (Name, Availability , Price, AllergenInformation, Description, MenuID) values ('Fish Tacos', 'unavailable', '$58.20', 'vegan', 'French creamy lobster soup', '56');
insert into MenuItems (Name, Availability , Price, AllergenInformation, Description, MenuID) values ('Tom Yum Soup', 'unavailable', '$91.71', 'vegetarian', 'Spicy coconut noodle soup', '149');
insert into MenuItems (Name, Availability , Price, AllergenInformation, Description, MenuID) values ('Baked Ziti', 'unavailable', '$71.09', 'diary', 'Moroccan grain delight', '143');
insert into MenuItems (Name, Availability , Price, AllergenInformation, Description, MenuID) values ('Pad See Ew', 'available', '$69.42', 'vegan', 'Turkish thin-crust pizza', '37');
insert into MenuItems (Name, Availability , Price, AllergenInformation, Description, MenuID) values ('Philly Cheesesteak', 'available', '$80.99', 'nuts', 'Grilled skewered delights', '190');
insert into MenuItems (Name, Availability , Price, AllergenInformation, Description, MenuID) values ('Carnitas Tostadas', 'unavailable', '$23.17', 'no allergies', 'Caribbean fried plantains', '139');
insert into MenuItems (Name, Availability , Price, AllergenInformation, Description, MenuID) values ('Kangaroo Skewers', 'available', '$80.31', 'nuts', 'Assorted Chinese dumplings', '104');
insert into MenuItems (Name, Availability , Price, AllergenInformation, Description, MenuID) values ('Churros', 'unavailable', '$84.79', 'nuts', 'Mediterranean tender seafood', '102');
insert into MenuItems (Name, Availability , Price, AllergenInformation, Description, MenuID) values ('Barramundi with Macadamia Pesto', 'unavailable', '$80.95', 'vegan', 'Korean marinated beef tacos', '123');
insert into MenuItems (Name, Availability , Price, AllergenInformation, Description, MenuID) values ('Ratatouille Tart', 'unavailable', '$82.93', 'nuts', 'Fresh Mediterranean veggie delight', '172');
insert into MenuItems (Name, Availability , Price, AllergenInformation, Description, MenuID) values ('Banh Mi Sandwich', 'available', '$50.40', 'no allergies', 'Indian spiced lentils', '39');
insert into MenuItems (Name, Availability , Price, AllergenInformation, Description, MenuID) values ('Chicken Parmesan', 'available', '$5.77', 'diary', 'Japanese breaded cutlet', '34');
insert into MenuItems (Name, Availability , Price, AllergenInformation, Description, MenuID) values ('Coxinha', 'unavailable', '$89.13', 'vegetarian', 'Australian grilled skewers', '69');
insert into MenuItems (Name, Availability , Price, AllergenInformation, Description, MenuID) values ('Lomo Saltado', 'unavailable', '$77.17', 'nuts', 'Canadian sweet pastry', '159');
insert into MenuItems (Name, Availability , Price, AllergenInformation, Description, MenuID) values ('Peking Duck Ramen', 'unavailable', '$82.18', 'nuts', 'French wine-infused chicken', '134');
insert into MenuItems (Name, Availability , Price, AllergenInformation, Description, MenuID) values ('Baguette with Brie', 'unavailable', '$38.73', 'diary', 'Mediterranean sweet pastry', '185');
insert into MenuItems (Name, Availability , Price, AllergenInformation, Description, MenuID) values ('Green Papaya Salad', 'available', '$94.68', 'diary', 'Ethiopian spicy chicken stew', '173');
insert into MenuItems (Name, Availability , Price, AllergenInformation, Description, MenuID) values ('Chicken Kebab Skewers', 'available', '$6.33', 'vegan', 'Malaysian coconut rice dish', '25');
insert into MenuItems (Name, Availability , Price, AllergenInformation, Description, MenuID) values ('Vegetable Biryani', 'unavailable', '$24.95', 'nuts', 'Chinese crispy duck noodle', '6');
insert into MenuItems (Name, Availability , Price, AllergenInformation, Description, MenuID) values ('Red Curry', 'unavailable', '$36.03', 'nuts', 'Venezuelan fried cheese sticks', '17');
insert into MenuItems (Name, Availability , Price, AllergenInformation, Description, MenuID) values ('Peking Duck', 'available', '$47.01', 'vegetarian', 'French vegetable-filled pastry', '35');
insert into MenuItems (Name, Availability , Price, AllergenInformation, Description, MenuID) values ('Spanakopita', 'available', '$30.62', 'vegan', 'Swedish cured salmon', '65');
insert into MenuItems (Name, Availability , Price, AllergenInformation, Description, MenuID) values ('Cuban Picadillo', 'available', '$30.67', 'nuts', 'Mediterranean tender seafood', '183');
insert into MenuItems (Name, Availability , Price, AllergenInformation, Description, MenuID) values ('Blini with Caviar', 'available', '$65.55', 'vegetarian', 'Puerto Rican chicken stew delight', '58');
insert into MenuItems (Name, Availability , Price, AllergenInformation, Description, MenuID) values ('Kimchi Fried Rice', 'unavailable', '$51.80', 'vegan', 'Chinese spicy stir-fry', '169');
insert into MenuItems (Name, Availability , Price, AllergenInformation, Description, MenuID) values ('Tuna Tataki', 'available', '$91.67', 'nuts', 'Italian tomato-mozzarella bliss', '31');
insert into MenuItems (Name, Availability , Price, AllergenInformation, Description, MenuID) values ('Tofu Bibimbap', 'available', '$86.09', 'nuts', 'Middle Eastern meat wrap', '72');
insert into MenuItems (Name, Availability , Price, AllergenInformation, Description, MenuID) values ('Chicken Vindaloo', 'available', '$5.71', 'no allergies', 'American classic salad delight', '119');
insert into MenuItems (Name, Availability , Price, AllergenInformation, Description, MenuID) values ('Aloo Gobi', 'unavailable', '$84.00', 'no allergies', 'Spanish chilled tomato soup', '46');
insert into MenuItems (Name, Availability , Price, AllergenInformation, Description, MenuID) values ('Escovitch Fish', 'available', '$60.55', 'no allergies', 'Indian spiced rice delight', '197');
insert into MenuItems (Name, Availability , Price, AllergenInformation, Description, MenuID) values ('Clam Chowder', 'unavailable', '$66.33', 'no allergies', 'Japanese seared tuna', '116');
insert into MenuItems (Name, Availability , Price, AllergenInformation, Description, MenuID) values ('Spaghetti Bolognese', 'unavailable', '$66.18', 'diary', 'colorful Japanese assortment', '135');
insert into MenuItems (Name, Availability , Price, AllergenInformation, Description, MenuID) values ('Sopes', 'unavailable', '$0.60', 'vegetarian', 'Spiced pork street tacos', '162');
insert into MenuItems (Name, Availability , Price, AllergenInformation, Description, MenuID) values ('Szechuan Beef', 'available', '$60.54', 'nuts', 'Australian fish with nutty twist', '85');
insert into MenuItems (Name, Availability , Price, AllergenInformation, Description, MenuID) values ('Swedish Meatballs', 'available', '$94.69', 'nuts', 'Italian coffee-flavored pancakes', '198');
insert into MenuItems (Name, Availability , Price, AllergenInformation, Description, MenuID) values ('Tostones with Guacamole', 'available', '$4.20', 'no allergies', 'Australian fish with nutty twist', '47');
insert into MenuItems (Name, Availability , Price, AllergenInformation, Description, MenuID) values ('Tofu Bibimbap', 'available', '$22.75', 'nuts', 'Colorful peppers filled deliciously', '195');
insert into MenuItems (Name, Availability , Price, AllergenInformation, Description, MenuID) values ('Roti Canai', 'available', '$25.59', 'nuts', 'Classic American comfort food', '15');
insert into MenuItems (Name, Availability , Price, AllergenInformation, Description, MenuID) values ('Ackee and Saltfish', 'unavailable', '$66.74', 'nuts', 'Ethiopian spiced meat', '185');
insert into MenuItems (Name, Availability , Price, AllergenInformation, Description, MenuID) values ('Gazpacho', 'available', '$45.46', 'vegan', 'Layered Greek eggplant casserole', '121');
insert into MenuItems (Name, Availability , Price, AllergenInformation, Description, MenuID) values ('Greek Salad', 'available', '$61.57', 'no allergies', 'Mexican spicy shredded chicken', '39');
insert into MenuItems (Name, Availability , Price, AllergenInformation, Description, MenuID) values ('Chicken Biryani', 'unavailable', '$76.96', 'vegan', 'Jamaican breakfast favorite', '180');
insert into MenuItems (Name, Availability , Price, AllergenInformation, Description, MenuID) values ('Egg Curry', 'available', '$81.68', 'vegan', 'Thai coconut chicken soup', '147');
insert into MenuItems (Name, Availability , Price, AllergenInformation, Description, MenuID) values ('Gazpacho', 'unavailable', '$0.82', 'gluten free', 'Spanish fried dough treats', '100');
insert into MenuItems (Name, Availability , Price, AllergenInformation, Description, MenuID) values ('Quesadillas', 'available', '$60.91', 'vegan', 'Mexican cheesy tortilla goodness', '168');
insert into MenuItems (Name, Availability , Price, AllergenInformation, Description, MenuID) values ('Gyro Wrap', 'available', '$50.01', 'vegan', 'French silky liver spread', '24');
insert into MenuItems (Name, Availability , Price, AllergenInformation, Description, MenuID) values ('Pozole', 'available', '$56.24', 'vegan', 'Indonesian skewered tofu', '187');
insert into MenuItems (Name, Availability , Price, AllergenInformation, Description, MenuID) values ('Chicken Caesar Salad', 'unavailable', '$20.13', 'gluten free', 'Chinese spicy-sour delight', '22');
insert into MenuItems (Name, Availability , Price, AllergenInformation, Description, MenuID) values ('Pescado a la Veracruzana', 'unavailable', '$97.43', 'vegan', 'Mediterranean chickpea delight', '159');
insert into MenuItems (Name, Availability , Price, AllergenInformation, Description, MenuID) values ('Szechuan Beef', 'unavailable', '$27.79', 'diary', 'Fresh Peruvian seafood delight', '196');
insert into MenuItems (Name, Availability , Price, AllergenInformation, Description, MenuID) values ('Grilled Octopus', 'available', '$99.49', 'nuts', 'Turkish stuffed dumplings', '50');
insert into MenuItems (Name, Availability , Price, AllergenInformation, Description, MenuID) values ('Panang Curry', 'available', '$59.15', 'vegetarian', 'Italian garlic shrimp delight', '164');
insert into MenuItems (Name, Availability , Price, AllergenInformation, Description, MenuID) values ('Clam Chowder', 'unavailable', '$9.13', 'gluten free', 'Greek yogurt cucumber sauce', '177');
insert into MenuItems (Name, Availability , Price, AllergenInformation, Description, MenuID) values ('Philly Cheesesteak', 'unavailable', '$30.08', 'vegetarian', 'Jamaican breakfast favorite', '83');
insert into MenuItems (Name, Availability , Price, AllergenInformation, Description, MenuID) values ('Guacamole with Chips', 'available', '$66.72', 'vegan', 'Tangy Thai noodle stir-fry', '171');
insert into MenuItems (Name, Availability , Price, AllergenInformation, Description, MenuID) values ('Escargot Bourguignon', 'unavailable', '$41.11', 'vegetarian', 'Australian grilled skewers', '136');
insert into MenuItems (Name, Availability , Price, AllergenInformation, Description, MenuID) values ('Chicken Korma', 'available', '$29.01', 'vegetarian', 'Korean spicy rice cakes', '157');
insert into MenuItems (Name, Availability , Price, AllergenInformation, Description, MenuID) values ('Spicy Tofu Ramen', 'unavailable', '$20.65', 'vegan', 'French snail delicacy', '154');
insert into MenuItems (Name, Availability , Price, AllergenInformation, Description, MenuID) values ('Cabbage Rolls', 'available', '$16.73', 'no allergies', 'Classic American comfort food', '93');
insert into MenuItems (Name, Availability , Price, AllergenInformation, Description, MenuID) values ('Tofu Bibimbap', 'available', '$9.88', 'no allergies', 'Italian olive-studded flatbread', '110');
insert into MenuItems (Name, Availability , Price, AllergenInformation, Description, MenuID) values ('Meze Platter', 'unavailable', '$63.78', 'no allergies', 'Mediterranean sweet pastry', '97');
insert into MenuItems (Name, Availability , Price, AllergenInformation, Description, MenuID) values ('Focaccia with Olives', 'available', '$27.54', 'diary', 'Mediterranean layered delight', '145');
insert into MenuItems (Name, Availability , Price, AllergenInformation, Description, MenuID) values ('Stuffed Bell Peppers', 'available', '$67.67', 'no allergies', 'Vietnamese beef noodle soup', '60');
insert into MenuItems (Name, Availability , Price, AllergenInformation, Description, MenuID) values ('Gyoza', 'available', '$46.76', 'diary', 'Filipino soy-vinegar chicken', '9');
insert into MenuItems (Name, Availability , Price, AllergenInformation, Description, MenuID) values ('Gyro Wrap', 'unavailable', '$7.89', 'diary', 'Southern U.S. comfort food', '3');
insert into MenuItems (Name, Availability , Price, AllergenInformation, Description, MenuID) values ('Gazpacho', 'available', '$21.14', 'vegetarian', 'French snail delicacy', '21');
insert into MenuItems (Name, Availability , Price, AllergenInformation, Description, MenuID) values ('Tom Kha Gai', 'available', '$91.14', 'vegan', 'French creamy lobster soup', '94');
insert into MenuItems (Name, Availability , Price, AllergenInformation, Description, MenuID) values ('Coxinha', 'unavailable', '$55.36', 'no allergies', 'Greek grilled chicken skewers', '5');
insert into MenuItems (Name, Availability , Price, AllergenInformation, Description, MenuID) values ('Churros', 'available', '$33.62', 'vegetarian', 'Italian garlic shrimp delight', '181');
insert into MenuItems (Name, Availability , Price, AllergenInformation, Description, MenuID) values ('Peking Duck Pancakes', 'unavailable', '$13.19', 'vegan', 'Korean spicy rice cakes', '184');
insert into MenuItems (Name, Availability , Price, AllergenInformation, Description, MenuID) values ('Pad Kee Mao', 'unavailable', '$24.95', 'nuts', 'Italian saffron-infused risotto', '156');
insert into MenuItems (Name, Availability , Price, AllergenInformation, Description, MenuID) values ('Gyoza', 'available', '$75.58', 'vegetarian', 'Moroccan savory pastry delight', '32');
insert into MenuItems (Name, Availability , Price, AllergenInformation, Description, MenuID) values ('Baba Ganoush', 'available', '$83.85', 'no allergies', 'Assorted Chinese dumplings', '175');
insert into MenuItems (Name, Availability , Price, AllergenInformation, Description, MenuID) values ('Baguette with Brie', 'available', '$81.29', 'gluten free', 'Spanish saffron-infused rice dish', '75');
insert into MenuItems (Name, Availability , Price, AllergenInformation, Description, MenuID) values ('Kebabs', 'available', '$46.33', 'vegetarian', 'Spanish saffron-infused rice', '101');
insert into MenuItems (Name, Availability , Price, AllergenInformation, Description, MenuID) values ('Salmon Teriyaki', 'available', '$74.68', 'gluten free', 'Spicy Indian curry delight', '142');
insert into MenuItems (Name, Availability , Price, AllergenInformation, Description, MenuID) values ('Tostones with Guacamole', 'available', '$94.67', 'diary', 'Indian spiced rice delight', '151');
insert into MenuItems (Name, Availability , Price, AllergenInformation, Description, MenuID) values ('Szechuan Beef', 'unavailable', '$44.84', 'no allergies', 'Ethiopian spiced meat', '144');
insert into MenuItems (Name, Availability , Price, AllergenInformation, Description, MenuID) values ('Escargot', 'unavailable', '$40.50', 'nuts', 'Greek spinach rice delight', '146');
insert into MenuItems (Name, Availability , Price, AllergenInformation, Description, MenuID) values ('Fish Tacos', 'unavailable', '$3.16', 'nuts', 'Assorted Chinese dumplings', '64');
insert into MenuItems (Name, Availability , Price, AllergenInformation, Description, MenuID) values ('Tequeos', 'available', '$40.92', 'vegetarian', 'Japanese raw fish delight', '40');
insert into MenuItems (Name, Availability , Price, AllergenInformation, Description, MenuID) values ('Pumpkin Gnocchi', 'unavailable', '$42.25', 'vegetarian', 'Savory Nordic comfort bites', '125');
insert into MenuItems (Name, Availability , Price, AllergenInformation, Description, MenuID) values ('Cabbage Rolls', 'available', '$35.16', 'gluten free', 'Eastern European stuffed delight', '48');
insert into MenuItems (Name, Availability , Price, AllergenInformation, Description, MenuID) values ('Stuffed Bell Peppers', 'available', '$23.14', 'nuts', 'French silky liver spread', '91');
