-- This file is to bootstrap a database for the CS3200 project. 

-- Create a new database.  You can change the name later.  You'll
-- need this name in the FLASK API file(s),  the AppSm3ith

-- data source creation.
create database IF NOT EXISTS husky_eatz;

-- Via the Docker Compose file, a special user called webapp will 
-- all privilages to the new database we just created.
-- TODO: If you changed the name of the database above, you need 
-- to change it here too.
grant all privileges on husky_eatz.* to 'webapp'@'%';
flush privileges;

-- Move into the database we just created.
-- TODO: If you changed the name of the database above, you need to
-- change it here too. 
use husky_eatz;

-- Put your DDL 
CREATE TABLE HuskyEatzEmployee (
  Role varchar(128) NOT NULL,
  EmployeeID INTEGER PRIMARY KEY AUTO_INCREMENT,
  FirstName varchar(128) NOT NULL,
  LastName varchar(128) NOT NULL
);


CREATE TABLE Vendor (
  VendorID INTEGER PRIMARY KEY AUTO_INCREMENT,
  VendorName varchar(128) NOT NULL,
  VendorType varchar(128) NOT NULL,
  CuisineType varchar(128) NOT NULL ,
  Phone varchar(128) NOT NULL UNIQUE,
  Email varchar(128) NOT NULL UNIQUE,
  EmployeeID INTEGER NOT NULL,
  FOREIGN KEY (EmployeeID) REFERENCES HuskyEatzEmployee(EmployeeID)
        ON UPDATE CASCADE ON DELETE RESTRICT
);

CREATE TABLE VendorLocations (
  VendorID INTEGER NOT NULL ,
  Street varchar(128) NOT NULL ,
  City varchar(128) NOT NULL ,
  `State` varchar(128) NOT NULL ,
  ZipCode varchar(128) NOT NULL ,
  PRIMARY KEY (VendorID, Street),
  FOREIGN KEY (VendorID) REFERENCES Vendor(VendorID)
       ON UPDATE CASCADE ON DELETE RESTRICT
);

CREATE TABLE Menu (
  MenuID INTEGER PRIMARY KEY AUTO_INCREMENT,
  Name varchar(128) NOT NULL ,
  VendorID INTEGER NOT NULL ,
  FOREIGN KEY (VendorID) REFERENCES Vendor(VendorID)
                  ON UPDATE CASCADE ON DELETE RESTRICT
);

CREATE TABLE Customer (
  CustomerID INTEGER PRIMARY KEY AUTO_INCREMENT,
  FirstName varchar(128) NOT NULL,
  LastName varchar(128) NOT NULL,
  Phone varchar(128) NOT NULL,
  Email varchar(128) NOT NULL
);

CREATE TABLE CustomerLocations (
  CustomerID INTEGER NOT NULL,
  Street varchar(128) NOT NULL,
  City varchar(128) NOT NULL,
  `State` varchar(128) NOT NULL,
  ZipCode varchar(128) NOT NULL,
  PRIMARY KEY (CustomerID, Street),
  FOREIGN KEY (CustomerID) REFERENCES Customer(CustomerID)
                               ON UPDATE CASCADE ON DELETE RESTRICT
);

CREATE TABLE DeliveryPeople (
  DeliveryPersonID INTEGER PRIMARY KEY AUTO_INCREMENT,
  FirstName varchar(128) NOT NULL ,
  LastName varchar(128) NOT NULL ,
  Email varchar(128) NOT NULL
);

CREATE TABLE DeliveryTransportation (
  TransportationID INTEGER PRIMARY KEY AUTO_INCREMENT,
  Color varchar(128) NOT NULL ,
  RegistrationNumber INTEGER,
  Type varchar(128) NOT NULL ,
  DeliveryPersonID INTEGER NOT NULL,
  FOREIGN KEY (DeliveryPersonID) REFERENCES DeliveryPeople(DeliveryPersonID)
                                    ON UPDATE CASCADE ON DELETE RESTRICT
);

CREATE TABLE `Order` (
  OrderID INTEGER PRIMARY KEY AUTO_INCREMENT,
  TotalSale DECIMAL(10,2) NOT NULL ,
  VendorID INTEGER NOT NULL ,
  DeliveryDate DATETIME NOT NULL DEFAULT CURRENT_TIMESTAMP,
  CustomerID INTEGER NOT NULL ,
  DeliveryPersonID INTEGER NOT NULL ,
  FOREIGN KEY (DeliveryPersonID) REFERENCES DeliveryPeople(DeliveryPersonID)
                     ON UPDATE CASCADE ON DELETE RESTRICT,
  FOREIGN KEY (VendorID) REFERENCES Vendor(VendorID)
                     ON UPDATE CASCADE ON DELETE RESTRICT,
  FOREIGN KEY (CustomerID) REFERENCES Customer(CustomerID)
                     ON UPDATE CASCADE ON DELETE RESTRICT
);

CREATE TABLE OrderDetails (
  OrderID INTEGER NOT NULL ,
  OrderDetailsID INTEGER PRIMARY KEY AUTO_INCREMENT,
  OrderTotal DECIMAL(10,2) NOT NULL ,
  OrderTime DATETIME NOT NULL DEFAULT CURRENT_TIMESTAMP,
  FOREIGN KEY (OrderID) REFERENCES `Order`(OrderID)
                          ON UPDATE CASCADE ON DELETE RESTRICT
);

CREATE TABLE OrderStatus (
  OrderDetailsID INTEGER NOT NULL,
  EstimatedDeliveryTime DATETIME NOT NULL,
  ActualDeliveryTime DATETIME,
  `Status` varchar(128) NOT NULL ,
  PRIMARY KEY (OrderDetailsID, EstimatedDeliveryTime),
  FOREIGN KEY (OrderDetailsID) REFERENCES OrderDetails(OrderDetailsID)
                         ON UPDATE CASCADE ON DELETE RESTRICT
);

CREATE TABLE MenuItems (
  `Name` varchar(128) PRIMARY KEY,
  Ingredients varchar(500) NOT NULL,
  Availability BOOLEAN NOT NULL,
  Price DECIMAL(10,2) NOT NULL,
  Description varchar(128) NOT NULL,
  AllergenInformation varchar(128) NOT NULL,
  MenuID INTEGER NOT NULL,
  FOREIGN KEY (MenuID) REFERENCES Menu(MenuID)
                       ON UPDATE CASCADE ON DELETE RESTRICT
);

CREATE TABLE MenuItemsInOrder (
  OrderDetailsID INTEGER NOT NULL,
  MenuItemName varchar(128),
  PRIMARY KEY (OrderDetailsID, MenuItemName),
  FOREIGN KEY (OrderDetailsID) REFERENCES OrderDetails(OrderDetailsID)
    ON UPDATE CASCADE ON DELETE RESTRICT,
  FOREIGN KEY (MenuItemName) REFERENCES MenuItems(`Name`)
    ON UPDATE CASCADE ON DELETE RESTRICT
);

-- Add sample data. 

insert into Customer (CustomerID, FirstName, LastName, Email, Phone) values (1, 'Hortensia', 'Davidge', 'hdavidge0@indiatimes.com', '763-847-3469');
insert into Customer (CustomerID, FirstName, LastName, Email, Phone) values (2, 'Raddy', 'Spencock', 'rspencock1@umich.edu', '772-137-6935');
insert into Customer (CustomerID, FirstName, LastName, Email, Phone) values (3, 'Hubie', 'McCadden', 'hmccadden2@zimbio.com', '240-766-2234');
insert into Customer (CustomerID, FirstName, LastName, Email, Phone) values (4, 'Florrie', 'Costen', 'fcosten3@spotify.com', '336-170-1003');
insert into Customer (CustomerID, FirstName, LastName, Email, Phone) values (5, 'Trudey', 'Boij', 'tboij4@discovery.com', '410-813-1100');
insert into Customer (CustomerID, FirstName, LastName, Email, Phone) values (6, 'Iain', 'Demanche', 'idemanche5@va.gov', '541-165-9503');
insert into Customer (CustomerID, FirstName, LastName, Email, Phone) values (7, 'Salome', 'Alfwy', 'salfwy6@wikimedia.org', '322-505-1219');
insert into Customer (CustomerID, FirstName, LastName, Email, Phone) values (8, 'Alisa', 'Matignon', 'amatignon7@smugmug.com', '581-689-9708');
insert into Customer (CustomerID, FirstName, LastName, Email, Phone) values (9, 'Coleman', 'Karpychev', 'ckarpychev8@mediafire.com', '585-205-5031');
insert into Customer (CustomerID, FirstName, LastName, Email, Phone) values (10, 'Nanette', 'Murrigan', 'nmurrigan9@studiopress.com', '271-317-0751');
insert into Customer (CustomerID, FirstName, LastName, Email, Phone) values (11, 'Rourke', 'Hayselden', 'rhayseldena@clickbank.net', '416-878-2992');
insert into Customer (CustomerID, FirstName, LastName, Email, Phone) values (12, 'Codi', 'Struijs', 'cstruijsb@msn.com', '871-491-5534');
insert into Customer (CustomerID, FirstName, LastName, Email, Phone) values (13, 'Dwain', 'Mc Caughan', 'dmccaughanc@chronoengine.com', '375-405-1838');
insert into Customer (CustomerID, FirstName, LastName, Email, Phone) values (14, 'Merwyn', 'Goose', 'mgoosed@imgur.com', '112-233-6561');
insert into Customer (CustomerID, FirstName, LastName, Email, Phone) values (15, 'Winfield', 'Tolomei', 'wtolomeie@ameblo.jp', '172-319-5706');
insert into Customer (CustomerID, FirstName, LastName, Email, Phone) values (16, 'Ellie', 'Pennell', 'epennellf@aboutads.info', '883-337-3323');
insert into Customer (CustomerID, FirstName, LastName, Email, Phone) values (17, 'Olav', 'Tuff', 'otuffg@constantcontact.com', '208-892-1012');
insert into Customer (CustomerID, FirstName, LastName, Email, Phone) values (18, 'Allie', 'Gemeau', 'agemeauh@state.gov', '467-545-5585');
insert into Customer (CustomerID, FirstName, LastName, Email, Phone) values (19, 'Rafaello', 'Djorevic', 'rdjorevici@kickstarter.com', '190-927-5212');
insert into Customer (CustomerID, FirstName, LastName, Email, Phone) values (20, 'Malanie', 'Ranaghan', 'mranaghanj@fema.gov', '512-120-5708');
insert into Customer (CustomerID, FirstName, LastName, Email, Phone) values (21, 'Kevan', 'Munks', 'kmunksk@harvard.edu', '804-886-4491');
insert into Customer (CustomerID, FirstName, LastName, Email, Phone) values (22, 'Peter', 'Hyde', 'phydel@constantcontact.com', '775-930-3761');
insert into Customer (CustomerID, FirstName, LastName, Email, Phone) values (23, 'Vassily', 'Bessom', 'vbessomm@virginia.edu', '673-534-1486');
insert into Customer (CustomerID, FirstName, LastName, Email, Phone) values (24, 'Isador', 'Leger', 'ilegern@hostgator.com', '455-349-8076');
insert into Customer (CustomerID, FirstName, LastName, Email, Phone) values (25, 'Robb', 'Dungey', 'rdungeyo@ovh.net', '510-815-6817');
insert into Customer (CustomerID, FirstName, LastName, Email, Phone) values (26, 'Brittan', 'Reap', 'breapp@bizjournals.com', '432-817-0807');
insert into Customer (CustomerID, FirstName, LastName, Email, Phone) values (27, 'Hallsy', 'Wellesley', 'hwellesleyq@issuu.com', '601-483-6195');
insert into Customer (CustomerID, FirstName, LastName, Email, Phone) values (28, 'Darn', 'Ashplant', 'dashplantr@geocities.jp', '761-553-2048');
insert into Customer (CustomerID, FirstName, LastName, Email, Phone) values (29, 'Freda', 'Colleran', 'fcollerans@google.com.au', '266-749-9334');
insert into Customer (CustomerID, FirstName, LastName, Email, Phone) values (30, 'Arleen', 'Bowhey', 'abowheyt@nba.com', '508-992-8467');
insert into Customer (CustomerID, FirstName, LastName, Email, Phone) values (31, 'Maure', 'Pearson', 'mpearsonu@hud.gov', '931-593-4765');
insert into Customer (CustomerID, FirstName, LastName, Email, Phone) values (32, 'Colas', 'Woolaghan', 'cwoolaghanv@canalblog.com', '891-645-7622');
insert into Customer (CustomerID, FirstName, LastName, Email, Phone) values (33, 'Putnam', 'McAlpine', 'pmcalpinew@flavors.me', '270-665-2191');
insert into Customer (CustomerID, FirstName, LastName, Email, Phone) values (34, 'Adham', 'Joyes', 'ajoyesx@mtv.com', '920-750-7158');
insert into Customer (CustomerID, FirstName, LastName, Email, Phone) values (35, 'Kizzie', 'Coale', 'kcoaley@salon.com', '143-984-5478');
insert into Customer (CustomerID, FirstName, LastName, Email, Phone) values (36, 'Cullie', 'Sandle', 'csandlez@thetimes.co.uk', '983-403-3125');
insert into Customer (CustomerID, FirstName, LastName, Email, Phone) values (37, 'Grayce', 'Kauble', 'gkauble10@meetup.com', '734-471-0770');
insert into Customer (CustomerID, FirstName, LastName, Email, Phone) values (38, 'Horace', 'Rusted', 'hrusted11@bigcartel.com', '981-619-2848');
insert into Customer (CustomerID, FirstName, LastName, Email, Phone) values (39, 'Elvera', 'Foyston', 'efoyston12@shop-pro.jp', '943-594-2877');
insert into Customer (CustomerID, FirstName, LastName, Email, Phone) values (40, 'Danette', 'Follows', 'dfollows13@thetimes.co.uk', '261-134-4110');
insert into Customer (CustomerID, FirstName, LastName, Email, Phone) values (41, 'Ansley', 'Bernhardi', 'abernhardi14@ed.gov', '766-669-0552');
insert into Customer (CustomerID, FirstName, LastName, Email, Phone) values (42, 'Linnie', 'Tuke', 'ltuke15@columbia.edu', '481-895-7664');
insert into Customer (CustomerID, FirstName, LastName, Email, Phone) values (43, 'Raynor', 'Inglese', 'ringlese16@ucoz.com', '109-737-3010');
insert into Customer (CustomerID, FirstName, LastName, Email, Phone) values (44, 'Dayna', 'Legen', 'dlegen17@addtoany.com', '938-597-1183');
insert into Customer (CustomerID, FirstName, LastName, Email, Phone) values (45, 'Dee', 'Frankiewicz', 'dfrankiewicz18@intel.com', '659-345-9648');
insert into Customer (CustomerID, FirstName, LastName, Email, Phone) values (46, 'Frans', 'Elder', 'felder19@timesonline.co.uk', '276-676-9808');
insert into Customer (CustomerID, FirstName, LastName, Email, Phone) values (47, 'Nanice', 'Ratchford', 'nratchford1a@feedburner.com', '395-417-6887');
insert into Customer (CustomerID, FirstName, LastName, Email, Phone) values (48, 'Vonny', 'Yerill', 'vyerill1b@sfgate.com', '368-110-3352');
insert into Customer (CustomerID, FirstName, LastName, Email, Phone) values (49, 'Kelly', 'Garbutt', 'kgarbutt1c@trellian.com', '195-944-4642');
insert into Customer (CustomerID, FirstName, LastName, Email, Phone) values (50, 'Ervin', 'Farrall', 'efarrall1d@mozilla.com', '406-865-4170');
insert into Customer (CustomerID, FirstName, LastName, Email, Phone) values (51, 'Meyer', 'Housam', 'mhousam1e@infoseek.co.jp', '743-973-0432');
insert into Customer (CustomerID, FirstName, LastName, Email, Phone) values (52, 'Correy', 'Stephenson', 'cstephenson1f@ibm.com', '329-231-9638');
insert into Customer (CustomerID, FirstName, LastName, Email, Phone) values (53, 'Loy', 'Hickford', 'lhickford1g@feedburner.com', '399-504-5390');
insert into Customer (CustomerID, FirstName, LastName, Email, Phone) values (54, 'Mareah', 'Ensor', 'mensor1h@typepad.com', '597-413-2723');
insert into Customer (CustomerID, FirstName, LastName, Email, Phone) values (55, 'Modesta', 'Cabble', 'mcabble1i@ibm.com', '805-127-4843');
insert into Customer (CustomerID, FirstName, LastName, Email, Phone) values (56, 'Jasmina', 'Allaway', 'jallaway1j@addtoany.com', '998-738-1572');
insert into Customer (CustomerID, FirstName, LastName, Email, Phone) values (57, 'Annabell', 'MacMenamy', 'amacmenamy1k@cam.ac.uk', '534-257-0932');
insert into Customer (CustomerID, FirstName, LastName, Email, Phone) values (58, 'Carlos', 'Lanbertoni', 'clanbertoni1l@gmpg.org', '946-597-3776');
insert into Customer (CustomerID, FirstName, LastName, Email, Phone) values (59, 'Stewart', 'Atlay', 'satlay1m@hc360.com', '160-604-5099');
insert into Customer (CustomerID, FirstName, LastName, Email, Phone) values (60, 'Shelbi', 'Mitchelhill', 'smitchelhill1n@bing.com', '119-313-0975');
insert into Customer (CustomerID, FirstName, LastName, Email, Phone) values (61, 'Sky', 'Cartwright', 'scartwright1o@miitbeian.gov.cn', '789-973-4988');
insert into Customer (CustomerID, FirstName, LastName, Email, Phone) values (62, 'Cart', 'Bedder', 'cbedder1p@sitemeter.com', '336-270-6422');
insert into Customer (CustomerID, FirstName, LastName, Email, Phone) values (63, 'Stewart', 'Ousley', 'sousley1q@google.com', '195-959-5221');
insert into Customer (CustomerID, FirstName, LastName, Email, Phone) values (64, 'Hardy', 'Tace', 'htace1r@irs.gov', '185-807-2291');
insert into Customer (CustomerID, FirstName, LastName, Email, Phone) values (65, 'Gardie', 'Ewles', 'gewles1s@gov.uk', '376-208-8343');
insert into Customer (CustomerID, FirstName, LastName, Email, Phone) values (66, 'Merla', 'Treacy', 'mtreacy1t@earthlink.net', '604-987-1507');
insert into Customer (CustomerID, FirstName, LastName, Email, Phone) values (67, 'Hedwiga', 'Casterton', 'hcasterton1u@blogspot.com', '525-726-7477');
insert into Customer (CustomerID, FirstName, LastName, Email, Phone) values (68, 'Carin', 'Medcraft', 'cmedcraft1v@phoca.cz', '327-611-7235');
insert into Customer (CustomerID, FirstName, LastName, Email, Phone) values (69, 'Jacki', 'Mewburn', 'jmewburn1w@fda.gov', '869-152-1247');
insert into Customer (CustomerID, FirstName, LastName, Email, Phone) values (70, 'Merle', 'O''Donegan', 'modonegan1x@cisco.com', '704-461-9320');
insert into Customer (CustomerID, FirstName, LastName, Email, Phone) values (71, 'Sigismundo', 'Alcorn', 'salcorn1y@mysql.com', '530-365-2452');
insert into Customer (CustomerID, FirstName, LastName, Email, Phone) values (72, 'Emmery', 'Dellow', 'edellow1z@typepad.com', '791-135-7256');
insert into Customer (CustomerID, FirstName, LastName, Email, Phone) values (73, 'Kaine', 'Devaney', 'kdevaney20@amazon.com', '191-891-6336');
insert into Customer (CustomerID, FirstName, LastName, Email, Phone) values (74, 'Clari', 'Bianco', 'cbianco21@creativecommons.org', '598-442-6456');
insert into Customer (CustomerID, FirstName, LastName, Email, Phone) values (75, 'Karola', 'de Pinna', 'kdepinna22@admin.ch', '979-659-8634');
insert into Customer (CustomerID, FirstName, LastName, Email, Phone) values (76, 'Hoyt', 'Kenn', 'hkenn23@cdc.gov', '264-622-1690');
insert into Customer (CustomerID, FirstName, LastName, Email, Phone) values (77, 'Franciskus', 'Toquet', 'ftoquet24@nsw.gov.au', '991-816-2720');
insert into Customer (CustomerID, FirstName, LastName, Email, Phone) values (78, 'Allix', 'Barriball', 'abarriball25@businesswire.com', '644-345-7447');
insert into Customer (CustomerID, FirstName, LastName, Email, Phone) values (79, 'Ransom', 'McNeilley', 'rmcneilley26@about.com', '122-880-9799');
insert into Customer (CustomerID, FirstName, LastName, Email, Phone) values (80, 'Vannie', 'Everist', 'veverist27@un.org', '518-480-0717');
insert into Customer (CustomerID, FirstName, LastName, Email, Phone) values (81, 'Byron', 'Denisovo', 'bdenisovo28@list-manage.com', '377-196-4170');
insert into Customer (CustomerID, FirstName, LastName, Email, Phone) values (82, 'Jeffrey', 'Grinyov', 'jgrinyov29@hao123.com', '623-186-9974');
insert into Customer (CustomerID, FirstName, LastName, Email, Phone) values (83, 'Dana', 'Rickeard', 'drickeard2a@soup.io', '517-841-5730');
insert into Customer (CustomerID, FirstName, LastName, Email, Phone) values (84, 'Foster', 'Swinn', 'fswinn2b@gmpg.org', '573-659-0388');
insert into Customer (CustomerID, FirstName, LastName, Email, Phone) values (85, 'Alecia', 'Yankeev', 'ayankeev2c@google.es', '334-418-7867');
insert into Customer (CustomerID, FirstName, LastName, Email, Phone) values (86, 'Derek', 'Etuck', 'detuck2d@ftc.gov', '211-438-3291');
insert into Customer (CustomerID, FirstName, LastName, Email, Phone) values (87, 'Tresa', 'Checchi', 'tchecchi2e@jigsy.com', '752-974-7420');
insert into Customer (CustomerID, FirstName, LastName, Email, Phone) values (88, 'Fawnia', 'Emanuel', 'femanuel2f@purevolume.com', '922-971-7700');
insert into Customer (CustomerID, FirstName, LastName, Email, Phone) values (89, 'Giacobo', 'Fobidge', 'gfobidge2g@arizona.edu', '524-522-0503');
insert into Customer (CustomerID, FirstName, LastName, Email, Phone) values (90, 'Drusy', 'Farrey', 'dfarrey2h@topsy.com', '770-719-3021');
insert into Customer (CustomerID, FirstName, LastName, Email, Phone) values (91, 'Maudie', 'Ong', 'mong2i@artisteer.com', '645-937-5115');
insert into Customer (CustomerID, FirstName, LastName, Email, Phone) values (92, 'Seline', 'Hartnell', 'shartnell2j@51.la', '922-384-9257');
insert into Customer (CustomerID, FirstName, LastName, Email, Phone) values (93, 'Renaldo', 'Musslewhite', 'rmusslewhite2k@webnode.com', '839-632-2589');
insert into Customer (CustomerID, FirstName, LastName, Email, Phone) values (94, 'Addi', 'Libbey', 'alibbey2l@biglobe.ne.jp', '535-891-4851');
insert into Customer (CustomerID, FirstName, LastName, Email, Phone) values (95, 'Christian', 'Conlon', 'cconlon2m@google.co.jp', '631-145-5842');
insert into Customer (CustomerID, FirstName, LastName, Email, Phone) values (96, 'Branden', 'Tortoise', 'btortoise2n@google.ca', '153-736-1696');
insert into Customer (CustomerID, FirstName, LastName, Email, Phone) values (97, 'Jenelle', 'Britland', 'jbritland2o@youku.com', '333-222-8393');
insert into Customer (CustomerID, FirstName, LastName, Email, Phone) values (98, 'Kennie', 'Trussman', 'ktrussman2p@amazon.co.jp', '229-609-7882');
insert into Customer (CustomerID, FirstName, LastName, Email, Phone) values (99, 'Isador', 'Stuart', 'istuart2q@xing.com', '145-858-9054');
insert into Customer (CustomerID, FirstName, LastName, Email, Phone) values (100, 'Dudley', 'MacArthur', 'dmacarthur2r@bloglovin.com', '281-234-3451');

insert into CustomerLocations (CustomerID, City, State, ZipCode, Street) values (78, 'Kansas City', 'Missouri', 64101, '46 Schurz Avenue');
insert into CustomerLocations (CustomerID, City, State, ZipCode, Street) values (68, 'Washington', 'District of Columbia', 20414, '93 Dawn Plaza');
insert into CustomerLocations (CustomerID, City, State, ZipCode, Street) values (44, 'Duluth', 'Georgia', 30096, '03 Mifflin Way');
insert into CustomerLocations (CustomerID, City, State, ZipCode, Street) values (30, 'Austin', 'Texas', 78744, '17815 Daystar Pass');
insert into CustomerLocations (CustomerID, City, State, ZipCode, Street) values (88, 'Indianapolis', 'Indiana', 46231, '762 Melby Street');
insert into CustomerLocations (CustomerID, City, State, ZipCode, Street) values (85, 'Pasadena', 'California', 91109, '4022 Weeping Birch Terrace');
insert into CustomerLocations (CustomerID, City, State, ZipCode, Street) values (86, 'Arlington', 'Virginia', 22205, '53 Macpherson Circle');
insert into CustomerLocations (CustomerID, City, State, ZipCode, Street) values (4, 'Fort Wayne', 'Indiana', 46852, '4396 Oakridge Junction');
insert into CustomerLocations (CustomerID, City, State, ZipCode, Street) values (79, 'Philadelphia', 'Pennsylvania', 19178, '03 Randy Street');
insert into CustomerLocations (CustomerID, City, State, ZipCode, Street) values (83, 'Sacramento', 'California', 94280, '79 Melody Trail');
insert into CustomerLocations (CustomerID, City, State, ZipCode, Street) values (91, 'Philadelphia', 'Pennsylvania', 19184, '8 Fulton Point');
insert into CustomerLocations (CustomerID, City, State, ZipCode, Street) values (41, 'Knoxville', 'Tennessee', 37939, '64031 Schmedeman Hill');
insert into CustomerLocations (CustomerID, City, State, ZipCode, Street) values (93, 'Shawnee Mission', 'Kansas', 66210, '7384 Stone Corner Road');
insert into CustomerLocations (CustomerID, City, State, ZipCode, Street) values (68, 'Tallahassee', 'Florida', 32399, '55743 Stoughton Point');
insert into CustomerLocations (CustomerID, City, State, ZipCode, Street) values (47, 'Waco', 'Texas', 76796, '950 Vahlen Trail');
insert into CustomerLocations (CustomerID, City, State, ZipCode, Street) values (56, 'Fort Wayne', 'Indiana', 46852, '4478 Westridge Terrace');
insert into CustomerLocations (CustomerID, City, State, ZipCode, Street) values (62, 'Hollywood', 'Florida', 33028, '94 Burrows Plaza');
insert into CustomerLocations (CustomerID, City, State, ZipCode, Street) values (29, 'Portsmouth', 'Virginia', 23705, '091 Messerschmidt Avenue');
insert into CustomerLocations (CustomerID, City, State, ZipCode, Street) values (24, 'Arlington', 'Virginia', 22217, '8174 Memorial Point');
insert into CustomerLocations (CustomerID, City, State, ZipCode, Street) values (95, 'Portsmouth', 'New Hampshire', '00214', '25941 Bartillon Road');
insert into CustomerLocations (CustomerID, City, State, ZipCode, Street) values (2, 'Miami', 'Florida', '33185', '949 Sauthoff Point');
insert into CustomerLocations (CustomerID, City, State, ZipCode, Street) values (3, 'Sacramento', 'California', '94245', '7882 Manley Crossing');
insert into CustomerLocations (CustomerID, City, State, ZipCode, Street) values (44, 'Indianapolis', 'Indiana', '46207', '9 Garrison Alley');
insert into CustomerLocations (CustomerID, City, State, ZipCode, Street) values (37, 'Miami', 'Florida', '33129', '7 Spaight Lane');
insert into CustomerLocations (CustomerID, City, State, ZipCode, Street) values (61, 'Atlanta', 'Georgia', '30328', '2572 6th Road');
insert into CustomerLocations (CustomerID, City, State, ZipCode, Street) values (19, 'Albany', 'New York', '12242', '0328 1st Lane');
insert into CustomerLocations (CustomerID, City, State, ZipCode, Street) values (91, 'Boca Raton', 'Florida', '33499', '564 Banding Park');
insert into CustomerLocations (CustomerID, City, State, ZipCode, Street) values (74, 'New York City', 'New York', '10203', '9 Old Shore Terrace');
insert into CustomerLocations (CustomerID, City, State, ZipCode, Street) values (76, 'Salt Lake City', 'Utah', '84152', '4 Chinook Plaza');
insert into CustomerLocations (CustomerID, City, State, ZipCode, Street) values (2, 'El Paso', 'Texas', '88579', '981 Doe Crossing Avenue');
insert into CustomerLocations (CustomerID, City, State, ZipCode, Street) values (30, 'El Paso', 'Texas', '79984', '00 Jana Terrace');
insert into CustomerLocations (CustomerID, City, State, ZipCode, Street) values (23, 'Knoxville', 'Tennessee', '37924', '1473 Morrow Lane');
insert into CustomerLocations (CustomerID, City, State, ZipCode, Street) values (99, 'Pensacola', 'Florida', '32595', '1331 Laurel Park');
insert into CustomerLocations (CustomerID, City, State, ZipCode, Street) values (73, 'Saint Paul', 'Minnesota', '55115', '9616 Becker Circle');
insert into CustomerLocations (CustomerID, City, State, ZipCode, Street) values (79, 'Newton', 'Massachusetts', '02458', '5537 Gerald Place');
insert into CustomerLocations (CustomerID, City, State, ZipCode, Street) values (64, 'Brooklyn', 'New York', '11225', '22 Blaine Road');
insert into CustomerLocations (CustomerID, City, State, ZipCode, Street) values (20, 'San Francisco', 'California', '94164', '4109 Iowa Center');
insert into CustomerLocations (CustomerID, City, State, ZipCode, Street) values (41, 'Houston', 'Texas', '77212', '14738 Novick Avenue');
insert into CustomerLocations (CustomerID, City, State, ZipCode, Street) values (33, 'Inglewood', 'California', '90310', '5304 Warner Lane');
insert into CustomerLocations (CustomerID, City, State, ZipCode, Street) values (47, 'Tallahassee', 'Florida', '32309', '7614 Spaight Court');
insert into CustomerLocations (CustomerID, City, State, ZipCode, Street) values (26, 'Saint Paul', 'Minnesota', '55166', '4 Forster Street');
insert into CustomerLocations (CustomerID, City, State, ZipCode, Street) values (82, 'Dallas', 'Texas', '75226', '4284 Ramsey Center');
insert into CustomerLocations (CustomerID, City, State, ZipCode, Street) values (64, 'Duluth', 'Georgia', '30096', '3 Park Meadow Circle');
insert into CustomerLocations (CustomerID, City, State, ZipCode, Street) values (91, 'San Jose', 'California', '95118', '39 Brown Plaza');
insert into CustomerLocations (CustomerID, City, State, ZipCode, Street) values (23, 'Baltimore', 'Maryland', '21290', '5 Alpine Pass');
insert into CustomerLocations (CustomerID, City, State, ZipCode, Street) values (77, 'Atlanta', 'Georgia', '31119', '703 Oneill Way');
insert into CustomerLocations (CustomerID, City, State, ZipCode, Street) values (95, 'Pinellas Park', 'Florida', '34665', '846 Vahlen Hill');
insert into CustomerLocations (CustomerID, City, State, ZipCode, Street) values (40, 'Boston', 'Massachusetts', '02298', '078 Memorial Point');
insert into CustomerLocations (CustomerID, City, State, ZipCode, Street) values (58, 'Fort Worth', 'Texas', '76192', '20657 Susan Place');
insert into CustomerLocations (CustomerID, City, State, ZipCode, Street) values (20, 'Houston', 'Texas', '77070', '49082 Coolidge Court');
insert into CustomerLocations (CustomerID, City, State, ZipCode, Street) values (91, 'Philadelphia', 'Pennsylvania', '19125', '6869 Maryland Court');
insert into CustomerLocations (CustomerID, City, State, ZipCode, Street) values (85, 'Sioux Falls', 'South Dakota', '57110', '469 Manley Lane');
insert into CustomerLocations (CustomerID, City, State, ZipCode, Street) values (13, 'Greenville', 'South Carolina', '29615', '24 Warrior Crossing');
insert into CustomerLocations (CustomerID, City, State, ZipCode, Street) values (15, 'Moreno Valley', 'California', '92555', '6 Alpine Plaza');
insert into CustomerLocations (CustomerID, City, State, ZipCode, Street) values (19, 'Youngstown', 'Ohio', '44511', '001 Sullivan Road');
insert into CustomerLocations (CustomerID, City, State, ZipCode, Street) values (52, 'Cleveland', 'Ohio', '44125', '21 Loomis Circle');
insert into CustomerLocations (CustomerID, City, State, ZipCode, Street) values (86, 'Migrate', 'Kentucky', '41905', '6604 Stang Point');
insert into CustomerLocations (CustomerID, City, State, ZipCode, Street) values (94, 'Houston', 'Texas', '77030', '81 Lakewood Gardens Crossing');
insert into CustomerLocations (CustomerID, City, State, ZipCode, Street) values (55, 'San Jose', 'California', '95138', '4 Oakridge Terrace');
insert into CustomerLocations (CustomerID, City, State, ZipCode, Street) values (59, 'Garden Grove', 'California', '92844', '21697 Warrior Avenue');
insert into CustomerLocations (CustomerID, City, State, ZipCode, Street) values (43, 'Lafayette', 'Indiana', '47905', '8825 Towne Way');
insert into CustomerLocations (CustomerID, City, State, ZipCode, Street) values (61, 'New York City', 'New York', '10105', '2 La Follette Terrace');
insert into CustomerLocations (CustomerID, City, State, ZipCode, Street) values (73, 'Columbus', 'Ohio', '43284', '9 Commercial Trail');
insert into CustomerLocations (CustomerID, City, State, ZipCode, Street) values (15, 'Lincoln', 'Nebraska', '68510', '2 Mallard Center');
insert into CustomerLocations (CustomerID, City, State, ZipCode, Street) values (96, 'Roanoke', 'Virginia', '24029', '8 Vera Center');
insert into CustomerLocations (CustomerID, City, State, ZipCode, Street) values (87, 'Boston', 'Massachusetts', '02124', '691 Hoard Avenue');
insert into CustomerLocations (CustomerID, City, State, ZipCode, Street) values (78, 'Dallas', 'Texas', '75387', '39574 Delladonna Lane');
insert into CustomerLocations (CustomerID, City, State, ZipCode, Street) values (81, 'Shreveport', 'Louisiana', '71105', '61 Londonderry Park');
insert into CustomerLocations (CustomerID, City, State, ZipCode, Street) values (94, 'Hialeah', 'Florida', '33018', '5406 Harper Hill');
insert into CustomerLocations (CustomerID, City, State, ZipCode, Street) values (41, 'Young America', 'Minnesota', '55557', '2199 Oak Terrace');
insert into CustomerLocations (CustomerID, City, State, ZipCode, Street) values (45, 'Spokane', 'Washington', '99215', '422 Dennis Court');
insert into CustomerLocations (CustomerID, City, State, ZipCode, Street) values (35, 'Pensacola', 'Florida', '32526', '7 Nevada Hill');
insert into CustomerLocations (CustomerID, City, State, ZipCode, Street) values (96, 'Sacramento', 'California', '94286', '227 Hollow Ridge Lane');
insert into CustomerLocations (CustomerID, City, State, ZipCode, Street) values (19, 'Silver Spring', 'Maryland', '20904', '97605 Elmside Parkway');
insert into CustomerLocations (CustomerID, City, State, ZipCode, Street) values (36, 'New York City', 'New York', '10060', '213 Buena Vista Alley');
insert into CustomerLocations (CustomerID, City, State, ZipCode, Street) values (25, 'Apache Junction', 'Arizona', '85219', '2 Grayhawk Circle');
insert into CustomerLocations (CustomerID, City, State, ZipCode, Street) values (67, 'Los Angeles', 'California', '90030', '0714 Meadow Vale Terrace');
insert into CustomerLocations (CustomerID, City, State, ZipCode, Street) values (87, 'New York City', 'New York', '10270', '09784 Rusk Road');
insert into CustomerLocations (CustomerID, City, State, ZipCode, Street) values (68, 'Washington', 'District of Columbia', '20456', '888 Cody Junction');
insert into CustomerLocations (CustomerID, City, State, ZipCode, Street) values (10, 'Biloxi', 'Mississippi', '39534', '9606 Fallview Park');
insert into CustomerLocations (CustomerID, City, State, ZipCode, Street) values (46, 'South Bend', 'Indiana', '46699', '9285 2nd Center');
insert into CustomerLocations (CustomerID, City, State, ZipCode, Street) values (13, 'Evansville', 'Indiana', '47725', '6414 Kings Road');
insert into CustomerLocations (CustomerID, City, State, ZipCode, Street) values (37, 'Albany', 'New York', '12222', '1202 Westend Center');
insert into CustomerLocations (CustomerID, City, State, ZipCode, Street) values (69, 'Memphis', 'Tennessee', '38119', '43 Hudson Parkway');
insert into CustomerLocations (CustomerID, City, State, ZipCode, Street) values (89, 'Stockton', 'California', '95205', '31510 Clarendon Parkway');
insert into CustomerLocations (CustomerID, City, State, ZipCode, Street) values (36, 'Ridgely', 'Maryland', '21684', '6 Rowland Court');
insert into CustomerLocations (CustomerID, City, State, ZipCode, Street) values (85, 'Delray Beach', 'Florida', '33448', '912 Messerschmidt Trail');
insert into CustomerLocations (CustomerID, City, State, ZipCode, Street) values (28, 'Mountain View', 'California', '94042', '02 Veith Pass');
insert into CustomerLocations (CustomerID, City, State, ZipCode, Street) values (38, 'Indianapolis', 'Indiana', '46266', '00151 Hovde Junction');
insert into CustomerLocations (CustomerID, City, State, ZipCode, Street) values (58, 'Sioux Falls', 'South Dakota', '57110', '21963 Cascade Avenue');
insert into CustomerLocations (CustomerID, City, State, ZipCode, Street) values (72, 'Hampton', 'Virginia', '23668', '91 Bartillon Pass');
insert into CustomerLocations (CustomerID, City, State, ZipCode, Street) values (89, 'Knoxville', 'Tennessee', '37931', '6436 Dwight Pass');
insert into CustomerLocations (CustomerID, City, State, ZipCode, Street) values (18, 'Denver', 'Colorado', '80279', '5239 Mariners Cove Junction');
insert into CustomerLocations (CustomerID, City, State, ZipCode, Street) values (33, 'Kent', 'Washington', '98042', '8485 Straubel Park');
insert into CustomerLocations (CustomerID, City, State, ZipCode, Street) values (44, 'New Orleans', 'Louisiana', '70124', '70543 Commercial Pass');
insert into CustomerLocations (CustomerID, City, State, ZipCode, Street) values (81, 'Glendale', 'California', '91205', '95260 Vidon Parkway');
insert into CustomerLocations (CustomerID, City, State, ZipCode, Street) values (83, 'Boston', 'Massachusetts', '02216', '8 Reindahl Terrace');
insert into CustomerLocations (CustomerID, City, State, ZipCode, Street) values (21, 'Grand Junction', 'Colorado', '81505', '7150 Commercial Park');
insert into CustomerLocations (CustomerID, City, State, ZipCode, Street) values (98, 'Lubbock', 'Texas', '79452', '637 Jay Center');
insert into CustomerLocations (CustomerID, City, State, ZipCode, Street) values (38, 'Maple Plain', 'Minnesota', '55572', '4 Tomscot Trail');
insert into CustomerLocations (CustomerID, City, State, ZipCode, Street) values (39, 'Sacramento', 'California', '94237', '5014 Coleman Alley');
insert into CustomerLocations (CustomerID, City, State, ZipCode, Street) values (10, 'Springfield', 'Massachusetts', '01114', '83 Straubel Terrace');
insert into CustomerLocations (CustomerID, City, State, ZipCode, Street) values (50, 'Morgantown', 'West Virginia', '26505', '4851 Sage Lane');
insert into CustomerLocations (CustomerID, City, State, ZipCode, Street) values (14, 'Los Angeles', 'California', '90189', '7 Prairie Rose Junction');
insert into CustomerLocations (CustomerID, City, State, ZipCode, Street) values (11, 'San Diego', 'California', '92191', '60 Straubel Hill');
insert into CustomerLocations (CustomerID, City, State, ZipCode, Street) values (96, 'Glendale', 'California', '91205', '39420 Lotheville Terrace');
insert into CustomerLocations (CustomerID, City, State, ZipCode, Street) values (1, 'Roanoke', 'Virginia', '24048', '4 Old Gate Lane');
insert into CustomerLocations (CustomerID, City, State, ZipCode, Street) values (82, 'Dayton', 'Ohio', '45440', '58 Basil Circle');
insert into CustomerLocations (CustomerID, City, State, ZipCode, Street) values (52, 'Philadelphia', 'Pennsylvania', '19120', '61 Dayton Junction');
insert into CustomerLocations (CustomerID, City, State, ZipCode, Street) values (75, 'Shreveport', 'Louisiana', '71151', '79169 Glacier Hill Plaza');
insert into CustomerLocations (CustomerID, City, State, ZipCode, Street) values (87, 'Tulsa', 'Oklahoma', '74108', '160 Manley Lane');
insert into CustomerLocations (CustomerID, City, State, ZipCode, Street) values (55, 'New York City', 'New York', '10120', '5974 Morning Terrace');
insert into CustomerLocations (CustomerID, City, State, ZipCode, Street) values (72, 'Gary', 'Indiana', '46406', '642 Southridge Point');
insert into CustomerLocations (CustomerID, City, State, ZipCode, Street) values (36, 'Dallas', 'Texas', '75265', '6424 Cordelia Circle');
insert into CustomerLocations (CustomerID, City, State, ZipCode, Street) values (15, 'Durham', 'North Carolina', '27710', '9 Canary Place');
insert into CustomerLocations (CustomerID, City, State, ZipCode, Street) values (51, 'Carson City', 'Nevada', '89714', '407 Superior Alley');
insert into CustomerLocations (CustomerID, City, State, ZipCode, Street) values (55, 'Pomona', 'California', '91797', '166 Spaight Plaza');
insert into CustomerLocations (CustomerID, City, State, ZipCode, Street) values (27, 'San Jose', 'California', '95138', '37 Dottie Trail');
insert into CustomerLocations (CustomerID, City, State, ZipCode, Street) values (93, 'Pasadena', 'California', '91186', '19 Northwestern Road');
insert into CustomerLocations (CustomerID, City, State, ZipCode, Street) values (84, 'Fort Collins', 'Colorado', '80525', '92 Redwing Terrace');
insert into CustomerLocations (CustomerID, City, State, ZipCode, Street) values (11, 'Chattanooga', 'Tennessee', '37405', '4674 Sunfield Road');
insert into CustomerLocations (CustomerID, City, State, ZipCode, Street) values (76, 'Nashville', 'Tennessee', '37210', '5679 Dunning Hill');
insert into CustomerLocations (CustomerID, City, State, ZipCode, Street) values (66, 'Greensboro', 'North Carolina', '27415', '518 Vidon Parkway');
insert into CustomerLocations (CustomerID, City, State, ZipCode, Street) values (57, 'Honolulu', 'Hawaii', '96820', '38880 Killdeer Drive');
insert into CustomerLocations (CustomerID, City, State, ZipCode, Street) values (4, 'Rochester', 'New York', '14646', '78943 Carberry Crossing');
insert into CustomerLocations (CustomerID, City, State, ZipCode, Street) values (94, 'Appleton', 'Wisconsin', '54915', '14 Mcguire Pass');
insert into CustomerLocations (CustomerID, City, State, ZipCode, Street) values (9, 'Kalamazoo', 'Michigan', '49048', '87083 Mccormick Place');
insert into CustomerLocations (CustomerID, City, State, ZipCode, Street) values (83, 'Syracuse', 'New York', '13251', '25211 Hanover Center');
insert into CustomerLocations (CustomerID, City, State, ZipCode, Street) values (58, 'Gatesville', 'Texas', '76598', '1483 Huxley Pass');
insert into CustomerLocations (CustomerID, City, State, ZipCode, Street) values (67, 'El Paso', 'Texas', '88589', '5106 Village Circle');
insert into CustomerLocations (CustomerID, City, State, ZipCode, Street) values (1, 'Milwaukee', 'Wisconsin', '53263', '08956 Golf Lane');
insert into CustomerLocations (CustomerID, City, State, ZipCode, Street) values (56, 'Jacksonville', 'Florida', '32255', '0 Helena Circle');
insert into CustomerLocations (CustomerID, City, State, ZipCode, Street) values (27, 'Las Vegas', 'Nevada', '89135', '3 Merry Pass');
insert into CustomerLocations (CustomerID, City, State, ZipCode, Street) values (53, 'Washington', 'District of Columbia', '20397', '42 Huxley Parkway');
insert into CustomerLocations (CustomerID, City, State, ZipCode, Street) values (12, 'Tampa', 'Florida', '33661', '0319 Scoville Point');
insert into CustomerLocations (CustomerID, City, State, ZipCode, Street) values (55, 'Wilkes Barre', 'Pennsylvania', '18763', '5 Badeau Trail');
insert into CustomerLocations (CustomerID, City, State, ZipCode, Street) values (38, 'Miami', 'Florida', '33185', '734 Hooker Lane');
insert into CustomerLocations (CustomerID, City, State, ZipCode, Street) values (30, 'Los Angeles', 'California', '90005', '750 Towne Parkway');
insert into CustomerLocations (CustomerID, City, State, ZipCode, Street) values (85, 'Salem', 'Oregon', '97306', '24133 Rowland Drive');
insert into CustomerLocations (CustomerID, City, State, ZipCode, Street) values (19, 'Kansas City', 'Missouri', '64153', '2 Chive Avenue');
insert into CustomerLocations (CustomerID, City, State, ZipCode, Street) values (80, 'Canton', 'Ohio', '44760', '07383 West Center');
insert into CustomerLocations (CustomerID, City, State, ZipCode, Street) values (84, 'Fort Pierce', 'Florida', '34949', '4 Fieldstone Alley');
insert into CustomerLocations (CustomerID, City, State, ZipCode, Street) values (52, 'Reading', 'Pennsylvania', '19605', '992 Blue Bill Park Pass');
insert into CustomerLocations (CustomerID, City, State, ZipCode, Street) values (10, 'Baltimore', 'Maryland', '21229', '007 Moulton Lane');
insert into CustomerLocations (CustomerID, City, State, ZipCode, Street) values (61, 'Washington', 'District of Columbia', '20010', '15084 Lien Crossing');
insert into CustomerLocations (CustomerID, City, State, ZipCode, Street) values (90, 'Duluth', 'Minnesota', '55811', '1 Melody Way');
insert into CustomerLocations (CustomerID, City, State, ZipCode, Street) values (26, 'South Bend', 'Indiana', '46634', '3 Mesta Plaza');
insert into CustomerLocations (CustomerID, City, State, ZipCode, Street) values (24, 'Tulsa', 'Oklahoma', '74116', '82 Hooker Crossing');
insert into CustomerLocations (CustomerID, City, State, ZipCode, Street) values (38, 'Dallas', 'Texas', '75310', '0 Banding Lane');
insert into CustomerLocations (CustomerID, City, State, ZipCode, Street) values (17, 'New York City', 'New York', '10131', '67275 Monument Terrace');
insert into CustomerLocations (CustomerID, City, State, ZipCode, Street) values (10, 'Las Cruces', 'New Mexico', '88006', '7292 Huxley Plaza');
insert into CustomerLocations (CustomerID, City, State, ZipCode, Street) values (54, 'Baltimore', 'Maryland', '21282', '2082 Corben Hill');
insert into CustomerLocations (CustomerID, City, State, ZipCode, Street) values (56, 'Spokane', 'Washington', '99220', '38926 Logan Avenue');
insert into CustomerLocations (CustomerID, City, State, ZipCode, Street) values (37, 'New Haven', 'Connecticut', '06505', '3 Prairieview Park');
insert into CustomerLocations (CustomerID, City, State, ZipCode, Street) values (47, 'Reno', 'Nevada', '89510', '04 Mockingbird Place');
insert into CustomerLocations (CustomerID, City, State, ZipCode, Street) values (65, 'Tampa', 'Florida', '33647', '414 Sunfield Alley');
insert into CustomerLocations (CustomerID, City, State, ZipCode, Street) values (24, 'San Diego', 'California', '92191', '57 Eliot Lane');
insert into CustomerLocations (CustomerID, City, State, ZipCode, Street) values (48, 'Santa Rosa', 'California', '95405', '37784 Burning Wood Park');
insert into CustomerLocations (CustomerID, City, State, ZipCode, Street) values (45, 'Myrtle Beach', 'South Carolina', '29579', '4 Garrison Parkway');
insert into CustomerLocations (CustomerID, City, State, ZipCode, Street) values (53, 'Dayton', 'Ohio', '45419', '6931 Truax Hill');
insert into CustomerLocations (CustomerID, City, State, ZipCode, Street) values (27, 'Atlanta', 'Georgia', '30343', '0 Tennyson Pass');
insert into CustomerLocations (CustomerID, City, State, ZipCode, Street) values (94, 'Rockford', 'Illinois', '61105', '5 Warrior Road');
insert into CustomerLocations (CustomerID, City, State, ZipCode, Street) values (96, 'Gilbert', 'Arizona', '85297', '38 Stephen Street');
insert into CustomerLocations (CustomerID, City, State, ZipCode, Street) values (23, 'Lexington', 'Kentucky', '40586', '4 Clarendon Alley');
insert into CustomerLocations (CustomerID, City, State, ZipCode, Street) values (62, 'Jacksonville', 'Florida', '32255', '000 Holy Cross Trail');
insert into CustomerLocations (CustomerID, City, State, ZipCode, Street) values (84, 'Austin', 'Texas', '78749', '61 Main Circle');
insert into CustomerLocations (CustomerID, City, State, ZipCode, Street) values (99, 'New York City', 'New York', '10184', '5434 Duke Drive');
insert into CustomerLocations (CustomerID, City, State, ZipCode, Street) values (100, 'Saint Louis', 'Missouri', '63126', '1 Dunning Park');
insert into CustomerLocations (CustomerID, City, State, ZipCode, Street) values (77, 'Kansas City', 'Missouri', '64199', '3393 Saint Paul Drive');
insert into CustomerLocations (CustomerID, City, State, ZipCode, Street) values (98, 'Las Vegas', 'Nevada', '89120', '690 Katie Pass');

insert into DeliveryPeople (DeliveryPersonID, FirstName, LastName, email) values (1, 'Guss', 'Gaenor', 'ggaenor0@psu.edu');
insert into DeliveryPeople (DeliveryPersonID, FirstName, LastName, email) values (2, 'Yvon', 'Pierson', 'ypierson1@blinklist.com');
insert into DeliveryPeople (DeliveryPersonID, FirstName, LastName, email) values (3, 'Marthena', 'Essery', 'messery2@amazon.co.jp');
insert into DeliveryPeople (DeliveryPersonID, FirstName, LastName, email) values (4, 'Flem', 'Knotte', 'fknotte3@nps.gov');
insert into DeliveryPeople (DeliveryPersonID, FirstName, LastName, email) values (5, 'Maryellen', 'Petrillo', 'mpetrillo4@printfriendly.com');
insert into DeliveryPeople (DeliveryPersonID, FirstName, LastName, email) values (6, 'Antonetta', 'Martins', 'amartins5@ihg.com');
insert into DeliveryPeople (DeliveryPersonID, FirstName, LastName, email) values (7, 'Sheffield', 'Mulroy', 'smulroy6@microsoft.com');
insert into DeliveryPeople (DeliveryPersonID, FirstName, LastName, email) values (8, 'Bendicty', 'Duerden', 'bduerden7@ameblo.jp');
insert into DeliveryPeople (DeliveryPersonID, FirstName, LastName, email) values (9, 'Dulcia', 'Ixer', 'dixer8@elegantthemes.com');
insert into DeliveryPeople (DeliveryPersonID, FirstName, LastName, email) values (10, 'Frankie', 'Simkin', 'fsimkin9@histats.com');
insert into DeliveryPeople (DeliveryPersonID, FirstName, LastName, email) values (11, 'Leanna', 'Mochan', 'lmochana@princeton.edu');
insert into DeliveryPeople (DeliveryPersonID, FirstName, LastName, email) values (12, 'Sherlock', 'D'' Angelo', 'sdangelob@wunderground.com');
insert into DeliveryPeople (DeliveryPersonID, FirstName, LastName, email) values (13, 'Cecilius', 'Reddie', 'creddiec@time.com');
insert into DeliveryPeople (DeliveryPersonID, FirstName, LastName, email) values (14, 'Murdoch', 'Curtain', 'mcurtaind@weebly.com');
insert into DeliveryPeople (DeliveryPersonID, FirstName, LastName, email) values (15, 'Orland', 'Caccavale', 'ocaccavalee@soundcloud.com');
insert into DeliveryPeople (DeliveryPersonID, FirstName, LastName, email) values (16, 'Winfield', 'Berryman', 'wberrymanf@virginia.edu');
insert into DeliveryPeople (DeliveryPersonID, FirstName, LastName, email) values (17, 'Clem', 'Collingridge', 'ccollingridgeg@hugedomains.com');
insert into DeliveryPeople (DeliveryPersonID, FirstName, LastName, email) values (18, 'Archibold', 'Bandt', 'abandth@gravatar.com');
insert into DeliveryPeople (DeliveryPersonID, FirstName, LastName, email) values (19, 'Atlanta', 'Carlile', 'acarlilei@ca.gov');
insert into DeliveryPeople (DeliveryPersonID, FirstName, LastName, email) values (20, 'Harlan', 'Tofanelli', 'htofanellij@cbslocal.com');
insert into DeliveryPeople (DeliveryPersonID, FirstName, LastName, email) values (21, 'Beret', 'Blodgett', 'bblodgettk@icq.com');
insert into DeliveryPeople (DeliveryPersonID, FirstName, LastName, email) values (22, 'Kory', 'Douris', 'kdourisl@eepurl.com');
insert into DeliveryPeople (DeliveryPersonID, FirstName, LastName, email) values (23, 'Sim', 'Kiddye', 'skiddyem@tinyurl.com');
insert into DeliveryPeople (DeliveryPersonID, FirstName, LastName, email) values (24, 'Dalila', 'Silberschatz', 'dsilberschatzn@vimeo.com');
insert into DeliveryPeople (DeliveryPersonID, FirstName, LastName, email) values (25, 'Alexine', 'Fulun', 'afuluno@rediff.com');
insert into DeliveryPeople (DeliveryPersonID, FirstName, LastName, email) values (26, 'Eugenie', 'Devenny', 'edevennyp@sohu.com');
insert into DeliveryPeople (DeliveryPersonID, FirstName, LastName, email) values (27, 'Leonanie', 'Scoggins', 'lscogginsq@discuz.net');
insert into DeliveryPeople (DeliveryPersonID, FirstName, LastName, email) values (28, 'Micky', 'Goodliff', 'mgoodliffr@wordpress.com');
insert into DeliveryPeople (DeliveryPersonID, FirstName, LastName, email) values (29, 'Conni', 'Stribbling', 'cstribblings@epa.gov');
insert into DeliveryPeople (DeliveryPersonID, FirstName, LastName, email) values (30, 'Alverta', 'Showen', 'ashowent@hexun.com');
insert into DeliveryPeople (DeliveryPersonID, FirstName, LastName, email) values (31, 'Merwin', 'Huby', 'mhubyu@samsung.com');
insert into DeliveryPeople (DeliveryPersonID, FirstName, LastName, email) values (32, 'Kalvin', 'Rickaby', 'krickabyv@cyberchimps.com');
insert into DeliveryPeople (DeliveryPersonID, FirstName, LastName, email) values (33, 'Milicent', 'Gamble', 'mgamblew@examiner.com');
insert into DeliveryPeople (DeliveryPersonID, FirstName, LastName, email) values (34, 'Delcina', 'Blenkhorn', 'dblenkhornx@biblegateway.com');
insert into DeliveryPeople (DeliveryPersonID, FirstName, LastName, email) values (35, 'Sonni', 'Scoular', 'sscoulary@qq.com');
insert into DeliveryPeople (DeliveryPersonID, FirstName, LastName, email) values (36, 'Iver', 'Weafer', 'iweaferz@hugedomains.com');
insert into DeliveryPeople (DeliveryPersonID, FirstName, LastName, email) values (37, 'Jasmine', 'Arkwright', 'jarkwright10@github.com');
insert into DeliveryPeople (DeliveryPersonID, FirstName, LastName, email) values (38, 'Giffer', 'MacFadden', 'gmacfadden11@t.com');
insert into DeliveryPeople (DeliveryPersonID, FirstName, LastName, email) values (39, 'Rodolphe', 'Lockhart', 'rlockhart12@nbcnews.com' );
insert into DeliveryPeople (DeliveryPersonID, FirstName, LastName, email) values (40, 'Carena', 'Firby', 'cfirby13@google.it');
insert into DeliveryPeople (DeliveryPersonID, FirstName, LastName, email) values (41, 'Gaye', 'Dagnan', 'gdagnan14@mediafire.com');
insert into DeliveryPeople (DeliveryPersonID, FirstName, LastName, email) values (42, 'Bax', 'Shadfourth', 'bshadfourth15@360.cn');
insert into DeliveryPeople (DeliveryPersonID, FirstName, LastName, email) values (43, 'Selby', 'Shackleford', 'sshackleford16@cargocollective.com');
insert into DeliveryPeople (DeliveryPersonID, FirstName, LastName, email) values (44, 'Antonie', 'Favell', 'afavell17@parallels.com');
insert into DeliveryPeople (DeliveryPersonID, FirstName, LastName, email) values (45, 'Sigismundo', 'Oyley', 'soyley18@earthlink.net');
insert into DeliveryPeople (DeliveryPersonID, FirstName, LastName, email) values (46, 'Rozanne', 'Stode', 'rstode19@wiley.com');
insert into DeliveryPeople (DeliveryPersonID, FirstName, LastName, email) values (47, 'Raoul', 'Rehn', 'rrehn1a@chicagotribune.com');
insert into DeliveryPeople (DeliveryPersonID, FirstName, LastName, email) values (48, 'Gregory', 'Patching', 'gpatching1b@themeforest.net');
insert into DeliveryPeople (DeliveryPersonID, FirstName, LastName, email) values (49, 'Xylia', 'Falconer-Taylor', 'xfalconertaylor1c@creativecommons.org');
insert into DeliveryPeople (DeliveryPersonID, FirstName, LastName, email) values (50, 'Eloisa', 'Craft', 'ecraft1d@bluehost.com');
insert into DeliveryPeople (DeliveryPersonID, FirstName, LastName, email) values (51, 'Ransell', 'Janusz', 'rjanusz1e@huffingtonpost.com');
insert into DeliveryPeople (DeliveryPersonID, FirstName, LastName, email) values (52, 'Ursuline', 'Coddrington', 'ucoddrington1f@cafepress.com');
insert into DeliveryPeople (DeliveryPersonID, FirstName, LastName, email) values (53, 'Cully', 'Liddle', 'cliddle1g@tinyurl.com');
insert into DeliveryPeople (DeliveryPersonID, FirstName, LastName, email) values (54, 'Kara-lynn', 'Gorghetto', 'kgorghetto1h@ocn.ne.jp');
insert into DeliveryPeople (DeliveryPersonID, FirstName, LastName, email) values (55, 'Aveline', 'Murley', 'amurley1i@github.com');
insert into DeliveryPeople (DeliveryPersonID, FirstName, LastName, email) values (56, 'Morgen', 'Courson', 'mcourson1j@mayoclinic.com');
insert into DeliveryPeople (DeliveryPersonID, FirstName, LastName, email) values (57, 'Gill', 'Kerbey', 'gkerbey1k@foxnews.com');
insert into DeliveryPeople (DeliveryPersonID, FirstName, LastName, email) values (58, 'Donnie', 'Chasier', 'dchasier1l@ucla.edu');
insert into DeliveryPeople (DeliveryPersonID, FirstName, LastName, email) values (59, 'Zeb', 'Grainger', 'zgrainger1m@cnbc.com');
insert into DeliveryPeople (DeliveryPersonID, FirstName, LastName, email) values (60, 'Hedvige', 'Phelipeaux', 'hphelipeaux1n@bbb.org');

insert into DeliveryTransportation (TransportationID, Color, Type, RegistrationNumber, DeliveryPersonID) values (1, 'Aquamarine', 'horse and buggy', 87-744-2358, 16);
insert into DeliveryTransportation (TransportationID, Color, Type, RegistrationNumber, DeliveryPersonID) values (2, 'Mauv', 'horse and buggy', 10-944-9577, 1);
insert into DeliveryTransportation (TransportationID, Color, Type, RegistrationNumber, DeliveryPersonID) values (3, 'Goldenrod', 'horse and buggy', 04-707-3535, 46);
insert into DeliveryTransportation (TransportationID, Color, Type, RegistrationNumber, DeliveryPersonID) values (4, 'Mauv', 'e-bike', 64-357-2904, 11);
insert into DeliveryTransportation (TransportationID, Color, Type, RegistrationNumber, DeliveryPersonID) values (5, 'Indigo', 'motorcycle', 24-986-4120, 56);
insert into DeliveryTransportation (TransportationID, Color, Type, RegistrationNumber, DeliveryPersonID) values (6, 'Yellow', 'horse and buggy', 49-864-8225, 48);
insert into DeliveryTransportation (TransportationID, Color, Type, RegistrationNumber, DeliveryPersonID) values (7, 'Khaki', 'motorcycle', 76-396-1978, 22);
insert into DeliveryTransportation (TransportationID, Color, Type, RegistrationNumber, DeliveryPersonID) values (8, 'Crimson', 'motorcycle', 53-981-2598, 39);
insert into DeliveryTransportation (TransportationID, Color, Type, RegistrationNumber, DeliveryPersonID) values (9, 'Aquamarine', 'bike', 70-747-6447, 3);
insert into DeliveryTransportation (TransportationID, Color, Type, RegistrationNumber, DeliveryPersonID) values (10, 'Crimson', 'motorcycle', 53-497-9938, 4);
insert into DeliveryTransportation (TransportationID, Color, Type, RegistrationNumber, DeliveryPersonID) values (11, 'Khaki', 'horse and buggy', 22-641-4927, 2);
insert into DeliveryTransportation (TransportationID, Color, Type, RegistrationNumber, DeliveryPersonID) values (12, 'Turquoise', 'e-bike', 89-518-0532, 36);
insert into DeliveryTransportation (TransportationID, Color, Type, RegistrationNumber, DeliveryPersonID) values (13, 'Green', 'motorcycle', 80-164-0829, 36);
insert into DeliveryTransportation (TransportationID, Color, Type, RegistrationNumber, DeliveryPersonID) values (14, 'Yellow', 'car', 28-099-9113, 1);
insert into DeliveryTransportation (TransportationID, Color, Type, RegistrationNumber, DeliveryPersonID) values (15, 'Indigo', 'motorcycle', 36-662-2979, 55);
insert into DeliveryTransportation (TransportationID, Color, Type, RegistrationNumber, DeliveryPersonID) values (16, 'Violet', 'motorcycle', 91-745-9889, 26);
insert into DeliveryTransportation (TransportationID, Color, Type, RegistrationNumber, DeliveryPersonID) values (17, 'Puce', 'bike', 03-721-0578, 48);
insert into DeliveryTransportation (TransportationID, Color, Type, RegistrationNumber, DeliveryPersonID) values (18, 'Indigo', 'motorcycle', 32-502-1157, 6);
insert into DeliveryTransportation (TransportationID, Color, Type, RegistrationNumber, DeliveryPersonID) values (19, 'Maroon', 'bike', 29-038-9906, 48);
insert into DeliveryTransportation (TransportationID, Color, Type, RegistrationNumber, DeliveryPersonID) values (20, 'Yellow', 'bike', 24-837-0494, 32);
insert into DeliveryTransportation (TransportationID, Color, Type, RegistrationNumber, DeliveryPersonID) values (21, 'Pink', 'e-bike', 71-999-2908, 37);
insert into DeliveryTransportation (TransportationID, Color, Type, RegistrationNumber, DeliveryPersonID) values (22, 'Green', 'motorcycle', 38-052-3449, 19);
insert into DeliveryTransportation (TransportationID, Color, Type, RegistrationNumber, DeliveryPersonID) values (23, 'Pink', 'car', 70-126-1005, 4);
insert into DeliveryTransportation (TransportationID, Color, Type, RegistrationNumber, DeliveryPersonID) values (24, 'Maroon', 'bike', 21-535-1992, 35);
insert into DeliveryTransportation (TransportationID, Color, Type, RegistrationNumber, DeliveryPersonID) values (25, 'Mauv', 'e-bike', 05-490-3269, 6);
insert into DeliveryTransportation (TransportationID, Color, Type, RegistrationNumber, DeliveryPersonID) values (26, 'Indigo', 'bike', 38-819-9281, 19);
insert into DeliveryTransportation (TransportationID, Color, Type, RegistrationNumber, DeliveryPersonID) values (27, 'Indigo', 'bike', 49-563-5010, 56);
insert into DeliveryTransportation (TransportationID, Color, Type, RegistrationNumber, DeliveryPersonID) values (28, 'Maroon', 'bike', 35-947-6743, 13);
insert into DeliveryTransportation (TransportationID, Color, Type, RegistrationNumber, DeliveryPersonID) values (29, 'Turquoise', 'horse and buggy', 77-067-2294, 24);
insert into DeliveryTransportation (TransportationID, Color, Type, RegistrationNumber, DeliveryPersonID) values (30, 'Fuscia', 'e-bike', 95-047-7662, 50);
insert into DeliveryTransportation (TransportationID, Color, Type, RegistrationNumber, DeliveryPersonID) values (31, 'Fuscia', 'e-bike', 55-232-4235, 47);
insert into DeliveryTransportation (TransportationID, Color, Type, RegistrationNumber, DeliveryPersonID) values (32, 'Fuscia', 'car', 41-375-6506, 45);
insert into DeliveryTransportation (TransportationID, Color, Type, RegistrationNumber, DeliveryPersonID) values (33, 'Red', 'bike', 68-709-7813, 55);
insert into DeliveryTransportation (TransportationID, Color, Type, RegistrationNumber, DeliveryPersonID) values (34, 'Red', 'horse and buggy', 23-097-3337, 23);
insert into DeliveryTransportation (TransportationID, Color, Type, RegistrationNumber, DeliveryPersonID) values (35, 'Puce', 'bike', 07-504-8255, 16);
insert into DeliveryTransportation (TransportationID, Color, Type, RegistrationNumber, DeliveryPersonID) values (36, 'Purple', 'horse and buggy', 60-783-7945, 54);
insert into DeliveryTransportation (TransportationID, Color, Type, RegistrationNumber, DeliveryPersonID) values (37, 'Yellow', 'bike', 81-788-7676, 53);
insert into DeliveryTransportation (TransportationID, Color, Type, RegistrationNumber, DeliveryPersonID) values (38, 'Blue', 'motorcycle', 05-823-3460, 38);
insert into DeliveryTransportation (TransportationID, Color, Type, RegistrationNumber, DeliveryPersonID) values (39, 'Yellow', 'car', 53-642-6535, 38);
insert into DeliveryTransportation (TransportationID, Color, Type, RegistrationNumber, DeliveryPersonID) values (40, 'Indigo', 'e-bike', 74-417-8223, 34);
insert into DeliveryTransportation (TransportationID, Color, Type, RegistrationNumber, DeliveryPersonID) values (41, 'Purple', 'e-bike', 41-027-8546, 29);
insert into DeliveryTransportation (TransportationID, Color, Type, RegistrationNumber, DeliveryPersonID) values (42, 'Purple', 'horse and buggy', 78-631-5692, 26);
insert into DeliveryTransportation (TransportationID, Color, Type, RegistrationNumber, DeliveryPersonID) values (43, 'Puce', 'bike', 16-008-9730, 3);
insert into DeliveryTransportation (TransportationID, Color, Type, RegistrationNumber, DeliveryPersonID) values (44, 'Crimson', 'e-bike', 61-948-3751, 38);
insert into DeliveryTransportation (TransportationID, Color, Type, RegistrationNumber, DeliveryPersonID) values (45, 'Indigo', 'e-bike', 55-522-3944, 5);
insert into DeliveryTransportation (TransportationID, Color, Type, RegistrationNumber, DeliveryPersonID) values (46, 'Pink', 'car', 12-163-5223, 26);
insert into DeliveryTransportation (TransportationID, Color, Type, RegistrationNumber, DeliveryPersonID) values (47, 'Blue', 'e-bike', 27-013-7841, 35);
insert into DeliveryTransportation (TransportationID, Color, Type, RegistrationNumber, DeliveryPersonID) values (48, 'Fuscia', 'car', 78-471-0819, 33);
insert into DeliveryTransportation (TransportationID, Color, Type, RegistrationNumber, DeliveryPersonID) values (49, 'Puce', 'bike', 91-626-6701, 12);
insert into DeliveryTransportation (TransportationID, Color, Type, RegistrationNumber, DeliveryPersonID) values (50, 'Violet', 'bike', 25-599-5041, 30);
insert into DeliveryTransportation (TransportationID, Color, Type, RegistrationNumber, DeliveryPersonID) values (51, 'Khaki', 'bike', 77-994-8162, 43);
insert into DeliveryTransportation (TransportationID, Color, Type, RegistrationNumber, DeliveryPersonID) values (52, 'Pink', 'e-bike', 79-993-9118, 51);
insert into DeliveryTransportation (TransportationID, Color, Type, RegistrationNumber, DeliveryPersonID) values (53, 'Aquamarine', 'bike', 42-857-2424, 14);
insert into DeliveryTransportation (TransportationID, Color, Type, RegistrationNumber, DeliveryPersonID) values (54, 'Mauv', 'car', 45-686-4808, 26);
insert into DeliveryTransportation (TransportationID, Color, Type, RegistrationNumber, DeliveryPersonID) values (55, 'Mauv', 'car', 90-871-3211, 29);
insert into DeliveryTransportation (TransportationID, Color, Type, RegistrationNumber, DeliveryPersonID) values (56, 'Pink', 'car', 52-735-4322, 60);
insert into DeliveryTransportation (TransportationID, Color, Type, RegistrationNumber, DeliveryPersonID) values (57, 'Indigo', 'e-bike', 56-071-9030, 40);
insert into DeliveryTransportation (TransportationID, Color, Type, RegistrationNumber, DeliveryPersonID) values (58, 'Maroon', 'motorcycle', 30-721-4242, 37);
insert into DeliveryTransportation (TransportationID, Color, Type, RegistrationNumber, DeliveryPersonID) values (59, 'Fuscia', 'e-bike', 28-914-2929, 24);
insert into DeliveryTransportation (TransportationID, Color, Type, RegistrationNumber, DeliveryPersonID) values (60, 'Turquoise', 'e-bike', 23-265-6654, 56);
insert into DeliveryTransportation (TransportationID, Color, Type, RegistrationNumber, DeliveryPersonID) values (61, 'Khaki', 'motorcycle', 19-162-3045, 22);
insert into DeliveryTransportation (TransportationID, Color, Type, RegistrationNumber, DeliveryPersonID) values (62, 'Purple', 'horse and buggy', 86-993-5528, 32);
insert into DeliveryTransportation (TransportationID, Color, Type, RegistrationNumber, DeliveryPersonID) values (63, 'Teal', 'horse and buggy', 89-165-0096, 53);
insert into DeliveryTransportation (TransportationID, Color, Type, RegistrationNumber, DeliveryPersonID) values (64, 'Indigo', 'horse and buggy', 66-236-1133, 5);
insert into DeliveryTransportation (TransportationID, Color, Type, RegistrationNumber, DeliveryPersonID) values (65, 'Indigo', 'motorcycle', 79-461-8164, 26);
insert into DeliveryTransportation (TransportationID, Color, Type, RegistrationNumber, DeliveryPersonID) values (66, 'Yellow', 'bike', 18-009-4468, 29);
insert into DeliveryTransportation (TransportationID, Color, Type, RegistrationNumber, DeliveryPersonID) values (67, 'Violet', 'car', 77-418-3025, 7);
insert into DeliveryTransportation (TransportationID, Color, Type, RegistrationNumber, DeliveryPersonID) values (68, 'Purple', 'bike', 42-550-3874, 11);
insert into DeliveryTransportation (TransportationID, Color, Type, RegistrationNumber, DeliveryPersonID) values (69, 'Teal', 'car', 10-545-2099, 25);
insert into DeliveryTransportation (TransportationID, Color, Type, RegistrationNumber, DeliveryPersonID) values (70, 'Puce', 'e-bike', 92-190-6063, 34);


insert into HuskyEatzEmployee (EmployeeID, Role, FirstName, LastName) values (1, 'Associate Professor', 'Heywood', 'Spall');
insert into HuskyEatzEmployee (EmployeeID, Role, FirstName, LastName) values (2, 'Assistant Manager', 'Engracia', 'Churching');
insert into HuskyEatzEmployee (EmployeeID, Role, FirstName, LastName) values (3, 'Software Test Engineer III', 'Atalanta', 'Mattiacci');
insert into HuskyEatzEmployee (EmployeeID, Role, FirstName, LastName) values (4, 'Health Coach II', 'Sula', 'Shreve');
insert into HuskyEatzEmployee (EmployeeID, Role, FirstName, LastName) values (5, 'Recruiter', 'Nani', 'Lunt');
insert into HuskyEatzEmployee (EmployeeID, Role, FirstName, LastName) values (6, 'Professor', 'Hadley', 'Clinnick');
insert into HuskyEatzEmployee (EmployeeID, Role, FirstName, LastName) values (7, 'Data Coordinator', 'Clarabelle', 'Corkill');
insert into HuskyEatzEmployee (EmployeeID, Role, FirstName, LastName) values (8, 'Clinical Specialist', 'Neddie', 'Stollard');
insert into HuskyEatzEmployee (EmployeeID, Role, FirstName, LastName) values (9, 'Media Manager IV', 'Shane', 'Stoter');
insert into HuskyEatzEmployee (EmployeeID, Role, FirstName, LastName) values (10, 'Project Manager', 'Fanchon', 'Dast');
insert into HuskyEatzEmployee (EmployeeID, Role, FirstName, LastName) values (11, 'Accounting Assistant IV', 'Alex', 'Haggarth');
insert into HuskyEatzEmployee (EmployeeID, Role, FirstName, LastName) values (12, 'Software Test Engineer I', 'Gal', 'Gittis');
insert into HuskyEatzEmployee (EmployeeID, Role, FirstName, LastName) values (13, 'Human Resources Manager', 'Christoper', 'Habin');
insert into HuskyEatzEmployee (EmployeeID, Role, FirstName, LastName) values (14, 'Quality Control Specialist', 'Freeman', 'Arstall');
insert into HuskyEatzEmployee (EmployeeID, Role, FirstName, LastName) values (15, 'Physical Therapy Assistant', 'Brittney', 'Barrick');
insert into HuskyEatzEmployee (EmployeeID, Role, FirstName, LastName) values (16, 'Help Desk Technician', 'Welby', 'Drillot');
insert into HuskyEatzEmployee (EmployeeID, Role, FirstName, LastName) values (17, 'Graphic Designer', 'Kym', 'Give');
insert into HuskyEatzEmployee (EmployeeID, Role, FirstName, LastName) values (18, 'Software Consultant', 'Kelcey', 'Sebrens');
insert into HuskyEatzEmployee (EmployeeID, Role, FirstName, LastName) values (19, 'Account Coordinator', 'Lianna', 'Tadman');
insert into HuskyEatzEmployee (EmployeeID, Role, FirstName, LastName) values (20, 'Software Test Engineer I', 'Husein', 'Clough');
insert into HuskyEatzEmployee (EmployeeID, Role, FirstName, LastName) values (21, 'Recruiting Manager', 'Annamarie', 'MacDermand');
insert into HuskyEatzEmployee (EmployeeID, Role, FirstName, LastName) values (22, 'Project Manager', 'Jeanie', 'Mattia');
insert into HuskyEatzEmployee (EmployeeID, Role, FirstName, LastName) values (23, 'Marketing Assistant', 'Channa', 'Schuricke');
insert into HuskyEatzEmployee (EmployeeID, Role, FirstName, LastName) values (24, 'Nurse Practicioner', 'Emelina', 'Vyel');
insert into HuskyEatzEmployee (EmployeeID, Role, FirstName, LastName) values (25, 'Clinical Specialist', 'Purcell', 'Gosse');
insert into HuskyEatzEmployee (EmployeeID, Role, FirstName, LastName) values (26, 'Project Manager', 'Krishnah', 'Di Ruggero');
insert into HuskyEatzEmployee (EmployeeID, Role, FirstName, LastName) values (27, 'Associate Professor', 'Roley', 'Bigley');
insert into HuskyEatzEmployee (EmployeeID, Role, FirstName, LastName) values (28, 'Paralegal', 'Krystalle', 'Linbohm');
insert into HuskyEatzEmployee (EmployeeID, Role, FirstName, LastName) values (29, 'Senior Developer', 'Lynnea', 'Bohea');
insert into HuskyEatzEmployee (EmployeeID, Role, FirstName, LastName) values (30, 'Senior Sales Associate', 'Sara', 'Havard');

insert into Vendor (VendorID, VendorName, VendorType, CuisineType, phone, email, EmployeeID) values (1, 'Schowalter-Grimes', 'Dining Hall', 'Brazilian', '249-800-0496', 'vadan0@toplist.cz', 10);
insert into Vendor (VendorID, VendorName, VendorType, CuisineType, phone, email, EmployeeID) values (2, 'Gulgowski-Carter', 'Restaurant', 'Brazilian', '805-873-6676', 'rmenear1@thetimes.co.uk', 20);
insert into Vendor (VendorID, VendorName, VendorType, CuisineType, phone, email, EmployeeID) values (3, 'Prohaska-Schiller', 'Restaurant', 'Malaysian', '434-899-7025', 'vainscow2@cam.ac.uk', 14);
insert into Vendor (VendorID, VendorName, VendorType, CuisineType, phone, email, EmployeeID) values (4, 'Dicki-Harber', 'Dining Hall', 'Jamaican', '408-626-9814', 'kfalvey3@hp.com', 25);
insert into Vendor (VendorID, VendorName, VendorType, CuisineType, phone, email, EmployeeID) values (5, 'Greenholt, Jacobi and Miller', 'Dining Hall', 'American', '928-235-5986', 'hrustedge4@nydailynews.com', 8);
insert into Vendor (VendorID, VendorName, VendorType, CuisineType, phone, email, EmployeeID) values (6, 'Schumm, Fadel and O''Reilly', 'Restaurant', 'Vietnamese', '736-576-6132', 'gohoey5@bizjournals.com', 3);
insert into Vendor (VendorID, VendorName, VendorType, CuisineType, phone, email, EmployeeID) values (7, 'Pfeffer, Mitchell and Mante', 'Restaurant', 'Italian', '408-770-4877', 'dtaill6@businesswire.com', 8);
insert into Vendor (VendorID, VendorName, VendorType, CuisineType, phone, email, EmployeeID) values (8, 'Pagac-Collins', 'Dining Hall', 'Jamaican', '423-366-1084', 'cpetroff7@europa.eu', 16);
insert into Vendor (VendorID, VendorName, VendorType, CuisineType, phone, email, EmployeeID) values (9, 'Kautzer LLC', 'Restaurant', 'Japanese', '720-759-6402', 'bstockley8@china.com.cn', 17);
insert into Vendor (VendorID, VendorName, VendorType, CuisineType, phone, email, EmployeeID) values (10, 'Bednar Inc', 'Dining Hall', 'Chinese', '362-990-0242', 'brheam9@csmonitor.com', 21);
insert into Vendor (VendorID, VendorName, VendorType, CuisineType, phone, email, EmployeeID) values (11, 'Lindgren, Rowe and Goodwin', 'Restaurant', 'Russian', '537-556-4932', 'rdybalda@trellian.com', 14);
insert into Vendor (VendorID, VendorName, VendorType, CuisineType, phone, email, EmployeeID) values (12, 'Moore, Roberts and Krajcik', 'Dining Hall', 'Jamaican', '188-831-6467', 'bberteletb@newyorker.com', 7);
insert into Vendor (VendorID, VendorName, VendorType, CuisineType, phone, email, EmployeeID) values (13, 'Schoen Inc', 'Dining Hall', 'Spanish', '517-972-0553', 'mrolleyc@angelfire.com', 16);
insert into Vendor (VendorID, VendorName, VendorType, CuisineType, phone, email, EmployeeID) values (14, 'Koss Group', 'Dining Hall', 'Moroccan', '923-265-5955', 'slabromd@un.org', 8);
insert into Vendor (VendorID, VendorName, VendorType, CuisineType, phone, email, EmployeeID) values (15, 'Lakin LLC', 'Dining Hall', 'Turkish', '101-705-9394', 'kdericote@cnet.com', 17);
insert into Vendor (VendorID, VendorName, VendorType, CuisineType, phone, email, EmployeeID) values (16, 'Smitham Group', 'Restaurant', 'Italian', '273-860-0603', 'ghanselmannf@dion.ne.jp', 3);
insert into Vendor (VendorID, VendorName, VendorType, CuisineType, phone, email, EmployeeID) values (17, 'Haley LLC', 'Restaurant', 'Greek', '831-761-4325', 'kgarieg@yandex.ru', 6);
insert into Vendor (VendorID, VendorName, VendorType, CuisineType, phone, email, EmployeeID) values (18, 'O''Conner LLC', 'Dining Hall', 'Mexican', '923-261-2466', 'fpikesleyh@nyu.edu', 7);
insert into Vendor (VendorID, VendorName, VendorType, CuisineType, phone, email, EmployeeID) values (19, 'Howell-Blanda', 'Restaurant', 'Korean', '708-216-3019', 'bstirlandi@apple.com', 14);
insert into Vendor (VendorID, VendorName, VendorType, CuisineType, phone, email, EmployeeID) values (20, 'Ankunding-Swift', 'Dining Hall', 'Greek', '438-135-8536', 'ebonnefinj@twitpic.com', 9);
insert into Vendor (VendorID, VendorName, VendorType, CuisineType, phone, email, EmployeeID) values (21, 'Deckow, Upton and Kris', 'Dining Hall', 'Moroccan', '131-134-4965', 'vhumblestonek@slate.com', 15);
insert into Vendor (VendorID, VendorName, VendorType, CuisineType, phone, email, EmployeeID) values (22, 'Koelpin, Howell and Shields', 'Dining Hall', 'Caribbean', '645-597-8453', 'ppetrellil@over-blog.com', 11);
insert into Vendor (VendorID, VendorName, VendorType, CuisineType, phone, email, EmployeeID) values (23, 'Johns, Doyle and Torphy', 'Restaurant', 'Lebanese', '370-695-5178', 'djakawaym@ezinearticles.com', 29);
insert into Vendor (VendorID, VendorName, VendorType, CuisineType, phone, email, EmployeeID) values (24, 'Pagac, Dare and Streich', 'Dining Hall', 'French', '351-252-8001', 'imaundn@mac.com', 26);
insert into Vendor (VendorID, VendorName, VendorType, CuisineType, phone, email, EmployeeID) values (25, 'Parisian LLC', 'Restaurant', 'Russian', '666-560-6006', 'mladlowo@mac.com', 24);
insert into Vendor (VendorID, VendorName, VendorType, CuisineType, phone, email, EmployeeID) values (26, 'Jenkins Group', 'Restaurant', 'French', '834-940-5285', 'gmadgwickp@google.com.br', 13);
insert into Vendor (VendorID, VendorName, VendorType, CuisineType, phone, email, EmployeeID) values (27, 'Hickle Group', 'Restaurant', 'Caribbean', '717-341-7842', 'dguddq@nbcnews.com', 14);
insert into Vendor (VendorID, VendorName, VendorType, CuisineType, phone, email, EmployeeID) values (28, 'Kirlin, Mosciski and Beatty', 'Restaurant', 'Australian', '516-996-8446', 'phastinr@slideshare.net', 17);
insert into Vendor (VendorID, VendorName, VendorType, CuisineType, phone, email, EmployeeID) values (29, 'Hoppe, Zulauf and Johnson', 'Dining Hall', 'Russian', '997-554-2508', 'aegintons@mapquest.com', 9);
insert into Vendor (VendorID, VendorName, VendorType, CuisineType, phone, email, EmployeeID) values (30, 'Kohler-Cole', 'Dining Hall', 'Caribbean', '483-295-1677', 'ksheplandt@devhub.com', 14);
insert into Vendor (VendorID, VendorName, VendorType, CuisineType, phone, email, EmployeeID) values (31, 'Ziemann, O''Kon and Schmitt', 'Restaurant', 'Malaysian', '774-238-0115', 'cburdsu@posterous.com', 22);
insert into Vendor (VendorID, VendorName, VendorType, CuisineType, phone, email, EmployeeID) values (32, 'O''Kon, Walter and Cartwright', 'Restaurant', 'Malaysian', '146-479-2179', 'dmazzeov@parallels.com', 11);
insert into Vendor (VendorID, VendorName, VendorType, CuisineType, phone, email, EmployeeID) values (33, 'Welch Group', 'Restaurant', 'Turkish', '352-116-1999', 'lbrittianw@netvibes.com', 19);
insert into Vendor (VendorID, VendorName, VendorType, CuisineType, phone, email, EmployeeID) values (34, 'O''Keefe-Kuhlman', 'Restaurant', 'Japanese', '841-580-0360', 'ssmalesx@tinyurl.com', 21);
insert into Vendor (VendorID, VendorName, VendorType, CuisineType, phone, email, EmployeeID) values (35, 'Hartmann Inc', 'Dining Hall', 'Moroccan', '388-439-6839', 'yhardesy@devhub.com', 3);
insert into Vendor (VendorID, VendorName, VendorType, CuisineType, phone, email, EmployeeID) values (36, 'Beer Group', 'Dining Hall', 'Jamaican', '883-247-5418', 'slindforsz@springer.com', 19);
insert into Vendor (VendorID, VendorName, VendorType, CuisineType, phone, email, EmployeeID) values (37, 'Klocko-Runolfsdottir', 'Restaurant', 'Japanese', '793-100-6395', 'cabate10@4shared.com', 16);
insert into Vendor (VendorID, VendorName, VendorType, CuisineType, phone, email, EmployeeID) values (38, 'Homenick-Mante', 'Dining Hall', 'Mediterranean', '591-824-8427', 'dducker11@ezinearticles.com', 10);
insert into Vendor (VendorID, VendorName, VendorType, CuisineType, phone, email, EmployeeID) values (39, 'Muller LLC', 'Restaurant', 'Greek', '831-810-8272', 'hsilman12@youtu.be', 28);
insert into Vendor (VendorID, VendorName, VendorType, CuisineType, phone, email, EmployeeID) values (40, 'Gislason, Cruickshank and Prosacco', 'Restaurant', 'Japanese', '118-525-0544', 'adines13@uol.com.br', 8);
insert into Vendor (VendorID, VendorName, VendorType, CuisineType, phone, email, EmployeeID) values (41, 'Rodriguez-Lesch', 'Restaurant', 'Korean', '126-882-0863', 'arenish14@who.int', 12);
insert into Vendor (VendorID, VendorName, VendorType, CuisineType, phone, email, EmployeeID) values (42, 'Kub-Macejkovic', 'Restaurant', 'Mexican', '187-312-6555', 'lhardi15@squarespace.com', 28);
insert into Vendor (VendorID, VendorName, VendorType, CuisineType, phone, email, EmployeeID) values (43, 'Kris and Sons', 'Dining Hall', 'Chinese', '804-954-3226', 'sroeby16@multiply.com', 20);
insert into Vendor (VendorID, VendorName, VendorType, CuisineType, phone, email, EmployeeID) values (44, 'Reilly-D''Amore', 'Restaurant', 'Chinese', '712-618-9704', 'bcassedy17@wordpress.com', 8);
insert into Vendor (VendorID, VendorName, VendorType, CuisineType, phone, email, EmployeeID) values (45, 'Smith, Bailey and Bernier', 'Restaurant', 'Peruvian', '996-508-8991', 'ecockell18@yale.edu', 9);
insert into Vendor (VendorID, VendorName, VendorType, CuisineType, phone, email, EmployeeID) values (46, 'Lind-Schowalter', 'Restaurant', 'Mediterranean', '733-547-5609', 'msapp19@sogou.com', 18);
insert into Vendor (VendorID, VendorName, VendorType, CuisineType, phone, email, EmployeeID) values (47, 'Yost Inc', 'Restaurant', 'Greek', '163-468-6146', 'mcantwell1a@studiopress.com', 5);
insert into Vendor (VendorID, VendorName, VendorType, CuisineType, phone, email, EmployeeID) values (48, 'Schmitt-Ernser', 'Dining Hall', 'Caribbean', '294-465-0408', 'rmonck1b@amazon.de', 1);
insert into Vendor (VendorID, VendorName, VendorType, CuisineType, phone, email, EmployeeID) values (49, 'Lehner, Wunsch and Hirthe', 'Restaurant', 'Indian', '876-288-2971', 'alamke1c@jigsy.com', 2);
insert into Vendor (VendorID, VendorName, VendorType, CuisineType, phone, email, EmployeeID) values (50, 'Padberg-Green', 'Dining Hall', 'Spanish', '593-672-5754', 'athebe1d@jimdo.com', 23);
insert into Vendor (VendorID, VendorName, VendorType, CuisineType, phone, email, EmployeeID) values (51, 'Altenwerth Inc', 'Restaurant', 'Greek', '601-951-3790', 'sfairnington1e@gmpg.org', 29);
insert into Vendor (VendorID, VendorName, VendorType, CuisineType, phone, email, EmployeeID) values (52, 'Bins Group', 'Restaurant', 'Caribbean', '165-697-8712', 'cferber1f@redcross.org', 1);
insert into Vendor (VendorID, VendorName, VendorType, CuisineType, phone, email, EmployeeID) values (53, 'Conroy Inc', 'Restaurant', 'Korean', '304-962-4389', 'hheintsch1g@princeton.edu', 9);
insert into Vendor (VendorID, VendorName, VendorType, CuisineType, phone, email, EmployeeID) values (54, 'Nitzsche, Leannon and Simonis', 'Restaurant', 'Italian', '957-773-6297', 'vlennox1h@biglobe.ne.jp', 1);
insert into Vendor (VendorID, VendorName, VendorType, CuisineType, phone, email, EmployeeID) values (55, 'Hauck-Murazik', 'Dining Hall', 'Lebanese', '104-920-8202', 'wlavin1i@xrea.com', 1);
insert into Vendor (VendorID, VendorName, VendorType, CuisineType, phone, email, EmployeeID) values (56, 'Heathcote Group', 'Dining Hall', 'Caribbean', '682-886-1003', 'abernhard1j@timesonline.co.uk', 3);
insert into Vendor (VendorID, VendorName, VendorType, CuisineType, phone, email, EmployeeID) values (57, 'Bergnaum-Konopelski', 'Dining Hall', 'American', '851-628-7841', 'palu1k@twitter.com', 1);
insert into Vendor (VendorID, VendorName, VendorType, CuisineType, phone, email, EmployeeID) values (58, 'Reinger, Homenick and Grady', 'Restaurant', 'Swedish', '248-368-5224', 'lmaccostye1l@mozilla.org', 11);
insert into Vendor (VendorID, VendorName, VendorType, CuisineType, phone, email, EmployeeID) values (59, 'Keebler, Lind and Schaden', 'Restaurant', 'Korean', '152-434-9453', 'desland1m@last.fm', 14);
insert into Vendor (VendorID, VendorName, VendorType, CuisineType, phone, email, EmployeeID) values (60, 'Douglas-Padberg', 'Restaurant', 'Malaysian', '980-332-6995', 'bsedgmond1n@skype.com', 2);
insert into Vendor (VendorID, VendorName, VendorType, CuisineType, phone, email, EmployeeID) values (61, 'Fay-Daniel', 'Restaurant', 'Russian', '267-403-6180', 'dzapatero1o@theguardian.com', 13);
insert into Vendor (VendorID, VendorName, VendorType, CuisineType, phone, email, EmployeeID) values (62, 'Collins, Breitenberg and McLaughlin', 'Restaurant', 'Ethiopian', '363-993-5215', 'ibrou1p@artisteer.com', 4);
insert into Vendor (VendorID, VendorName, VendorType, CuisineType, phone, email, EmployeeID) values (63, 'Lehner, Stoltenberg and Pfannerstill', 'Dining Hall', 'Lebanese', '520-870-8302', 'wthandi1q@baidu.com', 13);
insert into Vendor (VendorID, VendorName, VendorType, CuisineType, phone, email, EmployeeID) values (64, 'Ernser-Feest', 'Restaurant', 'Malaysian', '819-243-3953', 'brosgen1r@arstechnica.com', 20);
insert into Vendor (VendorID, VendorName, VendorType, CuisineType, phone, email, EmployeeID) values (65, 'Carroll-Wehner', 'Dining Hall', 'Ethiopian', '309-789-9791', 'tfeirn1s@people.com.cn', 8);
insert into Vendor (VendorID, VendorName, VendorType, CuisineType, phone, email, EmployeeID) values (66, 'Wilderman Group', 'Restaurant', 'Thai', '202-160-8228', 'ipedrol1t@theglobeandmail.com', 30);
insert into Vendor (VendorID, VendorName, VendorType, CuisineType, phone, email, EmployeeID) values (67, 'O''Conner LLC', 'Restaurant', 'Spanish', '941-126-0777', 'bmckaile1u@psu.edu', 14);
insert into Vendor (VendorID, VendorName, VendorType, CuisineType, phone, email, EmployeeID) values (68, 'Beatty Group', 'Restaurant', 'Jamaican', '777-582-0731', 'idoddrell1v@google.de', 1);
insert into Vendor (VendorID, VendorName, VendorType, CuisineType, phone, email, EmployeeID) values (69, 'Borer, Schultz and Hauck', 'Restaurant', 'Chinese', '503-367-1494', 'dcordon1w@prweb.com', 27);
insert into Vendor (VendorID, VendorName, VendorType, CuisineType, phone, email, EmployeeID) values (70, 'Keebler, Kutch and Hodkiewicz', 'Dining Hall', 'Peruvian', '128-657-1489', 'sgrint1x@wikispaces.com', 28);

insert into Menu (MenuID, VendorID, Name) values (1, 49, 'Breakfast');
insert into Menu (MenuID, VendorID, Name) values (2, 27, 'Brunch');
insert into Menu (MenuID, VendorID, Name) values (3, 66, 'Desert');
insert into Menu (MenuID, VendorID, Name) values (4, 61, 'Desert');
insert into Menu (MenuID, VendorID, Name) values (5, 46, 'Lunch');
insert into Menu (MenuID, VendorID, Name) values (6, 36, 'Breakfast');
insert into Menu (MenuID, VendorID, Name) values (7, 26, 'Desert');
insert into Menu (MenuID, VendorID, Name) values (8, 49, 'Dinner');
insert into Menu (MenuID, VendorID, Name) values (9, 35, 'Breakfast');
insert into Menu (MenuID, VendorID, Name) values (10, 22, 'Dinner');
insert into Menu (MenuID, VendorID, Name) values (11, 45, 'Breakfast');
insert into Menu (MenuID, VendorID, Name) values (12, 5, 'Dinner');
insert into Menu (MenuID, VendorID, Name) values (13, 64, 'Lunch');
insert into Menu (MenuID, VendorID, Name) values (14, 66, 'Lunch');
insert into Menu (MenuID, VendorID, Name) values (15, 35, 'Breakfast');
insert into Menu (MenuID, VendorID, Name) values (16, 61, 'Desert');
insert into Menu (MenuID, VendorID, Name) values (17, 37, 'Lunch');
insert into Menu (MenuID, VendorID, Name) values (18, 34, 'Desert');
insert into Menu (MenuID, VendorID, Name) values (19, 31, 'Brunch');
insert into Menu (MenuID, VendorID, Name) values (20, 51, 'Breakfast');
insert into Menu (MenuID, VendorID, Name) values (21, 32, 'Breakfast');
insert into Menu (MenuID, VendorID, Name) values (22, 45, 'Dinner');
insert into Menu (MenuID, VendorID, Name) values (23, 55, 'Desert');
insert into Menu (MenuID, VendorID, Name) values (24, 63, 'Dinner');
insert into Menu (MenuID, VendorID, Name) values (25, 11, 'Breakfast');
insert into Menu (MenuID, VendorID, Name) values (26, 67, 'Desert');
insert into Menu (MenuID, VendorID, Name) values (27, 51, 'Desert');
insert into Menu (MenuID, VendorID, Name) values (28, 17, 'Dinner');
insert into Menu (MenuID, VendorID, Name) values (29, 33, 'Dinner');
insert into Menu (MenuID, VendorID, Name) values (30, 21, 'Lunch');
insert into Menu (MenuID, VendorID, Name) values (31, 60, 'Desert');
insert into Menu (MenuID, VendorID, Name) values (32, 13, 'Lunch');
insert into Menu (MenuID, VendorID, Name) values (33, 37, 'Breakfast');
insert into Menu (MenuID, VendorID, Name) values (34, 24, 'Brunch');
insert into Menu (MenuID, VendorID, Name) values (35, 56, 'Brunch');
insert into Menu (MenuID, VendorID, Name) values (36, 63, 'Lunch');
insert into Menu (MenuID, VendorID, Name) values (37, 10, 'Desert');
insert into Menu (MenuID, VendorID, Name) values (38, 36, 'Lunch');
insert into Menu (MenuID, VendorID, Name) values (39, 30, 'Brunch');
insert into Menu (MenuID, VendorID, Name) values (40, 49, 'Breakfast');
insert into Menu (MenuID, VendorID, Name) values (41, 66, 'Dinner');
insert into Menu (MenuID, VendorID, Name) values (42, 68, 'Desert');
insert into Menu (MenuID, VendorID, Name) values (43, 4, 'Lunch');
insert into Menu (MenuID, VendorID, Name) values (44, 6, 'Desert');
insert into Menu (MenuID, VendorID, Name) values (45, 40, 'Brunch');
insert into Menu (MenuID, VendorID, Name) values (46, 46, 'Brunch');
insert into Menu (MenuID, VendorID, Name) values (47, 31, 'Dinner');
insert into Menu (MenuID, VendorID, Name) values (48, 56, 'Dinner');
insert into Menu (MenuID, VendorID, Name) values (49, 65, 'Lunch');
insert into Menu (MenuID, VendorID, Name) values (50, 70, 'Dinner');
insert into Menu (MenuID, VendorID, Name) values (51, 49, 'Brunch');
insert into Menu (MenuID, VendorID, Name) values (52, 33, 'Dinner');
insert into Menu (MenuID, VendorID, Name) values (53, 9, 'Desert');
insert into Menu (MenuID, VendorID, Name) values (54, 60, 'Dinner');
insert into Menu (MenuID, VendorID, Name) values (55, 46, 'Dinner');
insert into Menu (MenuID, VendorID, Name) values (56, 38, 'Breakfast');
insert into Menu (MenuID, VendorID, Name) values (57, 66, 'Breakfast');
insert into Menu (MenuID, VendorID, Name) values (58, 40, 'Breakfast');
insert into Menu (MenuID, VendorID, Name) values (59, 47, 'Breakfast');
insert into Menu (MenuID, VendorID, Name) values (60, 43, 'Breakfast');
insert into Menu (MenuID, VendorID, Name) values (61, 7, 'Dinner');
insert into Menu (MenuID, VendorID, Name) values (62, 13, 'Breakfast');
insert into Menu (MenuID, VendorID, Name) values (63, 44, 'Dinner');
insert into Menu (MenuID, VendorID, Name) values (64, 20, 'Breakfast');
insert into Menu (MenuID, VendorID, Name) values (65, 10, 'Desert');
insert into Menu (MenuID, VendorID, Name) values (66, 22, 'Brunch');
insert into Menu (MenuID, VendorID, Name) values (67, 22, 'Desert');
insert into Menu (MenuID, VendorID, Name) values (68, 43, 'Brunch');
insert into Menu (MenuID, VendorID, Name) values (69, 38, 'Lunch');
insert into Menu (MenuID, VendorID, Name) values (70, 25, 'Breakfast');
insert into Menu (MenuID, VendorID, Name) values (71, 40, 'Dinner');
insert into Menu (MenuID, VendorID, Name) values (72, 23, 'Desert');
insert into Menu (MenuID, VendorID, Name) values (73, 56, 'Desert');
insert into Menu (MenuID, VendorID, Name) values (74, 49, 'Desert');
insert into Menu (MenuID, VendorID, Name) values (75, 4, 'Brunch');
insert into Menu (MenuID, VendorID, Name) values (76, 52, 'Lunch');
insert into Menu (MenuID, VendorID, Name) values (77, 39, 'Lunch');
insert into Menu (MenuID, VendorID, Name) values (78, 43, 'Desert');
insert into Menu (MenuID, VendorID, Name) values (79, 17, 'Breakfast');
insert into Menu (MenuID, VendorID, Name) values (80, 27, 'Breakfast');
insert into Menu (MenuID, VendorID, Name) values (81, 23, 'Lunch');
insert into Menu (MenuID, VendorID, Name) values (82, 19, 'Dinner');
insert into Menu (MenuID, VendorID, Name) values (83, 21, 'Brunch');
insert into Menu (MenuID, VendorID, Name) values (84, 39, 'Desert');
insert into Menu (MenuID, VendorID, Name) values (85, 61, 'Lunch');
insert into Menu (MenuID, VendorID, Name) values (86, 64, 'Dinner');
insert into Menu (MenuID, VendorID, Name) values (87, 66, 'Dinner');
insert into Menu (MenuID, VendorID, Name) values (88, 39, 'Desert');
insert into Menu (MenuID, VendorID, Name) values (89, 6, 'Dinner');
insert into Menu (MenuID, VendorID, Name) values (90, 46, 'Desert');
insert into Menu (MenuID, VendorID, Name) values (91, 20, 'Breakfast');
insert into Menu (MenuID, VendorID, Name) values (92, 27, 'Breakfast');
insert into Menu (MenuID, VendorID, Name) values (93, 63, 'Breakfast');
insert into Menu (MenuID, VendorID, Name) values (94, 33, 'Breakfast');
insert into Menu (MenuID, VendorID, Name) values (95, 25, 'Breakfast');
insert into Menu (MenuID, VendorID, Name) values (96, 6, 'Dinner');
insert into Menu (MenuID, VendorID, Name) values (97, 42, 'Dinner');
insert into Menu (MenuID, VendorID, Name) values (98, 56, 'Lunch');
insert into Menu (MenuID, VendorID, Name) values (99, 9, 'Desert');
insert into Menu (MenuID, VendorID, Name) values (100, 4, 'Breakfast');
insert into Menu (MenuID, VendorID, Name) values (101, 70, 'Desert');
insert into Menu (MenuID, VendorID, Name) values (102, 23, 'Brunch');
insert into Menu (MenuID, VendorID, Name) values (103, 64, 'Lunch');
insert into Menu (MenuID, VendorID, Name) values (104, 50, 'Desert');
insert into Menu (MenuID, VendorID, Name) values (105, 54, 'Lunch');
insert into Menu (MenuID, VendorID, Name) values (106, 29, 'Desert');
insert into Menu (MenuID, VendorID, Name) values (107, 57, 'Dinner');
insert into Menu (MenuID, VendorID, Name) values (108, 24, 'Breakfast');
insert into Menu (MenuID, VendorID, Name) values (109, 52, 'Brunch');
insert into Menu (MenuID, VendorID, Name) values (110, 70, 'Dinner');
insert into Menu (MenuID, VendorID, Name) values (111, 38, 'Desert');
insert into Menu (MenuID, VendorID, Name) values (112, 55, 'Breakfast');
insert into Menu (MenuID, VendorID, Name) values (113, 41, 'Lunch');
insert into Menu (MenuID, VendorID, Name) values (114, 5, 'Brunch');
insert into Menu (MenuID, VendorID, Name) values (115, 65, 'Desert');
insert into Menu (MenuID, VendorID, Name) values (116, 10, 'Lunch');
insert into Menu (MenuID, VendorID, Name) values (117, 15, 'Lunch');
insert into Menu (MenuID, VendorID, Name) values (118, 25, 'Lunch');
insert into Menu (MenuID, VendorID, Name) values (119, 31, 'Brunch');
insert into Menu (MenuID, VendorID, Name) values (120, 13, 'Desert');
insert into Menu (MenuID, VendorID, Name) values (121, 8, 'Lunch');
insert into Menu (MenuID, VendorID, Name) values (122, 17, 'Lunch');
insert into Menu (MenuID, VendorID, Name) values (123, 28, 'Dinner');
insert into Menu (MenuID, VendorID, Name) values (124, 60, 'Desert');
insert into Menu (MenuID, VendorID, Name) values (125, 37, 'Breakfast');
insert into Menu (MenuID, VendorID, Name) values (126, 10, 'Dinner');
insert into Menu (MenuID, VendorID, Name) values (127, 24, 'Desert');
insert into Menu (MenuID, VendorID, Name) values (128, 4, 'Brunch');
insert into Menu (MenuID, VendorID, Name) values (129, 48, 'Breakfast');
insert into Menu (MenuID, VendorID, Name) values (130, 69, 'Dinner');
insert into Menu (MenuID, VendorID, Name) values (131, 13, 'Breakfast');
insert into Menu (MenuID, VendorID, Name) values (132, 12, 'Desert');
insert into Menu (MenuID, VendorID, Name) values (133, 11, 'Breakfast');
insert into Menu (MenuID, VendorID, Name) values (134, 66, 'Dinner');
insert into Menu (MenuID, VendorID, Name) values (135, 23, 'Brunch');
insert into Menu (MenuID, VendorID, Name) values (136, 48, 'Desert');
insert into Menu (MenuID, VendorID, Name) values (137, 16, 'Breakfast');
insert into Menu (MenuID, VendorID, Name) values (138, 45, 'Lunch');
insert into Menu (MenuID, VendorID, Name) values (139, 36, 'Desert');
insert into Menu (MenuID, VendorID, Name) values (140, 55, 'Lunch');
insert into Menu (MenuID, VendorID, Name) values (141, 20, 'Lunch');
insert into Menu (MenuID, VendorID, Name) values (142, 64, 'Desert');
insert into Menu (MenuID, VendorID, Name) values (143, 34, 'Breakfast');
insert into Menu (MenuID, VendorID, Name) values (144, 18, 'Brunch');
insert into Menu (MenuID, VendorID, Name) values (145, 38, 'Dinner');
insert into Menu (MenuID, VendorID, Name) values (146, 42, 'Desert');
insert into Menu (MenuID, VendorID, Name) values (147, 52, 'Breakfast');
insert into Menu (MenuID, VendorID, Name) values (148, 61, 'Breakfast');
insert into Menu (MenuID, VendorID, Name) values (149, 23, 'Lunch');
insert into Menu (MenuID, VendorID, Name) values (150, 59, 'Desert');
insert into Menu (MenuID, VendorID, Name) values (151, 41, 'Dinner');
insert into Menu (MenuID, VendorID, Name) values (152, 34, 'Desert');
insert into Menu (MenuID, VendorID, Name) values (153, 70, 'Brunch');
insert into Menu (MenuID, VendorID, Name) values (154, 28, 'Breakfast');
insert into Menu (MenuID, VendorID, Name) values (155, 31, 'Lunch');
insert into Menu (MenuID, VendorID, Name) values (156, 25, 'Dinner');
insert into Menu (MenuID, VendorID, Name) values (157, 44, 'Desert');
insert into Menu (MenuID, VendorID, Name) values (158, 42, 'Lunch');
insert into Menu (MenuID, VendorID, Name) values (159, 8, 'Dinner');
insert into Menu (MenuID, VendorID, Name) values (160, 60, 'Desert');
insert into Menu (MenuID, VendorID, Name) values (161, 36, 'Lunch');
insert into Menu (MenuID, VendorID, Name) values (162, 61, 'Lunch');
insert into Menu (MenuID, VendorID, Name) values (163, 31, 'Lunch');
insert into Menu (MenuID, VendorID, Name) values (164, 24, 'Lunch');
insert into Menu (MenuID, VendorID, Name) values (165, 51, 'Brunch');
insert into Menu (MenuID, VendorID, Name) values (166, 41, 'Dinner');
insert into Menu (MenuID, VendorID, Name) values (167, 36, 'Desert');
insert into Menu (MenuID, VendorID, Name) values (168, 70, 'Dinner');
insert into Menu (MenuID, VendorID, Name) values (169, 10, 'Desert');
insert into Menu (MenuID, VendorID, Name) values (170, 16, 'Desert');
insert into Menu (MenuID, VendorID, Name) values (171, 69, 'Brunch');
insert into Menu (MenuID, VendorID, Name) values (172, 31, 'Lunch');
insert into Menu (MenuID, VendorID, Name) values (173, 32, 'Breakfast');
insert into Menu (MenuID, VendorID, Name) values (174, 11, 'Dinner');
insert into Menu (MenuID, VendorID, Name) values (175, 62, 'Brunch');
insert into Menu (MenuID, VendorID, Name) values (176, 9, 'Breakfast');
insert into Menu (MenuID, VendorID, Name) values (177, 50, 'Dinner');
insert into Menu (MenuID, VendorID, Name) values (178, 33, 'Desert');
insert into Menu (MenuID, VendorID, Name) values (179, 2, 'Breakfast');
insert into Menu (MenuID, VendorID, Name) values (180, 64, 'Dinner');
insert into Menu (MenuID, VendorID, Name) values (181, 3, 'Brunch');
insert into Menu (MenuID, VendorID, Name) values (182, 14, 'Lunch');
insert into Menu (MenuID, VendorID, Name) values (183, 5, 'Brunch');
insert into Menu (MenuID, VendorID, Name) values (184, 21, 'Dinner');
insert into Menu (MenuID, VendorID, Name) values (185, 69, 'Breakfast');
insert into Menu (MenuID, VendorID, Name) values (186, 11, 'Breakfast');
insert into Menu (MenuID, VendorID, Name) values (187, 41, 'Dinner');
insert into Menu (MenuID, VendorID, Name) values (188, 65, 'Brunch');
insert into Menu (MenuID, VendorID, Name) values (189, 43, 'Dinner');
insert into Menu (MenuID, VendorID, Name) values (190, 69, 'Brunch');
insert into Menu (MenuID, VendorID, Name) values (191, 21, 'Brunch');
insert into Menu (MenuID, VendorID, Name) values (192, 53, 'Dinner');
insert into Menu (MenuID, VendorID, Name) values (193, 35, 'Lunch');
insert into Menu (MenuID, VendorID, Name) values (194, 3, 'Dinner');
insert into Menu (MenuID, VendorID, Name) values (195, 59, 'Desert');
insert into Menu (MenuID, VendorID, Name) values (196, 38, 'Dinner');
insert into Menu (MenuID, VendorID, Name) values (197, 61, 'Brunch');
insert into Menu (MenuID, VendorID, Name) values (198, 1, 'Desert');
insert into Menu (MenuID, VendorID, Name) values (199, 46, 'Breakfast');
insert into Menu (MenuID, VendorID, Name) values (200, 14, 'Brunch');


insert into MenuItems (Name, Availability , Price, AllergenInformation, Description, MenuID, Ingredients) values ('Fruits', true, 118.63, 'no allergies', 'French bacon and egg', '125', 'salt');
insert into MenuItems (Name, Availability , Price, AllergenInformation, Description, MenuID, Ingredients) values ('Baklava', false, 202.22, 'vegan', 'Italian grilled T-bone steak', 161, 'flour');
insert into MenuItems (Name, Availability , Price, AllergenInformation, Description, MenuID, Ingredients) values ('Rice', true, 182.24, 'vegan', 'Ethiopian minced meat delicacy', 11, 'cocoa powder');
insert into MenuItems (Name, Availability , Price, AllergenInformation, Description, MenuID, Ingredients) values ('Wine', true, 25.98, 'no allergies', 'Thai spicy noodle stir-fry', 45, 'vanilla extract');
insert into MenuItems (Name, Availability , Price, AllergenInformation, Description, MenuID, Ingredients) values ('Calamari', false, 51.64, 'no allergies', 'Middle Eastern meat wrap', 110, 'flour');
insert into MenuItems (Name, Availability , Price, AllergenInformation, Description, MenuID, Ingredients) values ('Nachos', false, 170.75, 'diary', 'Argentine herb-infused steak', 171, 'salt');
insert into MenuItems (Name, Availability , Price, AllergenInformation, Description, MenuID, Ingredients) values ('Sushi', false, 187.73, 'vegetarian', 'Middle Eastern spiced chicken', 88, 'butter');
insert into MenuItems (Name, Availability , Price, AllergenInformation, Description, MenuID, Ingredients) values ('Garden Salad', false, 40.04, 'diary', 'Mediterranean chickpea delight', 153, 'vanilla extract');
insert into MenuItems (Name, Availability , Price, AllergenInformation, Description, MenuID, Ingredients) values ('Tiramisu', true, 196.91, 'vegan', 'Thai hot and sour', 26, 'chocolate chips');
insert into MenuItems (Name, Availability , Price, AllergenInformation, Description, MenuID, Ingredients) values ('Ramen', true, 223.74, 'gluten free', 'South American herb-infused delight', 31, 'cocoa powder');
insert into MenuItems (Name, Availability , Price, AllergenInformation, Description, MenuID, Ingredients) values ('Martini', true, 84.02, 'no allergies', 'Italian creamy rice dish', 133, 'cocoa powder');
insert into MenuItems (Name, Availability , Price, AllergenInformation, Description, MenuID, Ingredients) values ('Pancakes', true, 53.3, 'nuts', 'Indian spiced potatoes', 66, 'butter');
insert into MenuItems (Name, Availability , Price, AllergenInformation, Description, MenuID, Ingredients) values ('Gin', false, 233.27, 'vegan', 'Vietnamese noodle soup classic', 10, 'flour');
insert into MenuItems (Name, Availability , Price, AllergenInformation, Description, MenuID, Ingredients) values ('Vegetables', true, 100.68, 'no allergies', 'Colorful peppers filled deliciously', 116, 'eggs');
insert into MenuItems (Name, Availability , Price, AllergenInformation, Description, MenuID, Ingredients) values ('Muffin', true, 53.87, 'gluten free', 'Spanish saffron-infused rice', 30, 'chocolate chips');
insert into MenuItems (Name, Availability , Price, AllergenInformation, Description, MenuID, Ingredients) values ('Veal', true, 221.51, 'nuts', 'Mediterranean appetizer assortment', 53, 'milk');
insert into MenuItems (Name, Availability , Price, AllergenInformation, Description, MenuID, Ingredients) values ('Chips', false, 93.41, 'vegan', 'Buttery French pastry delight', 22, 'butter');
insert into MenuItems (Name, Availability , Price, AllergenInformation, Description, MenuID, Ingredients) values ('Fish and Chips', false, 99.75, 'nuts', 'Italian grilled T-bone steak', 183, 'salt');
insert into MenuItems (Name, Availability , Price, AllergenInformation, Description, MenuID, Ingredients) values ('Lasagna', false, 28.48, 'vegan', 'Chilled Spanish tomato soup', 17, 'flour');
insert into MenuItems (Name, Availability , Price, AllergenInformation, Description, MenuID, Ingredients) values ('Bagel', true, 211, 'gluten free', 'Brazilian chocolate truffles', 182, 'chocolate chips');
insert into MenuItems (Name, Availability , Price, AllergenInformation, Description, MenuID, Ingredients) values ('Mojito', false, 139.36, 'nuts', 'Italian coffee-flavored pancakes', 14, 'cocoa powder');
insert into MenuItems (Name, Availability , Price, AllergenInformation, Description, MenuID, Ingredients) values ('Pad Thai', false, 98.83, 'no allergies', 'Filipino soy-vinegar chicken', 22, 'sugar');
insert into MenuItems (Name, Availability , Price, AllergenInformation, Description, MenuID, Ingredients) values ('Duck', false, 159.91, 'nuts', 'Italian braised veal', 61, 'eggs');
insert into MenuItems (Name, Availability , Price, AllergenInformation, Description, MenuID, Ingredients) values ('Oyster', true, 88.19, 'vegan', 'Eastern European stuffed delight', 28, 'salt');
insert into MenuItems (Name, Availability , Price, AllergenInformation, Description, MenuID, Ingredients) values ('Cocktail', true, 4.89, 'vegan', 'Japanese breaded cutlet', 174, 'chocolate chips');
insert into MenuItems (Name, Availability , Price, AllergenInformation, Description, MenuID, Ingredients) values ('Brownie', true, 18.72, 'vegan', 'Mexican chocolate-infused sauce', 95, 'butter');
insert into MenuItems (Name, Availability , Price, AllergenInformation, Description, MenuID, Ingredients) values ('Salsa', false, 21.99, 'vegan', 'Japanese pan-fried dumplings', 169, 'milk');
insert into MenuItems (Name, Availability , Price, AllergenInformation, Description, MenuID, Ingredients) values ('Waffles', false, 215.15, 'gluten free', 'Malaysian spicy tofu soup', 111, 'baking powder');
insert into MenuItems (Name, Availability , Price, AllergenInformation, Description, MenuID, Ingredients) values ('Fried Chicken', false, 46.82, 'diary', 'Southern U.S. stew delight', 131, 'baking powder');
insert into MenuItems (Name, Availability , Price, AllergenInformation, Description, MenuID, Ingredients) values ('Guacamole', true, 115.69, 'vegetarian', 'Korean spicy rice dish', 137, 'eggs');
insert into MenuItems (Name, Availability , Price, AllergenInformation, Description, MenuID, Ingredients) values ('Soda', true, 218.07, 'diary', 'Lebanese chickpea goodness', 10, 'milk');
insert into MenuItems (Name, Availability , Price, AllergenInformation, Description, MenuID, Ingredients) values ('Pork', true, 1.5, 'vegan', 'Mexican citrus-marinated delight', 192, 'baking powder');
insert into MenuItems (Name, Availability , Price, AllergenInformation, Description, MenuID, Ingredients) values ('Yogurt', true, 5.21, 'diary', 'Japanese seared tuna', 171, 'salt');
insert into MenuItems (Name, Availability , Price, AllergenInformation, Description, MenuID, Ingredients) values ('Whiskey', true, 138.69, 'gluten free', 'Swedish pickled herring assortment', 151, 'sugar');
insert into MenuItems (Name, Availability , Price, AllergenInformation, Description, MenuID, Ingredients) values ('Shrimp', false, 20.57, 'no allergies', 'Indian spiced rice delight', 130, 'salt');
insert into MenuItems (Name, Availability , Price, AllergenInformation, Description, MenuID, Ingredients) values ('Curry', true, 4.26, 'gluten free', 'Malaysian stir-fried noodles', 34, 'chocolate chips');
insert into MenuItems (Name, Availability , Price, AllergenInformation, Description, MenuID, Ingredients) values ('Tuna Salad', true, 30.28, 'diary', 'Indian creamy nut curry', 170, 'eggs');
insert into MenuItems (Name, Availability , Price, AllergenInformation, Description, MenuID, Ingredients) values ('Omelette', false, 128.96, 'vegan', 'Mexican Veracruz-style fish', 17, 'flour');
insert into MenuItems (Name, Availability , Price, AllergenInformation, Description, MenuID, Ingredients) values ('Cheeseburger', false, 26.26, 'gluten free', 'Indian-flavored pizza delight', 185, 'eggs');
insert into MenuItems (Name, Availability , Price, AllergenInformation, Description, MenuID, Ingredients) values ('Croissant', false, 118.65, 'diary', 'Korean mixed tofu rice', 15, 'salt');
insert into MenuItems (Name, Availability , Price, AllergenInformation, Description, MenuID, Ingredients) values ('Vodka', true, 59.58, 'gluten free', 'Indian spinach with cheese', 187, 'flour');
insert into MenuItems (Name, Availability , Price, AllergenInformation, Description, MenuID, Ingredients) values ('Crab', false, 199.21, 'no allergies', 'Peruvian stir-fry fusion', 17, 'salt');
insert into MenuItems (Name, Availability , Price, AllergenInformation, Description, MenuID, Ingredients) values ('Ice Cream', false, 18.27, 'diary', 'Italian tomato-mozzarella bliss', 20, 'salt');
insert into MenuItems (Name, Availability , Price, AllergenInformation, Description, MenuID, Ingredients) values ('Champagne', false, 23.62, 'vegan', 'Greek spinach pie perfection', 150, 'flour');
insert into MenuItems (Name, Availability , Price, AllergenInformation, Description, MenuID, Ingredients) values ('Cake', true, 225.55, 'diary', 'American classic salad delight', 178, 'butter');
insert into MenuItems (Name, Availability , Price, AllergenInformation, Description, MenuID, Ingredients) values ('Turkey', true, 149.57, 'gluten free', 'Thai herb-infused curry', 65, 'eggs');
insert into MenuItems (Name, Availability , Price, AllergenInformation, Description, MenuID, Ingredients) values ('Mussels', false, 45.34, 'nuts', 'Jamaican spicy grilled chicken', 66, 'eggs');
insert into MenuItems (Name, Availability , Price, AllergenInformation, Description, MenuID, Ingredients) values ('Donut', false, 40.03, 'diary', 'Malaysian coconut rice dish', 31, 'milk');
insert into MenuItems (Name, Availability , Price, AllergenInformation, Description, MenuID, Ingredients) values ('Cookie', false, 67.18, 'gluten free', 'Italian grilled T-bone steak', 73, 'chocolate chips');
insert into MenuItems (Name, Availability , Price, AllergenInformation, Description, MenuID, Ingredients) values ('Lobster', true, 88.09, 'vegetarian', 'French vegetable medley dish', 85, 'butter');
insert into MenuItems (Name, Availability , Price, AllergenInformation, Description, MenuID, Ingredients) values ('Margarita', true, 198.66, 'vegan', 'Jamaican fried fish delight', 18, 'baking powder');
insert into MenuItems (Name, Availability , Price, AllergenInformation, Description, MenuID, Ingredients) values ('Enchiladas', false, 240.77, 'diary', 'Thai coconut chicken soup', 86, 'salt');
insert into MenuItems (Name, Availability , Price, AllergenInformation, Description, MenuID, Ingredients) values ('Taco', true, 41.69, 'gluten free', 'Savory Nordic comfort bites', 14, 'vanilla extract');
insert into MenuItems (Name, Availability , Price, AllergenInformation, Description, MenuID, Ingredients) values ('Doughnut', false, 133.62, 'vegetarian', 'Mediterranean eggplant dip', 36, 'salt');
insert into MenuItems (Name, Availability , Price, AllergenInformation, Description, MenuID, Ingredients) values ('Club Sandwich', true, 177.55, 'nuts', 'Mexican chocolate-infused sauce', 187, 'vanilla extract');
insert into MenuItems (Name, Availability , Price, AllergenInformation, Description, MenuID, Ingredients) values ('Coffee', false, 174.54, 'diary', 'Japanese noodle soup comfort', 120, 'vanilla extract');
insert into MenuItems (Name, Availability , Price, AllergenInformation, Description, MenuID, Ingredients) values ('Beef', false, 132.06, 'diary', 'Indian spiced lentils', 53, 'chocolate chips');
insert into MenuItems (Name, Availability , Price, AllergenInformation, Description, MenuID, Ingredients) values ('Burrito', false, 44.3, 'vegan', 'Colorful peppers filled deliciously', 69, 'vanilla extract');
insert into MenuItems (Name, Availability , Price, AllergenInformation, Description, MenuID, Ingredients) values ('Noodles', true, 1.54, 'gluten free', 'Spicy coconut noodle soup', 58, 'chocolate chips');
insert into MenuItems (Name, Availability , Price, AllergenInformation, Description, MenuID, Ingredients) values ('Lemonade', false, 112.1, 'vegetarian', 'West African rice delight', 195, 'vanilla extract');
insert into MenuItems (Name, Availability , Price, AllergenInformation, Description, MenuID, Ingredients) values ('Cheesecake', true, 217.41, 'vegan', 'Chinese spicy stir-fry', 133, 'salt');
insert into MenuItems (Name, Availability , Price, AllergenInformation, Description, MenuID, Ingredients) values ('Lamb', false, 108.86, 'nuts', 'Greek spiced meat wrap', 35, 'butter');
insert into MenuItems (Name, Availability , Price, AllergenInformation, Description, MenuID, Ingredients) values ('Fish', true, 195.6, 'gluten free', 'French snails in garlic', 135, 'sugar');
insert into MenuItems (Name, Availability , Price, AllergenInformation, Description, MenuID, Ingredients) values ('Hamburger', false, 6.07, 'vegetarian', 'Tangy Thai noodle stir-fry', 93, 'vanilla extract');
insert into MenuItems (Name, Availability , Price, AllergenInformation, Description, MenuID, Ingredients) values ('Quesadilla', false, 168.93, 'no allergies', 'Malaysian spicy tofu soup', 120, 'salt');
insert into MenuItems (Name, Availability , Price, AllergenInformation, Description, MenuID, Ingredients) values ('Tea', true, 2.25, 'vegetarian', 'Australian fish with nutty twist', 128, 'eggs');
insert into MenuItems (Name, Availability , Price, AllergenInformation, Description, MenuID, Ingredients) values ('Cannoli', false, 29.99, 'no allergies', 'French silky liver spread', 115, 'chocolate chips');
insert into MenuItems (Name, Availability , Price, AllergenInformation, Description, MenuID, Ingredients) values ('Water', false, 198.21, 'nuts', 'Greek spiced meat wrap', 28, 'eggs');
insert into MenuItems (Name, Availability , Price, AllergenInformation, Description, MenuID, Ingredients) values ('Hummus', false, 109.53, 'no allergies', 'Mexican rolled tortillas delight', 164, 'chocolate chips');
insert into MenuItems (Name, Availability , Price, AllergenInformation, Description, MenuID, Ingredients) values ('Steak', true, 113.87, 'no allergies', 'Fresh', 40, 'sugar');
insert into MenuItems (Name, Availability , Price, AllergenInformation, Description, MenuID, Ingredients) values ('Rum', true, 248.03, 'gluten free', 'Lebanese stuffed pastry', 10, 'milk');
insert into MenuItems (Name, Availability , Price, AllergenInformation, Description, MenuID, Ingredients) values ('Caesar Salad', false, 122.85, 'gluten free', 'Korean glass noodle stir-fry', 93, 'baking powder');
insert into MenuItems (Name, Availability , Price, AllergenInformation, Description, MenuID, Ingredients) values ('Soup', false, 69.25, 'gluten free', 'Indian spinach with cheese', 1, 'milk');
insert into MenuItems (Name, Availability , Price, AllergenInformation, Description, MenuID, Ingredients) values ('Clam', false, 41.85, 'gluten free', 'Brazilian black bean stew', 98, 'cocoa powder');
insert into MenuItems (Name, Availability , Price, AllergenInformation, Description, MenuID, Ingredients) values ('Scallop', false, 96.25, 'vegan', 'Mexican stuffed peppers', 173, 'salt');
insert into MenuItems (Name, Availability , Price, AllergenInformation, Description, MenuID, Ingredients) values ('Fries', true, 180.67, 'vegetarian', 'French bacon and egg', 129, 'chocolate chips');
insert into MenuItems (Name, Availability , Price, AllergenInformation, Description, MenuID, Ingredients) values ('Pho', true, 53.55, 'nuts', 'Thai minced chicken salad', 13, 'baking powder');
insert into MenuItems (Name, Availability , Price, AllergenInformation, Description, MenuID, Ingredients) values ('Pizza', false, 113.13, 'gluten free', 'Greek grilled chicken skewers', 60, 'butter');
insert into MenuItems (Name, Availability , Price, AllergenInformation, Description, MenuID, Ingredients) values ('Milkshake', false, 58.68, 'gluten free', 'Moroccan sweet chicken pastry', 125, 'salt');
insert into MenuItems (Name, Availability , Price, AllergenInformation, Description, MenuID, Ingredients) values ('Smoothie', false, 153.15, 'no allergies', 'Colorful peppers filled deliciously', 67, 'salt');

insert into `Order` (OrderID, TotalSale, VendorID, DeliveryDate, CustomerID, DeliveryPersonID) values (1, 468.62, 20, '2023-11-17 00:00:02', 28, 56);
insert into `Order` (OrderID, TotalSale, VendorID, DeliveryDate, CustomerID, DeliveryPersonID) values (2, 550.11, 38, '2023-02-28 04:01:00', 53, 24);
insert into `Order` (OrderID, TotalSale, VendorID, DeliveryDate, CustomerID, DeliveryPersonID) values (3, 104.45, 57, '2023-08-08 00:00:00', 98, 29);
insert into `Order` (OrderID, TotalSale, VendorID, DeliveryDate, CustomerID, DeliveryPersonID) values (4, 917.34, 40, '2023-10-07 00:00:00', 61, 49);
insert into `Order` (OrderID, TotalSale, VendorID, DeliveryDate, CustomerID, DeliveryPersonID) values (5, 535.42, 54, '2023-02-09 00:00:00', 2, 14);
insert into `Order` (OrderID, TotalSale, VendorID, DeliveryDate, CustomerID, DeliveryPersonID) values (6, 999.82, 57, '2024-09-01 00:01:01', 70, 17);
insert into `Order` (OrderID, TotalSale, VendorID, DeliveryDate, CustomerID, DeliveryPersonID) values (7, 961.09, 11, '2023-03-28 01:01:00', 26, 55);
insert into `Order` (OrderID, TotalSale, VendorID, DeliveryDate, CustomerID, DeliveryPersonID) values (8, 676.15, 41, '2023-01-10 00:00:00', 82, 9);
insert into `Order` (OrderID, TotalSale, VendorID, DeliveryDate, CustomerID, DeliveryPersonID) values (9, 794.92, 56, '2023-03-09 04:00:00', 33, 46);
insert into `Order` (OrderID, TotalSale, VendorID, DeliveryDate, CustomerID, DeliveryPersonID) values (10, 490.81, 41, '2022-12-18 00:00:04', 7, 7);
insert into `Order` (OrderID, TotalSale, VendorID, DeliveryDate, CustomerID, DeliveryPersonID) values (11, 917.67, 24, '2024-01-01 02:00:00', 39, 19);
insert into `Order` (OrderID, TotalSale, VendorID, DeliveryDate, CustomerID, DeliveryPersonID) values (12, 478.04, 42, '2023-11-16 00:00:00', 21, 41);
insert into `Order` (OrderID, TotalSale, VendorID, DeliveryDate, CustomerID, DeliveryPersonID) values (13, 835.38, 40, '2023-01-28 04:00:01', 18, 24);
insert into `Order` (OrderID, TotalSale, VendorID, DeliveryDate, CustomerID, DeliveryPersonID) values (14, 228.43, 54, '2023-02-06 00:00:00', 69, 23);
insert into `Order` (OrderID, TotalSale, VendorID, DeliveryDate, CustomerID, DeliveryPersonID) values (15, 826.37, 7, '2023-11-06 00:00:00', 65, 16);
insert into `Order` (OrderID, TotalSale, VendorID, DeliveryDate, CustomerID, DeliveryPersonID) values (16, 767.94, 15, '2024-03-02 00:02:00', 87, 11);
insert into `Order` (OrderID, TotalSale, VendorID, DeliveryDate, CustomerID, DeliveryPersonID) values (17, 480.55, 67, '2023-08-05 00:00:00', 75, 25);
insert into `Order` (OrderID, TotalSale, VendorID, DeliveryDate, CustomerID, DeliveryPersonID) values (18, 26.26, 37, '2023-06-10 01:00:04', 65, 15);
insert into `Order` (OrderID, TotalSale, VendorID, DeliveryDate, CustomerID, DeliveryPersonID) values (19, 650.41, 43, '2023-08-05 00:00:00', 47, 22);
insert into `Order` (OrderID, TotalSale, VendorID, DeliveryDate, CustomerID, DeliveryPersonID) values (20, 218.52, 17, '2023-01-07 00:00:00', 38, 7);
insert into `Order` (OrderID, TotalSale, VendorID, DeliveryDate, CustomerID, DeliveryPersonID) values (21, 958.04, 20, '2023-08-05 00:00:00', 98, 58);
insert into `Order` (OrderID, TotalSale, VendorID, DeliveryDate, CustomerID, DeliveryPersonID) values (22, 818.83, 65, '2023-08-05 00:02:00', 47, 42);
insert into `Order` (OrderID, TotalSale, VendorID, DeliveryDate, CustomerID, DeliveryPersonID) values (23, 363.26, 23, '2024-10-02 04:00:00', 57, 51);
insert into `Order` (OrderID, TotalSale, VendorID, DeliveryDate, CustomerID, DeliveryPersonID) values (24, 891.84, 53, '2023-04-05 00:00:00', 6, 54);
insert into `Order` (OrderID, TotalSale, VendorID, DeliveryDate, CustomerID, DeliveryPersonID) values (25, 250.36, 22, '2023-05-12 00:04:01', 46, 24);
insert into `Order` (OrderID, TotalSale, VendorID, DeliveryDate, CustomerID, DeliveryPersonID) values (26, 845.34, 50, '2023-03-01 04:04:04', 24, 14);
insert into `Order` (OrderID, TotalSale, VendorID, DeliveryDate, CustomerID, DeliveryPersonID) values (27, 939.36, 33, '2022-06-12 04:04:00', 28, 36);
insert into `Order` (OrderID, TotalSale, VendorID, DeliveryDate, CustomerID, DeliveryPersonID) values (28, 319.05, 40, '2023-07-05 00:00:02', 26, 1);
insert into `Order` (OrderID, TotalSale, VendorID, DeliveryDate, CustomerID, DeliveryPersonID) values (29, 636.51, 48, '2023-10-06 00:00:00', 79, 54);
insert into `Order` (OrderID, TotalSale, VendorID, DeliveryDate, CustomerID, DeliveryPersonID) values (30, 208.87, 60, '2023-03-10 01:00:00', 38, 36);
insert into `Order` (OrderID, TotalSale, VendorID, DeliveryDate, CustomerID, DeliveryPersonID) values (31, 943.40, 43, '2023-02-09 00:00:04', 66, 52);
insert into `Order` (OrderID, TotalSale, VendorID, DeliveryDate, CustomerID, DeliveryPersonID) values (32, 766.44, 9, '2023-06-01 04:04:04', 37, 28);
insert into `Order` (OrderID, TotalSale, VendorID, DeliveryDate, CustomerID, DeliveryPersonID) values (33, 628.05, 62, '2023-11-01 04:04:04', 19, 5);
insert into `Order` (OrderID, TotalSale, VendorID, DeliveryDate, CustomerID, DeliveryPersonID) values (34, 739.67, 33, '2023-01-08 04:02:04', 43, 12);
insert into `Order` (OrderID, TotalSale, VendorID, DeliveryDate, CustomerID, DeliveryPersonID) values (35, 893.96, 20, '2023-06-02 04:04:00', 70, 9);
insert into `Order` (OrderID, TotalSale, VendorID, DeliveryDate, CustomerID, DeliveryPersonID) values (36, 478.73, 7, '2023-05-10 00:01:00', 62, 6);
insert into `Order` (OrderID, TotalSale, VendorID, DeliveryDate, CustomerID, DeliveryPersonID) values (37, 9.49, 66, '2023-06-08 00:00:00', 3, 42);
insert into `Order` (OrderID, TotalSale, VendorID, DeliveryDate, CustomerID, DeliveryPersonID) values (38, 897.95, 24, '2023-01-04 00:00:00', 69, 50);
insert into `Order` (OrderID, TotalSale, VendorID, DeliveryDate, CustomerID, DeliveryPersonID) values (39, 186.87, 58, '2023-08-01 00:00:00', 60, 37);
insert into `Order` (OrderID, TotalSale, VendorID, DeliveryDate, CustomerID, DeliveryPersonID) values (40, 464.27, 9, '2023-12-12 00:00:00', 7, 5);
insert into `Order` (OrderID, TotalSale, VendorID, DeliveryDate, CustomerID, DeliveryPersonID) values (41, 853.27, 26, '2023-01-04 00:00:04', 78, 15);
insert into `Order` (OrderID, TotalSale, VendorID, DeliveryDate, CustomerID, DeliveryPersonID) values (42, 704.43, 31, '2023-12-09 02:04:00', 4, 27);
insert into `Order` (OrderID, TotalSale, VendorID, DeliveryDate, CustomerID, DeliveryPersonID) values (43, 198.45, 52, '2023-07-04 00:00:00', 71, 38);
insert into `Order` (OrderID, TotalSale, VendorID, DeliveryDate, CustomerID, DeliveryPersonID) values (44, 704.76, 44, '2022-03-12 00:00:01', 36, 45);
insert into `Order` (OrderID, TotalSale, VendorID, DeliveryDate, CustomerID, DeliveryPersonID) values (45, 740.67, 67, '2023-09-12 00:00:04', 15, 5);
insert into `Order` (OrderID, TotalSale, VendorID, DeliveryDate, CustomerID, DeliveryPersonID) values (46, 143.96, 17, '2023-07-10 00:00:00', 42, 16);
insert into `Order` (OrderID, TotalSale, VendorID, DeliveryDate, CustomerID, DeliveryPersonID) values (47, 997.33, 42, '2023-05-06 00:00:00', 10, 2);
insert into `Order` (OrderID, TotalSale, VendorID, DeliveryDate, CustomerID, DeliveryPersonID) values (48, 300.22, 27, '2023-02-02 00:00:02', 22, 43);
insert into `Order` (OrderID, TotalSale, VendorID, DeliveryDate, CustomerID, DeliveryPersonID) values (49, 358.60, 5, '2023-09-04 00:04:00', 74, 60);
insert into `Order` (OrderID, TotalSale, VendorID, DeliveryDate, CustomerID, DeliveryPersonID) values (50, 858.54, 24, '2023-10-17 00:01:00', 72, 44);
insert into `Order` (OrderID, TotalSale, VendorID, DeliveryDate, CustomerID, DeliveryPersonID) values (51, 368.10, 43, '2023-06-09 00:00:00', 64, 4);
insert into `Order` (OrderID, TotalSale, VendorID, DeliveryDate, CustomerID, DeliveryPersonID) values (52, 463.74, 14, '2023-08-13 00:00:00', 54, 8);
insert into `Order` (OrderID, TotalSale, VendorID, DeliveryDate, CustomerID, DeliveryPersonID) values (53, 800.79, 56, '2023-03-07 00:04:00', 29, 27);
insert into `Order` (OrderID, TotalSale, VendorID, DeliveryDate, CustomerID, DeliveryPersonID) values (54, 862.03, 5, '2023-02-03 00:00:00', 67, 19);
insert into `Order` (OrderID, TotalSale, VendorID, DeliveryDate, CustomerID, DeliveryPersonID) values (55, 732.59, 45, '2023-01-09 00:00:00', 2, 40);
insert into `Order` (OrderID, TotalSale, VendorID, DeliveryDate, CustomerID, DeliveryPersonID) values (56, 383.64, 32, '2023-01-18 02:00:00', 91, 28);
insert into `Order` (OrderID, TotalSale, VendorID, DeliveryDate, CustomerID, DeliveryPersonID) values (57, 555.52, 59, '2023-10-25 00:00:01', 40, 57);
insert into `Order` (OrderID, TotalSale, VendorID, DeliveryDate, CustomerID, DeliveryPersonID) values (58, 383.37, 42, '2023-03-07 00:00:00', 89, 29);
insert into `Order` (OrderID, TotalSale, VendorID, DeliveryDate, CustomerID, DeliveryPersonID) values (59, 919.75, 3, '2023-11-03 04:00:00', 93, 32);
insert into `Order` (OrderID, TotalSale, VendorID, DeliveryDate, CustomerID, DeliveryPersonID) values (60, 453.44, 5, '2023-07-03 00:00:00', 91, 17);
insert into `Order` (OrderID, TotalSale, VendorID, DeliveryDate, CustomerID, DeliveryPersonID) values (61, 757.61, 54, '2023-03-29 00:00:00', 12, 17);
insert into `Order` (OrderID, TotalSale, VendorID, DeliveryDate, CustomerID, DeliveryPersonID) values (62, 810.78, 32, '2023-03-24 00:00:00', 91, 48);
insert into `Order` (OrderID, TotalSale, VendorID, DeliveryDate, CustomerID, DeliveryPersonID) values (63, 892.19, 29, '2024-02-03 00:00:04', 93, 33);
insert into `Order` (OrderID, TotalSale, VendorID, DeliveryDate, CustomerID, DeliveryPersonID) values (64, 71.01, 43, '2023-11-24 00:00:00', 33, 28);
insert into `Order` (OrderID, TotalSale, VendorID, DeliveryDate, CustomerID, DeliveryPersonID) values (65, 538.25, 23, '2023-02-20 00:01:00', 55, 49);
insert into `Order` (OrderID, TotalSale, VendorID, DeliveryDate, CustomerID, DeliveryPersonID) values (66, 378.03, 11, '2023-04-05 00:00:00', 69, 15);
insert into `Order` (OrderID, TotalSale, VendorID, DeliveryDate, CustomerID, DeliveryPersonID) values (67, 568.02, 27, '2023-08-26 00:00:04', 73, 36);
insert into `Order` (OrderID, TotalSale, VendorID, DeliveryDate, CustomerID, DeliveryPersonID) values (68, 953.83, 52, '2023-12-02 02:00:00', 74, 7);
insert into `Order` (OrderID, TotalSale, VendorID, DeliveryDate, CustomerID, DeliveryPersonID) values (69, 744.24, 47, '2023-11-15 00:00:00', 20, 13);
insert into `Order` (OrderID, TotalSale, VendorID, DeliveryDate, CustomerID, DeliveryPersonID) values (70, 132.19, 54, '2024-01-25 00:00:00', 84, 30);
insert into `Order` (OrderID, TotalSale, VendorID, DeliveryDate, CustomerID, DeliveryPersonID) values (71, 646.19, 66, '2023-10-04 01:00:00', 30, 28);
insert into `Order` (OrderID, TotalSale, VendorID, DeliveryDate, CustomerID, DeliveryPersonID) values (72, 981.51, 36, '2024-02-07 00:00:00', 32, 33);
insert into `Order` (OrderID, TotalSale, VendorID, DeliveryDate, CustomerID, DeliveryPersonID) values (73, 516.74, 29, '2023-05-05 00:00:00', 41, 56);
insert into `Order` (OrderID, TotalSale, VendorID, DeliveryDate, CustomerID, DeliveryPersonID) values (74, 355.04, 61, '2023-11-06 00:04:00', 86, 38);
insert into `Order` (OrderID, TotalSale, VendorID, DeliveryDate, CustomerID, DeliveryPersonID) values (75, 349.56, 41, '2023-02-07 00:00:00', 17, 42);
insert into `Order` (OrderID, TotalSale, VendorID, DeliveryDate, CustomerID, DeliveryPersonID) values (76, 744.48, 36, '2023-03-14 02:00:00', 58, 29);
insert into `Order` (OrderID, TotalSale, VendorID, DeliveryDate, CustomerID, DeliveryPersonID) values (77, 355.60, 27, '2022-12-15 01:00:00', 95, 2);
insert into `Order` (OrderID, TotalSale, VendorID, DeliveryDate, CustomerID, DeliveryPersonID) values (78, 354.16, 12, '2023-12-10 00:00:00', 9, 23);
insert into `Order` (OrderID, TotalSale, VendorID, DeliveryDate, CustomerID, DeliveryPersonID) values (79, 673.66, 60, '2023-02-27 00:00:02', 61, 58);
insert into `Order` (OrderID, TotalSale, VendorID, DeliveryDate, CustomerID, DeliveryPersonID) values (80, 968.98, 41, '2024-01-10 00:04:00', 36, 38);
insert into `Order` (OrderID, TotalSale, VendorID, DeliveryDate, CustomerID, DeliveryPersonID) values (81, 972.06, 27, '2023-01-01 00:00:00', 98, 4);
insert into `Order` (OrderID, TotalSale, VendorID, DeliveryDate, CustomerID, DeliveryPersonID) values (82, 545.81, 63, '2023-07-16 00:00:00', 3, 21);
insert into `Order` (OrderID, TotalSale, VendorID, DeliveryDate, CustomerID, DeliveryPersonID) values (83, 728.32, 32, '2023-09-21 00:01:00', 7, 51);
insert into `Order` (OrderID, TotalSale, VendorID, DeliveryDate, CustomerID, DeliveryPersonID) values (84, 116.07, 64, '2023-04-30 00:00:00', 97, 38);
insert into `Order` (OrderID, TotalSale, VendorID, DeliveryDate, CustomerID, DeliveryPersonID) values (85, 71.20, 9, '2024-11-02 00:00:04', 85, 17);
insert into `Order` (OrderID, TotalSale, VendorID, DeliveryDate, CustomerID, DeliveryPersonID) values (86, 108.22, 32, '2023-08-12 00:00:00', 94, 25);
insert into `Order` (OrderID, TotalSale, VendorID, DeliveryDate, CustomerID, DeliveryPersonID) values (87, 938.34, 57, '2023-05-13 00:00:00', 22, 33);
insert into `Order` (OrderID, TotalSale, VendorID, DeliveryDate, CustomerID, DeliveryPersonID) values (88, 92.91, 47, '2023-10-04 00:00:04', 87, 44);
insert into `Order` (OrderID, TotalSale, VendorID, DeliveryDate, CustomerID, DeliveryPersonID) values (89, 631.13, 70, '2023-03-14 00:02:00', 40, 10);
insert into `Order` (OrderID, TotalSale, VendorID, DeliveryDate, CustomerID, DeliveryPersonID) values (90, 834.55, 45, '2023-06-19 00:00:01', 19, 48);
insert into `Order` (OrderID, TotalSale, VendorID, DeliveryDate, CustomerID, DeliveryPersonID) values (91, 359.44, 50, '2023-10-18 00:00:00', 70, 15);
insert into `Order` (OrderID, TotalSale, VendorID, DeliveryDate, CustomerID, DeliveryPersonID) values (92, 343.59, 33, '2023-09-13 00:00:00', 35, 7);
insert into `Order` (OrderID, TotalSale, VendorID, DeliveryDate, CustomerID, DeliveryPersonID) values (93, 373.64, 22, '2023-12-20 00:00:00', 78, 22);
insert into `Order` (OrderID, TotalSale, VendorID, DeliveryDate, CustomerID, DeliveryPersonID) values (94, 544.16, 1, '2024-01-19 00:00:00', 50, 57);
insert into `Order` (OrderID, TotalSale, VendorID, DeliveryDate, CustomerID, DeliveryPersonID) values (95, 794.11, 58, '2023-02-03 00:04:00', 90, 46);
insert into `Order` (OrderID, TotalSale, VendorID, DeliveryDate, CustomerID, DeliveryPersonID) values (96, 511.54, 67, '2023-07-14 00:00:01', 1, 52);
insert into `Order` (OrderID, TotalSale, VendorID, DeliveryDate, CustomerID, DeliveryPersonID) values (97, 973.39, 24, '2023-09-23 00:00:00', 96, 18);
insert into `Order` (OrderID, TotalSale, VendorID, DeliveryDate, CustomerID, DeliveryPersonID) values (98, 101.90, 41, '2024-01-01 02:00:00', 45, 21);
insert into `Order` (OrderID, TotalSale, VendorID, DeliveryDate, CustomerID, DeliveryPersonID) values (99, 213.66, 13, '2023-07-25 00:00:00', 75, 6);
insert into `Order` (OrderID, TotalSale, VendorID, DeliveryDate, CustomerID, DeliveryPersonID) values (100, 248.54, 35, '2023-02-23 00:00:00', 22, 24);
insert into `Order` (OrderID, TotalSale, VendorID, DeliveryDate, CustomerID, DeliveryPersonID) values (101, 108.35, 11, '2023-02-23 00:00:04', 88, 1);
insert into `Order` (OrderID, TotalSale, VendorID, DeliveryDate, CustomerID, DeliveryPersonID) values (102, 354.39, 56, '2023-02-23 04:04:04', 76, 57);
insert into `Order` (OrderID, TotalSale, VendorID, DeliveryDate, CustomerID, DeliveryPersonID) values (103, 101.76, 4, '2023-01-12 04:04:04', 52, 12);
insert into `Order` (OrderID, TotalSale, VendorID, DeliveryDate, CustomerID, DeliveryPersonID) values (104, 784.94, 30, '2023-01-04 04:04:00', 47, 29);
insert into `Order` (OrderID, TotalSale, VendorID, DeliveryDate, CustomerID, DeliveryPersonID) values (105, 931.59, 50, '2023-05-30 01:00:00', 37, 51);
insert into `Order` (OrderID, TotalSale, VendorID, DeliveryDate, CustomerID, DeliveryPersonID) values (106, 452.11, 33, '2024-01-14 00:02:00', 39, 42);
insert into `Order` (OrderID, TotalSale, VendorID, DeliveryDate, CustomerID, DeliveryPersonID) values (107, 970.50, 69, '2023-05-26 00:00:00', 79, 46);
insert into `Order` (OrderID, TotalSale, VendorID, DeliveryDate, CustomerID, DeliveryPersonID) values (108, 883.16, 30, '2022-12-12 00:00:00', 55, 28);
insert into `Order` (OrderID, TotalSale, VendorID, DeliveryDate, CustomerID, DeliveryPersonID) values (109, 403.93, 67, '2022-12-15 00:00:00', 92, 4);
insert into `Order` (OrderID, TotalSale, VendorID, DeliveryDate, CustomerID, DeliveryPersonID) values (110, 414.01, 41, '2023-06-02 00:01:00', 73, 40);
insert into `Order` (OrderID, TotalSale, VendorID, DeliveryDate, CustomerID, DeliveryPersonID) values (111, 190.37, 56, '2024-01-11 00:00:00', 23, 28);
insert into `Order` (OrderID, TotalSale, VendorID, DeliveryDate, CustomerID, DeliveryPersonID) values (112, 996.00, 50, '2023-03-02 00:00:00', 75, 29);
insert into `Order` (OrderID, TotalSale, VendorID, DeliveryDate, CustomerID, DeliveryPersonID) values (113, 415.79, 62, '2023-04-12 02:02:02', 90, 44);
insert into `Order` (OrderID, TotalSale, VendorID, DeliveryDate, CustomerID, DeliveryPersonID) values (114, 957.93, 34, '2022-12-24 02:02:02', 39, 19);
insert into `Order` (OrderID, TotalSale, VendorID, DeliveryDate, CustomerID, DeliveryPersonID) values (115, 531.26, 56, '2023-05-04 02:02:02', 58, 42);
insert into `Order` (OrderID, TotalSale, VendorID, DeliveryDate, CustomerID, DeliveryPersonID) values (116, 427.99, 24, '2023-10-02 00:00:00', 8, 26);
insert into `Order` (OrderID, TotalSale, VendorID, DeliveryDate, CustomerID, DeliveryPersonID) values (117, 338.32, 48, '2023-07-13 00:00:00', 16, 7);
insert into `Order` (OrderID, TotalSale, VendorID, DeliveryDate, CustomerID, DeliveryPersonID) values (118, 305.71, 37, '2023-02-09 03:00:00', 8, 15);
insert into `Order` (OrderID, TotalSale, VendorID, DeliveryDate, CustomerID, DeliveryPersonID) values (119, 205.98, 29, '2023-04-10 00:00:00', 33, 32);
insert into `Order` (OrderID, TotalSale, VendorID, DeliveryDate, CustomerID, DeliveryPersonID) values (120, 104.82, 58, '2023-02-03 00:00:00', 30, 42);
insert into `Order` (OrderID, TotalSale, VendorID, DeliveryDate, CustomerID, DeliveryPersonID) values (121, 261.83, 51, '2023-09-14 00:00:00', 17, 37);
insert into `Order` (OrderID, TotalSale, VendorID, DeliveryDate, CustomerID, DeliveryPersonID) values (122, 264.76, 40, '2023-01-10 01:00:00', 60, 5);
insert into `Order` (OrderID, TotalSale, VendorID, DeliveryDate, CustomerID, DeliveryPersonID) values (123, 220.34, 33, '2022-12-02 00:00:00', 47, 11);
insert into `Order` (OrderID, TotalSale, VendorID, DeliveryDate, CustomerID, DeliveryPersonID) values (124, 744.68, 44, '2023-11-27 00:00:00', 24, 38);
insert into `Order` (OrderID, TotalSale, VendorID, DeliveryDate, CustomerID, DeliveryPersonID) values (125, 406.29, 28, '2023-04-25 00:00:00', 45, 35);
insert into `Order` (OrderID, TotalSale, VendorID, DeliveryDate, CustomerID, DeliveryPersonID) values (126, 575.68, 55, '2023-05-11 00:00:00', 81, 54);
insert into `Order` (OrderID, TotalSale, VendorID, DeliveryDate, CustomerID, DeliveryPersonID) values (127, 432.45, 11, '2023-07-17 00:00:00', 39, 47);
insert into `Order` (OrderID, TotalSale, VendorID, DeliveryDate, CustomerID, DeliveryPersonID) values (128, 576.78, 14, '2023-07-11 00:00:00', 89, 49);
insert into `Order` (OrderID, TotalSale, VendorID, DeliveryDate, CustomerID, DeliveryPersonID) values (129, 438.94, 23, '2023-07-22 00:00:01', 40, 22);
insert into `Order` (OrderID, TotalSale, VendorID, DeliveryDate, CustomerID, DeliveryPersonID) values (130, 400.93, 56, '2023-08-02 00:00:00', 15, 7);
insert into `Order` (OrderID, TotalSale, VendorID, DeliveryDate, CustomerID, DeliveryPersonID) values (131, 443.50, 52, '2023-11-01 00:00:00', 87, 23);
insert into `Order` (OrderID, TotalSale, VendorID, DeliveryDate, CustomerID, DeliveryPersonID) values (132, 731.16, 41, '2023-10-09 00:03:00', 63, 3);
insert into `Order` (OrderID, TotalSale, VendorID, DeliveryDate, CustomerID, DeliveryPersonID) values (133, 220.78, 15, '2023-10-03 00:00:00', 72, 29);
insert into `Order` (OrderID, TotalSale, VendorID, DeliveryDate, CustomerID, DeliveryPersonID) values (134, 287.97, 32, '2023-07-31 00:00:00', 67, 26);
insert into `Order` (OrderID, TotalSale, VendorID, DeliveryDate, CustomerID, DeliveryPersonID) values (135, 64.89, 1, '2024-03-01 00:00:00', 36, 13);
insert into `Order` (OrderID, TotalSale, VendorID, DeliveryDate, CustomerID, DeliveryPersonID) values (136, 809.65, 54, '2023-01-15 00:00:00', 64, 41);
insert into `Order` (OrderID, TotalSale, VendorID, DeliveryDate, CustomerID, DeliveryPersonID) values (137, 212.31, 47, '2023-11-30 00:00:00', 61, 52);
insert into `Order` (OrderID, TotalSale, VendorID, DeliveryDate, CustomerID, DeliveryPersonID) values (138, 437.40, 26, '2023-10-12 01:00:00', 6, 45);
insert into `Order` (OrderID, TotalSale, VendorID, DeliveryDate, CustomerID, DeliveryPersonID) values (139, 393.75, 62, '2023-01-24 00:00:00', 29, 33);
insert into `Order` (OrderID, TotalSale, VendorID, DeliveryDate, CustomerID, DeliveryPersonID) values (140, 847.30, 12, '2023-09-15 00:00:00', 69, 17);
insert into `Order` (OrderID, TotalSale, VendorID, DeliveryDate, CustomerID, DeliveryPersonID) values (141, 35.98, 45, '2023-02-14 03:00:00', 16, 38);
insert into `Order` (OrderID, TotalSale, VendorID, DeliveryDate, CustomerID, DeliveryPersonID) values (142, 685.09, 3, '2023-07-29 00:00:00', 5, 14);
insert into `Order` (OrderID, TotalSale, VendorID, DeliveryDate, CustomerID, DeliveryPersonID) values (143, 872.41, 38, '2023-01-10 00:01:00', 28, 48);
insert into `Order` (OrderID, TotalSale, VendorID, DeliveryDate, CustomerID, DeliveryPersonID) values (144, 471.34, 61, '2023-03-10 00:00:00', 27, 44);
insert into `Order` (OrderID, TotalSale, VendorID, DeliveryDate, CustomerID, DeliveryPersonID) values (145, 107.45, 37, '2023-01-11 03:00:00', 43, 20);
insert into `Order` (OrderID, TotalSale, VendorID, DeliveryDate, CustomerID, DeliveryPersonID) values (146, 311.98, 8, '2023-02-21 00:00:01', 35, 32);
insert into `Order` (OrderID, TotalSale, VendorID, DeliveryDate, CustomerID, DeliveryPersonID) values (147, 477.41, 50, '2022-12-24 00:00:00', 48, 40);
insert into `Order` (OrderID, TotalSale, VendorID, DeliveryDate, CustomerID, DeliveryPersonID) values (148, 90.81, 70, '2023-03-11- 00:00:00', 71, 21);
insert into `Order` (OrderID, TotalSale, VendorID, DeliveryDate, CustomerID, DeliveryPersonID) values (149, 206.34, 5, '2023-07-27 00:01:00', 90, 15);
insert into `Order` (OrderID, TotalSale, VendorID, DeliveryDate, CustomerID, DeliveryPersonID) values (150, 663.34, 59, '2023-06-07 00:00:00', 9, 31);

insert into OrderDetails (OrderID, OrderTotal, OrderDetailsID) values (124, 145.32,1);
insert into OrderDetails (OrderID, OrderTotal, OrderDetailsID) values (131, 189.74, 2);
insert into OrderDetails (OrderID, OrderTotal, OrderDetailsID) values (38, 54.58, 3);
insert into OrderDetails (OrderID, OrderTotal, OrderDetailsID) values (54, 178.49, 4);
insert into OrderDetails (OrderID, OrderTotal, OrderDetailsID) values (23, 80.54, 5);
insert into OrderDetails (OrderID, OrderTotal, OrderDetailsID) values (28, 132.26, 6);
insert into OrderDetails (OrderID, OrderTotal, OrderDetailsID) values (102, 141.80, 7);
insert into OrderDetails (OrderID, OrderTotal, OrderDetailsID) values (115, 166.28, 8);
insert into OrderDetails (OrderID, OrderTotal, OrderDetailsID) values (132, 93.26, 9);
insert into OrderDetails (OrderID, OrderTotal, OrderDetailsID) values (42, 122.19, 10);
insert into OrderDetails (OrderID, OrderTotal, OrderDetailsID) values (54, 28.33, 11);
insert into OrderDetails (OrderID, OrderTotal, OrderDetailsID) values (7, 105.53, 12);
insert into OrderDetails (OrderID, OrderTotal, OrderDetailsID) values (73, 134.36, 13);
insert into OrderDetails (OrderID, OrderTotal, OrderDetailsID) values (87, 175.57, 14);
insert into OrderDetails (OrderID, OrderTotal, OrderDetailsID) values (134, 12.03, 15);
insert into OrderDetails (OrderID, OrderTotal, OrderDetailsID) values (33, 143.14, 16);
insert into OrderDetails (OrderID, OrderTotal, OrderDetailsID) values (144, 156.96, 17);
insert into OrderDetails (OrderID, OrderTotal, OrderDetailsID) values (29, 15.96, 18);
insert into OrderDetails (OrderID, OrderTotal, OrderDetailsID) values (8, 178.10, 19);
insert into OrderDetails (OrderID, OrderTotal, OrderDetailsID) values (130, 103.46, 20);
insert into OrderDetails (OrderID, OrderTotal, OrderDetailsID) values (99, 185.66, 21);
insert into OrderDetails (OrderID, OrderTotal, OrderDetailsID) values (68, 165.51, 22);
insert into OrderDetails (OrderID, OrderTotal, OrderDetailsID) values (73, 172.03, 23);
insert into OrderDetails (OrderID, OrderTotal, OrderDetailsID) values (10, 20.38, 24);
insert into OrderDetails (OrderID, OrderTotal, OrderDetailsID) values (47, 135.61, 25);
insert into OrderDetails (OrderID, OrderTotal, OrderDetailsID) values (60, 133.75, 26);
insert into OrderDetails (OrderID, OrderTotal, OrderDetailsID) values (42, 99.41,  27);
insert into OrderDetails (OrderID, OrderTotal, OrderDetailsID) values (4, 91.16, 28);
insert into OrderDetails (OrderID, OrderTotal, OrderDetailsID) values (71, 96.73,  29);
insert into OrderDetails (OrderID, OrderTotal, OrderDetailsID) values (20, 145.91, 30);
insert into OrderDetails (OrderID, OrderTotal, OrderDetailsID) values (35, 38.71,  31);
insert into OrderDetails (OrderID, OrderTotal, OrderDetailsID) values (127, 23.80,32);
insert into OrderDetails (OrderID, OrderTotal, OrderDetailsID) values (53, 123.28, 33);
insert into OrderDetails (OrderID, OrderTotal, OrderDetailsID) values (105, 105.40, 34);
insert into OrderDetails (OrderID, OrderTotal, OrderDetailsID) values (36, 78.91,  35);
insert into OrderDetails (OrderID, OrderTotal, OrderDetailsID) values (80, 187.85, 36);
insert into OrderDetails (OrderID, OrderTotal, OrderDetailsID) values (107, 125.01, 37);
insert into OrderDetails (OrderID, OrderTotal, OrderDetailsID) values (37, 78.38,  38);
insert into OrderDetails (OrderID, OrderTotal, OrderDetailsID) values (90, 182.56, 39);
insert into OrderDetails (OrderID, OrderTotal, OrderDetailsID) values (36, 180.64, 40);
insert into OrderDetails (OrderID, OrderTotal, OrderDetailsID) values (3, 27.66, 41);
insert into OrderDetails (OrderID, OrderTotal, OrderDetailsID) values (100, 21.92,  42);
insert into OrderDetails (OrderID, OrderTotal, OrderDetailsID) values (126, 64.55,  43);
insert into OrderDetails (OrderID, OrderTotal, OrderDetailsID) values (93, 153.05,  44);
insert into OrderDetails (OrderID, OrderTotal, OrderDetailsID) values (52, 109.94,  45);
insert into OrderDetails (OrderID, OrderTotal, OrderDetailsID) values (85, 182.54,  46);
insert into OrderDetails (OrderID, OrderTotal, OrderDetailsID) values (64, 97.84, 47);
insert into OrderDetails (OrderID, OrderTotal, OrderDetailsID) values (107, 80.87,  48);
insert into OrderDetails (OrderID, OrderTotal, OrderDetailsID) values (119, 82.55,  49);
insert into OrderDetails (OrderID, OrderTotal, OrderDetailsID) values (113, 160.71, 50);
insert into OrderDetails (OrderID, OrderTotal, OrderDetailsID) values (106, 54.59,  51);
insert into OrderDetails (OrderID, OrderTotal, OrderDetailsID) values (21, 62.16, 52);
insert into OrderDetails (OrderID, OrderTotal, OrderDetailsID) values (33, 134.19,  53);
insert into OrderDetails (OrderID, OrderTotal, OrderDetailsID) values (121, 122.07,54);
insert into OrderDetails (OrderID, OrderTotal, OrderDetailsID) values (80, 109.52, 55);
insert into OrderDetails (OrderID, OrderTotal, OrderDetailsID) values (27, 128.82, 56);
insert into OrderDetails (OrderID, OrderTotal, OrderDetailsID) values (82, 46.75, 57);
insert into OrderDetails (OrderID, OrderTotal, OrderDetailsID) values (40, 20.58, 58);
insert into OrderDetails (OrderID, OrderTotal, OrderDetailsID) values (38, 113.49, 59);
insert into OrderDetails (OrderID, OrderTotal, OrderDetailsID) values (132, 156.70, 60);
insert into OrderDetails (OrderID, OrderTotal, OrderDetailsID) values (105, 96.05,  61);
insert into OrderDetails (OrderID, OrderTotal, OrderDetailsID) values (89, 123.12,  62);
insert into OrderDetails (OrderID, OrderTotal, OrderDetailsID) values (143, 124.35, 63);
insert into OrderDetails (OrderID, OrderTotal, OrderDetailsID) values (136, 101.96, 64);
insert into OrderDetails (OrderID, OrderTotal, OrderDetailsID) values (22, 155.03, 65);
insert into OrderDetails (OrderID, OrderTotal, OrderDetailsID) values (48, 163.20,  66);
insert into OrderDetails (OrderID, OrderTotal, OrderDetailsID) values (85, 149.21,  67);
insert into OrderDetails (OrderID, OrderTotal, OrderDetailsID) values (136, 184.53, 68);
insert into OrderDetails (OrderID, OrderTotal, OrderDetailsID) values (14, 57.44, 69);
insert into OrderDetails (OrderID, OrderTotal, OrderDetailsID) values (126, 134.74, 70);
insert into OrderDetails (OrderID, OrderTotal, OrderDetailsID) values (105, 31.32, 71);
insert into OrderDetails (OrderID, OrderTotal, OrderDetailsID) values (26, 69.46,  72);
insert into OrderDetails (OrderID, OrderTotal, OrderDetailsID) values (102, 117.75, 73);
insert into OrderDetails (OrderID, OrderTotal, OrderDetailsID) values (131, 114.45, 74);
insert into OrderDetails (OrderID, OrderTotal, OrderDetailsID) values (19, 9.01, 75);
insert into OrderDetails (OrderID, OrderTotal, OrderDetailsID) values (135, 194.13, 76);
insert into OrderDetails (OrderID, OrderTotal, OrderDetailsID) values (124, 187.73, 77);
insert into OrderDetails (OrderID, OrderTotal, OrderDetailsID) values (116, 180.89, 78);
insert into OrderDetails (OrderID, OrderTotal, OrderDetailsID) values (146, 139.04, 79);
insert into OrderDetails (OrderID, OrderTotal, OrderDetailsID) values (37, 146.41, 80);
insert into OrderDetails (OrderID, OrderTotal, OrderDetailsID) values (23, 87.59, 81);
insert into OrderDetails (OrderID, OrderTotal, OrderDetailsID) values (150, 143.90, 82);
insert into OrderDetails (OrderID, OrderTotal, OrderDetailsID) values (112, 136.94, 83);
insert into OrderDetails (OrderID, OrderTotal, OrderDetailsID) values (16, 164.91, 84);
insert into OrderDetails (OrderID, OrderTotal, OrderDetailsID) values (74, 39.96,  85);
insert into OrderDetails (OrderID, OrderTotal, OrderDetailsID) values (35, 143.19, 86);
insert into OrderDetails (OrderID, OrderTotal, OrderDetailsID) values (107, 79.34, 87);
insert into OrderDetails (OrderID, OrderTotal, OrderDetailsID) values (61, 155.50, 88);
insert into OrderDetails (OrderID, OrderTotal, OrderDetailsID) values (30, 168.66, 89);
insert into OrderDetails (OrderID, OrderTotal, OrderDetailsID) values (96, 131.20, 90);
insert into OrderDetails (OrderID, OrderTotal, OrderDetailsID) values (76, 122.45, 91);
insert into OrderDetails (OrderID, OrderTotal, OrderDetailsID) values (149, 46.77, 92);
insert into OrderDetails (OrderID, OrderTotal, OrderDetailsID) values (85, 128.21, 93);
insert into OrderDetails (OrderID, OrderTotal, OrderDetailsID) values (27, 59.79,  94);
insert into OrderDetails (OrderID, OrderTotal, OrderDetailsID) values (7, 119.67,  95);
insert into OrderDetails (OrderID, OrderTotal, OrderDetailsID) values (63, 191.82, 96);
insert into OrderDetails (OrderID, OrderTotal, OrderDetailsID) values (54, 26.01,  97);
insert into OrderDetails (OrderID, OrderTotal, OrderDetailsID) values (121, 20.40, 98);
insert into OrderDetails (OrderID, OrderTotal, OrderDetailsID) values (117, 43.20, 99);
insert into OrderDetails (OrderID, OrderTotal, OrderDetailsID) values (94, 44.66,  100);
insert into OrderDetails (OrderID, OrderTotal, OrderDetailsID) values (73, 155.22, 101);
insert into OrderDetails (OrderID, OrderTotal, OrderDetailsID) values (119, 62.48, 102);
insert into OrderDetails (OrderID, OrderTotal, OrderDetailsID) values (94, 24.74,  103);
insert into OrderDetails (OrderID, OrderTotal, OrderDetailsID) values (74, 84.01,  104);
insert into OrderDetails (OrderID, OrderTotal, OrderDetailsID) values (134, 97.41, 105);
insert into OrderDetails (OrderID, OrderTotal, OrderDetailsID) values (68, 33.23,  106);
insert into OrderDetails (OrderID, OrderTotal, OrderDetailsID) values (37, 10.20, 107);
insert into OrderDetails (OrderID, OrderTotal, OrderDetailsID) values (10, 17.56, 108);
insert into OrderDetails (OrderID, OrderTotal, OrderDetailsID) values (93, 69.76, 109);
insert into OrderDetails (OrderID, OrderTotal, OrderDetailsID) values (71, 32.15, 110);
insert into OrderDetails (OrderID, OrderTotal, OrderDetailsID) values (72, 2.31, 111);
insert into OrderDetails (OrderID, OrderTotal, OrderDetailsID) values (93, 141.37, 112);
insert into OrderDetails (OrderID, OrderTotal, OrderDetailsID) values (104, 29.60, 113);
insert into OrderDetails (OrderID, OrderTotal, OrderDetailsID) values (66, 142.52, 114);
insert into OrderDetails (OrderID, OrderTotal, OrderDetailsID) values (47, 176.58, 115);
insert into OrderDetails (OrderID, OrderTotal, OrderDetailsID) values (103, 54.66, 116);
insert into OrderDetails (OrderID, OrderTotal, OrderDetailsID) values (122, 47.27, 117);
insert into OrderDetails (OrderID, OrderTotal, OrderDetailsID) values (109, 130.39,  118);
insert into OrderDetails (OrderID, OrderTotal, OrderDetailsID) values (145, 93.94, 119);
insert into OrderDetails (OrderID, OrderTotal, OrderDetailsID) values (1, 65.54,  120);
insert into OrderDetails (OrderID, OrderTotal, OrderDetailsID) values (31, 161.38, 121);
insert into OrderDetails (OrderID, OrderTotal, OrderDetailsID) values (56, 28.50,  122);
insert into OrderDetails (OrderID, OrderTotal, OrderDetailsID) values (109, 170.26, 123);
insert into OrderDetails (OrderID, OrderTotal, OrderDetailsID) values (9, 199.52,  124);
insert into OrderDetails (OrderID, OrderTotal, OrderDetailsID) values (135, 197.26, 125);
insert into OrderDetails (OrderID, OrderTotal, OrderDetailsID) values (87, 159.24, 126);
insert into OrderDetails (OrderID, OrderTotal, OrderDetailsID) values (108, 86.67, 127);
insert into OrderDetails (OrderID, OrderTotal, OrderDetailsID) values (123, 49.90, 128);
insert into OrderDetails (OrderID, OrderTotal, OrderDetailsID) values (134, 110.10, 129);
insert into OrderDetails (OrderID, OrderTotal, OrderDetailsID) values (116, 182.40, 130);
insert into OrderDetails (OrderID, OrderTotal, OrderDetailsID) values (81, 16.53,   131);
insert into OrderDetails (OrderID, OrderTotal, OrderDetailsID) values (99, 113.36,  132);
insert into OrderDetails (OrderID, OrderTotal, OrderDetailsID) values (114, 146.07, 133);
insert into OrderDetails (OrderID, OrderTotal, OrderDetailsID) values (43, 127.72,  134);
insert into OrderDetails (OrderID, OrderTotal, OrderDetailsID) values (8, 184.51,   135);
insert into OrderDetails (OrderID, OrderTotal, OrderDetailsID) values (64, 65.28,  136);
insert into OrderDetails (OrderID, OrderTotal, OrderDetailsID) values (65, 172.16,  137);
insert into OrderDetails (OrderID, OrderTotal, OrderDetailsID) values (72, 138.07,  138);
insert into OrderDetails (OrderID, OrderTotal, OrderDetailsID) values (135, 34.26,  139);
insert into OrderDetails (OrderID, OrderTotal, OrderDetailsID) values (76, 17.85,   140);
insert into OrderDetails (OrderID, OrderTotal, OrderDetailsID) values (114, 160.45, 141);
insert into OrderDetails (OrderID, OrderTotal, OrderDetailsID) values (24, 13.20,   142);
insert into OrderDetails (OrderID, OrderTotal, OrderDetailsID) values (7, 135.42,   143);
insert into OrderDetails (OrderID, OrderTotal, OrderDetailsID) values (69, 65.50,   144);
insert into OrderDetails (OrderID, OrderTotal, OrderDetailsID) values (67, 111.20,  145);
insert into OrderDetails (OrderID, OrderTotal, OrderDetailsID) values (26, 126.83,  146);
insert into OrderDetails (OrderID, OrderTotal, OrderDetailsID) values (35, 59.44,   147);
insert into OrderDetails (OrderID, OrderTotal, OrderDetailsID) values (21, 175.91,  148);
insert into OrderDetails (OrderID, OrderTotal, OrderDetailsID) values (147, 181.29, 149);
insert into OrderDetails (OrderID, OrderTotal, OrderDetailsID) values (40, 50.98,   150);
insert into OrderDetails (OrderID, OrderTotal, OrderDetailsID) values (132, 68.20, 151);
insert into OrderDetails (OrderID, OrderTotal, OrderDetailsID) values (118, 39.91, 152);
insert into OrderDetails (OrderID, OrderTotal, OrderDetailsID) values (82, 165.64, 153);
insert into OrderDetails (OrderID, OrderTotal, OrderDetailsID) values (137, 182.11, 154);
insert into OrderDetails (OrderID, OrderTotal, OrderDetailsID) values (85, 101.28, 155);
insert into OrderDetails (OrderID, OrderTotal, OrderDetailsID) values (79, 106.69, 156);
insert into OrderDetails (OrderID, OrderTotal, OrderDetailsID) values (64, 52.31, 157);
insert into OrderDetails (OrderID, OrderTotal, OrderDetailsID) values (95, 63.60, 158);
insert into OrderDetails (OrderID, OrderTotal, OrderDetailsID) values (140, 1.73, 159);
insert into OrderDetails (OrderID, OrderTotal, OrderDetailsID) values (84, 17.33, 160);
insert into OrderDetails (OrderID, OrderTotal, OrderDetailsID) values (129, 72.88, 161);
insert into OrderDetails (OrderID, OrderTotal, OrderDetailsID) values (82, 176.74, 162);
insert into OrderDetails (OrderID, OrderTotal, OrderDetailsID) values (116, 11.74, 163);
insert into OrderDetails (OrderID, OrderTotal, OrderDetailsID) values (122, 25.32, 164);
insert into OrderDetails (OrderID, OrderTotal, OrderDetailsID) values (71, 153.70, 165);
insert into OrderDetails (OrderID, OrderTotal, OrderDetailsID) values (7, 77.04,   166);
insert into OrderDetails (OrderID, OrderTotal, OrderDetailsID) values (86, 152.82, 167);
insert into OrderDetails (OrderID, OrderTotal, OrderDetailsID) values (144, 12.02, 168);
insert into OrderDetails (OrderID, OrderTotal, OrderDetailsID) values (22, 122.92, 169);
insert into OrderDetails (OrderID, OrderTotal, OrderDetailsID) values (106, 21.35, 170);
insert into OrderDetails (OrderID, OrderTotal, OrderDetailsID) values (61, 119.83, 171);
insert into OrderDetails (OrderID, OrderTotal, OrderDetailsID) values (23, 123.17, 172);
insert into OrderDetails (OrderID, OrderTotal, OrderDetailsID) values (73, 79.17,  173);
insert into OrderDetails (OrderID, OrderTotal, OrderDetailsID) values (100, 134.68, 174);
insert into OrderDetails (OrderID, OrderTotal, OrderDetailsID) values (4, 115.56, 175);

insert into MenuItemsInOrder (OrderDetailsID, MenuItemName) values (135, 'Pancakes');
insert into MenuItemsInOrder (OrderDetailsID, MenuItemName) values (87, 'Duck');
insert into MenuItemsInOrder (OrderDetailsID, MenuItemName) values (152, 'Curry');
insert into MenuItemsInOrder (OrderDetailsID, MenuItemName) values (122, 'Smoothie');
insert into MenuItemsInOrder (OrderDetailsID, MenuItemName) values (170, 'Salsa');
insert into MenuItemsInOrder (OrderDetailsID, MenuItemName) values (161, 'Veal');
insert into MenuItemsInOrder (OrderDetailsID, MenuItemName) values (138, 'Lasagna');
insert into MenuItemsInOrder (OrderDetailsID, MenuItemName) values (103, 'Hummus');
insert into MenuItemsInOrder (OrderDetailsID, MenuItemName) values (71, 'Cocktail');
insert into MenuItemsInOrder (OrderDetailsID, MenuItemName) values (96, 'Curry');
insert into MenuItemsInOrder (OrderDetailsID, MenuItemName) values (88, 'Cookie');
insert into MenuItemsInOrder (OrderDetailsID, MenuItemName) values (86, 'Tea');
insert into MenuItemsInOrder (OrderDetailsID, MenuItemName) values (143, 'Sushi');
insert into MenuItemsInOrder (OrderDetailsID, MenuItemName) values (101, 'Water');
insert into MenuItemsInOrder (OrderDetailsID, MenuItemName) values (75, 'Wine');
insert into MenuItemsInOrder (OrderDetailsID, MenuItemName) values (172, 'Garden Salad');
insert into MenuItemsInOrder (OrderDetailsID, MenuItemName) values (125, 'Calamari');
insert into MenuItemsInOrder (OrderDetailsID, MenuItemName) values (110, 'Ramen');
insert into MenuItemsInOrder (OrderDetailsID, MenuItemName) values (126, 'Smoothie');
insert into MenuItemsInOrder (OrderDetailsID, MenuItemName) values (95, 'Fruits');
insert into MenuItemsInOrder (OrderDetailsID, MenuItemName) values (142, 'Yogurt');
insert into MenuItemsInOrder (OrderDetailsID, MenuItemName) values (134, 'Pancakes');
insert into MenuItemsInOrder (OrderDetailsID, MenuItemName) values (155, 'Quesadilla');
insert into MenuItemsInOrder (OrderDetailsID, MenuItemName) values (43, 'Soup');
insert into MenuItemsInOrder (OrderDetailsID, MenuItemName) values (159, 'Cannoli');
insert into MenuItemsInOrder (OrderDetailsID, MenuItemName) values (73, 'Margarita');
insert into MenuItemsInOrder (OrderDetailsID, MenuItemName) values (49, 'Mojito');
insert into MenuItemsInOrder (OrderDetailsID, MenuItemName) values (78, 'Lobster');
insert into MenuItemsInOrder (OrderDetailsID, MenuItemName) values (47, 'Turkey');
insert into MenuItemsInOrder (OrderDetailsID, MenuItemName) values (130, 'Pancakes');
insert into MenuItemsInOrder (OrderDetailsID, MenuItemName) values (96, 'Sushi');
insert into MenuItemsInOrder (OrderDetailsID, MenuItemName) values (56, 'Fruits');
insert into MenuItemsInOrder (OrderDetailsID, MenuItemName) values (112, 'Margarita');
insert into MenuItemsInOrder (OrderDetailsID, MenuItemName) values (157, 'Guacamole');
insert into MenuItemsInOrder (OrderDetailsID, MenuItemName) values (152, 'Soda');
insert into MenuItemsInOrder (OrderDetailsID, MenuItemName) values (24, 'Steak');
insert into MenuItemsInOrder (OrderDetailsID, MenuItemName) values (86, 'Vegetables');
insert into MenuItemsInOrder (OrderDetailsID, MenuItemName) values (50, 'Sushi');
insert into MenuItemsInOrder (OrderDetailsID, MenuItemName) values (2, 'Waffles');
insert into MenuItemsInOrder (OrderDetailsID, MenuItemName) values (121, 'Taco');
insert into MenuItemsInOrder (OrderDetailsID, MenuItemName) values (16, 'Lemonade');
insert into MenuItemsInOrder (OrderDetailsID, MenuItemName) values (149, 'Tea');
insert into MenuItemsInOrder (OrderDetailsID, MenuItemName) values (74, 'Omelette');
insert into MenuItemsInOrder (OrderDetailsID, MenuItemName) values (114, 'Cookie');
insert into MenuItemsInOrder (OrderDetailsID, MenuItemName) values (123, 'Pho');
insert into MenuItemsInOrder (OrderDetailsID, MenuItemName) values (152, 'Duck');
insert into MenuItemsInOrder (OrderDetailsID, MenuItemName) values (110, 'Baklava');
insert into MenuItemsInOrder (OrderDetailsID, MenuItemName) values (18, 'Cookie');
insert into MenuItemsInOrder (OrderDetailsID, MenuItemName) values (8, 'Cake');
insert into MenuItemsInOrder (OrderDetailsID, MenuItemName) values (79, 'Waffles');
insert into MenuItemsInOrder (OrderDetailsID, MenuItemName) values (37, 'Shrimp');
insert into MenuItemsInOrder (OrderDetailsID, MenuItemName) values (36, 'Wine');
insert into MenuItemsInOrder (OrderDetailsID, MenuItemName) values (155, 'Doughnut');
insert into MenuItemsInOrder (OrderDetailsID, MenuItemName) values (39, 'Vodka');
insert into MenuItemsInOrder (OrderDetailsID, MenuItemName) values (136, 'Cannoli');
insert into MenuItemsInOrder (OrderDetailsID, MenuItemName) values (122, 'Vegetables');
insert into MenuItemsInOrder (OrderDetailsID, MenuItemName) values (30, 'Soda');
insert into MenuItemsInOrder (OrderDetailsID, MenuItemName) values (23, 'Doughnut');
insert into MenuItemsInOrder (OrderDetailsID, MenuItemName) values (74, 'Muffin');
insert into MenuItemsInOrder (OrderDetailsID, MenuItemName) values (141, 'Soda');
insert into MenuItemsInOrder (OrderDetailsID, MenuItemName) values (72, 'Crab');
insert into MenuItemsInOrder (OrderDetailsID, MenuItemName) values (14, 'Tiramisu');
insert into MenuItemsInOrder (OrderDetailsID, MenuItemName) values (44, 'Shrimp');
insert into MenuItemsInOrder (OrderDetailsID, MenuItemName) values (92, 'Taco');
insert into MenuItemsInOrder (OrderDetailsID, MenuItemName) values (79, 'Salsa');
insert into MenuItemsInOrder (OrderDetailsID, MenuItemName) values (158, 'Pancakes');
insert into MenuItemsInOrder (OrderDetailsID, MenuItemName) values (76, 'Noodles');
insert into MenuItemsInOrder (OrderDetailsID, MenuItemName) values (62, 'Baklava');
insert into MenuItemsInOrder (OrderDetailsID, MenuItemName) values (170, 'Fried Chicken');
insert into MenuItemsInOrder (OrderDetailsID, MenuItemName) values (67, 'Fish and Chips');
insert into MenuItemsInOrder (OrderDetailsID, MenuItemName) values (165, 'Oyster');
insert into MenuItemsInOrder (OrderDetailsID, MenuItemName) values (36, 'Tuna Salad');
insert into MenuItemsInOrder (OrderDetailsID, MenuItemName) values (171, 'Sushi');
insert into MenuItemsInOrder (OrderDetailsID, MenuItemName) values (138, 'Coffee');
insert into MenuItemsInOrder (OrderDetailsID, MenuItemName) values (116, 'Omelette');
insert into MenuItemsInOrder (OrderDetailsID, MenuItemName) values (26, 'Lamb');
insert into MenuItemsInOrder (OrderDetailsID, MenuItemName) values (49, 'Chips');
insert into MenuItemsInOrder (OrderDetailsID, MenuItemName) values (65, 'Noodles');
insert into MenuItemsInOrder (OrderDetailsID, MenuItemName) values (91, 'Pork');
insert into MenuItemsInOrder (OrderDetailsID, MenuItemName) values (6, 'Hummus');
insert into MenuItemsInOrder (OrderDetailsID, MenuItemName) values (106, 'Vegetables');
insert into MenuItemsInOrder (OrderDetailsID, MenuItemName) values (77, 'Pancakes');
insert into MenuItemsInOrder (OrderDetailsID, MenuItemName) values (101, 'Baklava');
insert into MenuItemsInOrder (OrderDetailsID, MenuItemName) values (21, 'Oyster');
insert into MenuItemsInOrder (OrderDetailsID, MenuItemName) values (26, 'Soda');
insert into MenuItemsInOrder (OrderDetailsID, MenuItemName) values (79, 'Vegetables');
insert into MenuItemsInOrder (OrderDetailsID, MenuItemName) values (8, 'Vegetables');
insert into MenuItemsInOrder (OrderDetailsID, MenuItemName) values (83, 'Yogurt');
insert into MenuItemsInOrder (OrderDetailsID, MenuItemName) values (24, 'Calamari');
insert into MenuItemsInOrder (OrderDetailsID, MenuItemName) values (12, 'Scallop');
insert into MenuItemsInOrder (OrderDetailsID, MenuItemName) values (90, 'Cannoli');
insert into MenuItemsInOrder (OrderDetailsID, MenuItemName) values (47, 'Sushi');
insert into MenuItemsInOrder (OrderDetailsID, MenuItemName) values (138, 'Scallop');
insert into MenuItemsInOrder (OrderDetailsID, MenuItemName) values (150, 'Oyster');
insert into MenuItemsInOrder (OrderDetailsID, MenuItemName) values (26, 'Soup');
insert into MenuItemsInOrder (OrderDetailsID, MenuItemName) values (1, 'Waffles');
insert into MenuItemsInOrder (OrderDetailsID, MenuItemName) values (58, 'Baklava');
insert into MenuItemsInOrder (OrderDetailsID, MenuItemName) values (36, 'Water');
insert into MenuItemsInOrder (OrderDetailsID, MenuItemName) values (29, 'Cocktail');
insert into MenuItemsInOrder (OrderDetailsID, MenuItemName) values (99, 'Cannoli');
insert into MenuItemsInOrder (OrderDetailsID, MenuItemName) values (13, 'Hummus');
insert into MenuItemsInOrder (OrderDetailsID, MenuItemName) values (128, 'Omelette');
insert into MenuItemsInOrder (OrderDetailsID, MenuItemName) values (117, 'Curry');
insert into MenuItemsInOrder (OrderDetailsID, MenuItemName) values (43, 'Whiskey');
insert into MenuItemsInOrder (OrderDetailsID, MenuItemName) values (1, 'Pho');
insert into MenuItemsInOrder (OrderDetailsID, MenuItemName) values (101, 'Shrimp');
insert into MenuItemsInOrder (OrderDetailsID, MenuItemName) values (89, 'Duck');
insert into MenuItemsInOrder (OrderDetailsID, MenuItemName) values (59, 'Lobster');
insert into MenuItemsInOrder (OrderDetailsID, MenuItemName) values (6, 'Oyster');
insert into MenuItemsInOrder (OrderDetailsID, MenuItemName) values (84, 'Guacamole');
insert into MenuItemsInOrder (OrderDetailsID, MenuItemName) values (27, 'Yogurt');
insert into MenuItemsInOrder (OrderDetailsID, MenuItemName) values (133, 'Waffles');
insert into MenuItemsInOrder (OrderDetailsID, MenuItemName) values (1, 'Crab');
insert into MenuItemsInOrder (OrderDetailsID, MenuItemName) values (108, 'Fried Chicken');
insert into MenuItemsInOrder (OrderDetailsID, MenuItemName) values (161, 'Wine');
insert into MenuItemsInOrder (OrderDetailsID, MenuItemName) values (57, 'Vegetables');
insert into MenuItemsInOrder (OrderDetailsID, MenuItemName) values (30, 'Veal');
insert into MenuItemsInOrder (OrderDetailsID, MenuItemName) values (140, 'Vegetables');
insert into MenuItemsInOrder (OrderDetailsID, MenuItemName) values (39, 'Martini');
insert into MenuItemsInOrder (OrderDetailsID, MenuItemName) values (35, 'Omelette');
insert into MenuItemsInOrder (OrderDetailsID, MenuItemName) values (158, 'Chips');
insert into MenuItemsInOrder (OrderDetailsID, MenuItemName) values (31, 'Steak');
insert into MenuItemsInOrder (OrderDetailsID, MenuItemName) values (7, 'Cannoli');
insert into MenuItemsInOrder (OrderDetailsID, MenuItemName) values (58, 'Beef');
insert into MenuItemsInOrder (OrderDetailsID, MenuItemName) values (142, 'Beef');
insert into MenuItemsInOrder (OrderDetailsID, MenuItemName) values (15, 'Ramen');
insert into MenuItemsInOrder (OrderDetailsID, MenuItemName) values (118, 'Duck');
insert into MenuItemsInOrder (OrderDetailsID, MenuItemName) values (2, 'Champagne');
insert into MenuItemsInOrder (OrderDetailsID, MenuItemName) values (136, 'Calamari');
insert into MenuItemsInOrder (OrderDetailsID, MenuItemName) values (174, 'Vegetables');
insert into MenuItemsInOrder (OrderDetailsID, MenuItemName) values (37, 'Veal');
insert into MenuItemsInOrder (OrderDetailsID, MenuItemName) values (75, 'Quesadilla');
insert into MenuItemsInOrder (OrderDetailsID, MenuItemName) values (157, 'Chips');
insert into MenuItemsInOrder (OrderDetailsID, MenuItemName) values (10, 'Soup');
insert into MenuItemsInOrder (OrderDetailsID, MenuItemName) values (97, 'Pork');
insert into MenuItemsInOrder (OrderDetailsID, MenuItemName) values (140, 'Garden Salad');
insert into MenuItemsInOrder (OrderDetailsID, MenuItemName) values (99, 'Soda');
insert into MenuItemsInOrder (OrderDetailsID, MenuItemName) values (104, 'Waffles');
insert into MenuItemsInOrder (OrderDetailsID, MenuItemName) values (5, 'Vodka');
insert into MenuItemsInOrder (OrderDetailsID, MenuItemName) values (159, 'Fish');
insert into MenuItemsInOrder (OrderDetailsID, MenuItemName) values (44, 'Ramen');
insert into MenuItemsInOrder (OrderDetailsID, MenuItemName) values (7, 'Waffles');
insert into MenuItemsInOrder (OrderDetailsID, MenuItemName) values (19, 'Bagel');
insert into MenuItemsInOrder (OrderDetailsID, MenuItemName) values (10, 'Muffin');
insert into MenuItemsInOrder (OrderDetailsID, MenuItemName) values (149, 'Waffles');
insert into MenuItemsInOrder (OrderDetailsID, MenuItemName) values (35, 'Curry');
insert into MenuItemsInOrder (OrderDetailsID, MenuItemName) values (40, 'Caesar Salad');
insert into MenuItemsInOrder (OrderDetailsID, MenuItemName) values (49, 'Beef');
insert into MenuItemsInOrder (OrderDetailsID, MenuItemName) values (127, 'Bagel');
insert into MenuItemsInOrder (OrderDetailsID, MenuItemName) values (171, 'Tea');
insert into MenuItemsInOrder (OrderDetailsID, MenuItemName) values (53, 'Ramen');
insert into MenuItemsInOrder (OrderDetailsID, MenuItemName) values (1, 'Turkey');
insert into MenuItemsInOrder (OrderDetailsID, MenuItemName) values (49, 'Burrito');
insert into MenuItemsInOrder (OrderDetailsID, MenuItemName) values (80, 'Cookie');
insert into MenuItemsInOrder (OrderDetailsID, MenuItemName) values (124, 'Pork');
insert into MenuItemsInOrder (OrderDetailsID, MenuItemName) values (66, 'Burrito');
insert into MenuItemsInOrder (OrderDetailsID, MenuItemName) values (20, 'Tea');
insert into MenuItemsInOrder (OrderDetailsID, MenuItemName) values (65, 'Waffles');
insert into MenuItemsInOrder (OrderDetailsID, MenuItemName) values (67, 'Cannoli');
insert into MenuItemsInOrder (OrderDetailsID, MenuItemName) values (121, 'Bagel');
insert into MenuItemsInOrder (OrderDetailsID, MenuItemName) values (108, 'Veal');
insert into MenuItemsInOrder (OrderDetailsID, MenuItemName) values (93, 'Water');
insert into MenuItemsInOrder (OrderDetailsID, MenuItemName) values (136, 'Yogurt');
insert into MenuItemsInOrder (OrderDetailsID, MenuItemName) values (83, 'Vegetables');
insert into MenuItemsInOrder (OrderDetailsID, MenuItemName) values (57, 'Soup');
insert into MenuItemsInOrder (OrderDetailsID, MenuItemName) values (72, 'Baklava');
insert into MenuItemsInOrder (OrderDetailsID, MenuItemName) values (139, 'Vegetables');
insert into MenuItemsInOrder (OrderDetailsID, MenuItemName) values (109, 'Tiramisu');
insert into MenuItemsInOrder (OrderDetailsID, MenuItemName) values (162, 'Beef');
insert into MenuItemsInOrder (OrderDetailsID, MenuItemName) values (52, 'Tea');
insert into MenuItemsInOrder (OrderDetailsID, MenuItemName) values (95, 'Fried Chicken');
insert into MenuItemsInOrder (OrderDetailsID, MenuItemName) values (114, 'Burrito');
insert into MenuItemsInOrder (OrderDetailsID, MenuItemName) values (66, 'Pad Thai');
insert into MenuItemsInOrder (OrderDetailsID, MenuItemName) values (89, 'Hamburger');
insert into MenuItemsInOrder (OrderDetailsID, MenuItemName) values (91, 'Shrimp');
insert into MenuItemsInOrder (OrderDetailsID, MenuItemName) values (159, 'Cookie');
insert into MenuItemsInOrder (OrderDetailsID, MenuItemName) values (143, 'Cheesecake');
insert into MenuItemsInOrder (OrderDetailsID, MenuItemName) values (8, 'Soup');
insert into MenuItemsInOrder (OrderDetailsID, MenuItemName) values (14, 'Sushi');
insert into MenuItemsInOrder (OrderDetailsID, MenuItemName) values (162, 'Waffles');
insert into MenuItemsInOrder (OrderDetailsID, MenuItemName) values (129, 'Lemonade');
insert into MenuItemsInOrder (OrderDetailsID, MenuItemName) values (16, 'Sushi');
insert into MenuItemsInOrder (OrderDetailsID, MenuItemName) values (69, 'Yogurt');
insert into MenuItemsInOrder (OrderDetailsID, MenuItemName) values (137, 'Lemonade');
insert into MenuItemsInOrder (OrderDetailsID, MenuItemName) values (3, 'Waffles');
insert into MenuItemsInOrder (OrderDetailsID, MenuItemName) values (51, 'Coffee');
insert into MenuItemsInOrder (OrderDetailsID, MenuItemName) values (133, 'Veal');
insert into MenuItemsInOrder (OrderDetailsID, MenuItemName) values (13, 'Chips');
insert into MenuItemsInOrder (OrderDetailsID, MenuItemName) values (60, 'Noodles');
insert into MenuItemsInOrder (OrderDetailsID, MenuItemName) values (148, 'Water');
insert into MenuItemsInOrder (OrderDetailsID, MenuItemName) values (129, 'Waffles');
insert into MenuItemsInOrder (OrderDetailsID, MenuItemName) values (115, 'Fish and Chips');
insert into MenuItemsInOrder (OrderDetailsID, MenuItemName) values (72, 'Cannoli');
insert into MenuItemsInOrder (OrderDetailsID, MenuItemName) values (25, 'Enchiladas');
insert into MenuItemsInOrder (OrderDetailsID, MenuItemName) values (45, 'Yogurt');
insert into MenuItemsInOrder (OrderDetailsID, MenuItemName) values (125, 'Brownie');
insert into MenuItemsInOrder (OrderDetailsID, MenuItemName) values (6, 'Guacamole');
insert into MenuItemsInOrder (OrderDetailsID, MenuItemName) values (90, 'Vegetables');
insert into MenuItemsInOrder (OrderDetailsID, MenuItemName) values (32, 'Hummus');
insert into MenuItemsInOrder (OrderDetailsID, MenuItemName) values (4, 'Shrimp');
insert into MenuItemsInOrder (OrderDetailsID, MenuItemName) values (58, 'Steak');
insert into MenuItemsInOrder (OrderDetailsID, MenuItemName) values (63, 'Brownie');
insert into MenuItemsInOrder (OrderDetailsID, MenuItemName) values (102, 'Oyster');
insert into MenuItemsInOrder (OrderDetailsID, MenuItemName) values (167, 'Whiskey');
insert into MenuItemsInOrder (OrderDetailsID, MenuItemName) values (121, 'Burrito');
insert into MenuItemsInOrder (OrderDetailsID, MenuItemName) values (21, 'Brownie');
insert into MenuItemsInOrder (OrderDetailsID, MenuItemName) values (172, 'Cheesecake');
insert into MenuItemsInOrder (OrderDetailsID, MenuItemName) values (166, 'Vegetables');
insert into MenuItemsInOrder (OrderDetailsID, MenuItemName) values (133, 'Lobster');
insert into MenuItemsInOrder (OrderDetailsID, MenuItemName) values (142, 'Margarita');
insert into MenuItemsInOrder (OrderDetailsID, MenuItemName) values (143, 'Fried Chicken');
insert into MenuItemsInOrder (OrderDetailsID, MenuItemName) values (130, 'Turkey');
insert into MenuItemsInOrder (OrderDetailsID, MenuItemName) values (16, 'Lobster');
insert into MenuItemsInOrder (OrderDetailsID, MenuItemName) values (61, 'Margarita');
insert into MenuItemsInOrder (OrderDetailsID, MenuItemName) values (107, 'Scallop');
insert into MenuItemsInOrder (OrderDetailsID, MenuItemName) values (19, 'Yogurt');
insert into MenuItemsInOrder (OrderDetailsID, MenuItemName) values (15, 'Cookie');
insert into MenuItemsInOrder (OrderDetailsID, MenuItemName) values (10, 'Beef');
insert into MenuItemsInOrder (OrderDetailsID, MenuItemName) values (11, 'Pancakes');
insert into MenuItemsInOrder (OrderDetailsID, MenuItemName) values (91, 'Lasagna');
insert into MenuItemsInOrder (OrderDetailsID, MenuItemName) values (116, 'Quesadilla');
insert into MenuItemsInOrder (OrderDetailsID, MenuItemName) values (154, 'Whiskey');
insert into MenuItemsInOrder (OrderDetailsID, MenuItemName) values (50, 'Martini');

insert into VendorLocations (VendorID, City, State, ZipCode, Street) values (23, 'Troy', 'Michigan', 48098, '827 Vermont Crossing');
insert into VendorLocations (VendorID, City, State, ZipCode, Street) values (6, 'New Orleans', 'Louisiana', 70149, '3 Spohn Lane');
insert into VendorLocations (VendorID, City, State, ZipCode, Street) values (36, 'Dayton', 'Ohio', 45454, '67457 Sloan Circle');
insert into VendorLocations (VendorID, City, State, ZipCode, Street) values (54, 'Odessa', 'Texas', 79769, '5427 Northview Street');
insert into VendorLocations (VendorID, City, State, ZipCode, Street) values (21, 'Fort Worth', 'Texas', 76110, '7 Dayton Alley');
insert into VendorLocations (VendorID, City, State, ZipCode, Street) values (50, 'Miami', 'Florida', 33153, '71 Kim Park');
insert into VendorLocations (VendorID, City, State, ZipCode, Street) values (57, 'Minneapolis', 'Minnesota', 55436, '95294 Rockefeller Lane');
insert into VendorLocations (VendorID, City, State, ZipCode, Street) values (43, 'Corpus Christi', 'Texas', 78426, '5 Ryan Parkway');
insert into VendorLocations (VendorID, City, State, ZipCode, Street) values (51, 'Trenton', 'New Jersey', '08608', '00 Mockingbird Point');
insert into VendorLocations (VendorID, City, State, ZipCode, Street) values (3, 'Jacksonville', 'Florida', '32259', '69 Fulton Terrace');
insert into VendorLocations (VendorID, City, State, ZipCode, Street) values (56, 'Reno', 'Nevada', '89519', '56476 Clyde Gallagher Park');
insert into VendorLocations (VendorID, City, State, ZipCode, Street) values (31, 'Jeffersonville', 'Indiana', '47134', '154 Drewry Plaza');
insert into VendorLocations (VendorID, City, State, ZipCode, Street) values (20, 'Garden Grove', 'California', '92645', '58198 Grim Place');
insert into VendorLocations (VendorID, City, State, ZipCode, Street) values (26, 'Decatur', 'Illinois', '62525', '38388 Schurz Pass');
insert into VendorLocations (VendorID, City, State, ZipCode, Street) values (41, 'Oklahoma City', 'Oklahoma', '73129', '541 Lukken Terrace');
insert into VendorLocations (VendorID, City, State, ZipCode, Street) values (51, 'Syracuse', 'New York', '13210', '6 Corscot Circle');
insert into VendorLocations (VendorID, City, State, ZipCode, Street) values (19, 'Sioux Falls', 'South Dakota', '57105', '779 Coolidge Center');
insert into VendorLocations (VendorID, City, State, ZipCode, Street) values (65, 'Roanoke', 'Virginia', '24029', '55 Grasskamp Trail');
insert into VendorLocations (VendorID, City, State, ZipCode, Street) values (17, 'Honolulu', 'Hawaii', '96840', '47 Atwood Junction');
insert into VendorLocations (VendorID, City, State, ZipCode, Street) values (68, 'Chicago', 'Illinois', '60641', '0494 Anderson Pass');
insert into VendorLocations (VendorID, City, State, ZipCode, Street) values (25, 'Raleigh', 'North Carolina', '27690', '61816 Algoma Lane');
insert into VendorLocations (VendorID, City, State, ZipCode, Street) values (47, 'Lexington', 'Kentucky', '40515', '41470 Schurz Center');
insert into VendorLocations (VendorID, City, State, ZipCode, Street) values (24, 'Shawnee Mission', 'Kansas', '66286', '6282 Hagan Street');
insert into VendorLocations (VendorID, City, State, ZipCode, Street) values (39, 'Boston', 'Massachusetts', '02216', '310 Arizona Terrace');
insert into VendorLocations (VendorID, City, State, ZipCode, Street) values (64, 'Modesto', 'California', '95397', '7364 Portage Pass');
insert into VendorLocations (VendorID, City, State, ZipCode, Street) values (70, 'Milwaukee', 'Wisconsin', '53220', '0115 Golf Course Plaza');
insert into VendorLocations (VendorID, City, State, ZipCode, Street) values (50, 'Maple Plain', 'Minnesota', '55572', '331 Anniversary Court');
insert into VendorLocations (VendorID, City, State, ZipCode, Street) values (38, 'Dallas', 'Texas', '75397', '089 Magdeline Trail');
insert into VendorLocations (VendorID, City, State, ZipCode, Street) values (62, 'Van Nuys', 'California', '91499', '0646 Stuart Junction');
insert into VendorLocations (VendorID, City, State, ZipCode, Street) values (9, 'Anderson', 'South Carolina', '29625', '458 Scofield Center');
insert into VendorLocations (VendorID, City, State, ZipCode, Street) values (50, 'Monroe', 'Louisiana', '71208', '1297 Bonner Parkway');
insert into VendorLocations (VendorID, City, State, ZipCode, Street) values (10, 'Bozeman', 'Montana', '59771', '59 Hermina Road');
insert into VendorLocations (VendorID, City, State, ZipCode, Street) values (54, 'Tucson', 'Arizona', '85725', '6893 Dennis Avenue');
insert into VendorLocations (VendorID, City, State, ZipCode, Street) values (15, 'Hayward', 'California', '94544', '54335 Kipling Circle');
insert into VendorLocations (VendorID, City, State, ZipCode, Street) values (39, 'Los Angeles', 'California', '90050', '4226 Farragut Way');
insert into VendorLocations (VendorID, City, State, ZipCode, Street) values (22, 'Saint Cloud', 'Minnesota', '56372', '8 Spohn Lane');
insert into VendorLocations (VendorID, City, State, ZipCode, Street) values (23, 'Denver', 'Colorado', '80291', '3 Oak Valley Road');
insert into VendorLocations (VendorID, City, State, ZipCode, Street) values (52, 'Lansing', 'Michigan', '48912', '9 Susan Pass');
insert into VendorLocations (VendorID, City, State, ZipCode, Street) values (38, 'Phoenix', 'Arizona', '85067', '93775 Carey Pass');
insert into VendorLocations (VendorID, City, State, ZipCode, Street) values (17, 'Hollywood', 'Florida', '33028', '1 Maryland Street');
insert into VendorLocations (VendorID, City, State, ZipCode, Street) values (10, 'Scottsdale', 'Arizona', '85260', '9872 Sutteridge Plaza');
insert into VendorLocations (VendorID, City, State, ZipCode, Street) values (14, 'Washington', 'District of Columbia', '20470', '87009 Monument Terrace');
insert into VendorLocations (VendorID, City, State, ZipCode, Street) values (22, 'Houston', 'Texas', '77065', '783 Manley Center');
insert into VendorLocations (VendorID, City, State, ZipCode, Street) values (12, 'Madison', 'Wisconsin', '53726', '8 Sundown Hill');
insert into VendorLocations (VendorID, City, State, ZipCode, Street) values (38, 'Panama City', 'Florida', '32405', '52899 Tennessee Road');
insert into VendorLocations (VendorID, City, State, ZipCode, Street) values (42, 'Falls Church', 'Virginia', '22047', '31 Johnson Place');
insert into VendorLocations (VendorID, City, State, ZipCode, Street) values (18, 'Houston', 'Texas', '77206', '4803 Clemons Lane');
insert into VendorLocations (VendorID, City, State, ZipCode, Street) values (6, 'Toledo', 'Ohio', '43605', '285 Leroy Plaza');
insert into VendorLocations (VendorID, City, State, ZipCode, Street) values (65, 'New York City', 'New York', '10170', '05 Lillian Trail');
insert into VendorLocations (VendorID, City, State, ZipCode, Street) values (60, 'Athens', 'Georgia', '30610', '364 Westend Court');
insert into VendorLocations (VendorID, City, State, ZipCode, Street) values (37, 'Shreveport', 'Louisiana', '71166', '7592 Oak Valley Place');
insert into VendorLocations (VendorID, City, State, ZipCode, Street) values (40, 'Largo', 'Florida', '33777', '1 Scofield Trail');
insert into VendorLocations (VendorID, City, State, ZipCode, Street) values (22, 'Silver Spring', 'Maryland', '20910', '2250 Continental Point');
insert into VendorLocations (VendorID, City, State, ZipCode, Street) values (61, 'New Castle', 'Pennsylvania', '16107', '887 Cherokee Drive');
insert into VendorLocations (VendorID, City, State, ZipCode, Street) values (58, 'El Paso', 'Texas', '79934', '66 Hauk Center');
insert into VendorLocations (VendorID, City, State, ZipCode, Street) values (16, 'Fresno', 'California', '93762', '53747 Walton Drive');
insert into VendorLocations (VendorID, City, State, ZipCode, Street) values (60, 'Boston', 'Massachusetts', '02283', '9 Myrtle Lane');
insert into VendorLocations (VendorID, City, State, ZipCode, Street) values (4, 'Washington', 'District of Columbia', '20535', '947 Superior Trail');
insert into VendorLocations (VendorID, City, State, ZipCode, Street) values (6, 'Riverside', 'California', '92505', '909 Talisman Parkway');
insert into VendorLocations (VendorID, City, State, ZipCode, Street) values (65, 'Austin', 'Texas', '78732', '00 Merrick Junction');
insert into VendorLocations (VendorID, City, State, ZipCode, Street) values (12, 'Charleston', 'South Carolina', '29403', '680 Crownhardt Center');
insert into VendorLocations (VendorID, City, State, ZipCode, Street) values (42, 'Brooklyn', 'New York', '11236', '177 Rowland Circle');
insert into VendorLocations (VendorID, City, State, ZipCode, Street) values (68, 'Van Nuys', 'California', '91406', '0899 Dunning Crossing');
insert into VendorLocations (VendorID, City, State, ZipCode, Street) values (54, 'Birmingham', 'Alabama', '35295', '2112 Di Loreto Crossing');
insert into VendorLocations (VendorID, City, State, ZipCode, Street) values (14, 'Springfield', 'Missouri', '65810', '1 Cherokee Way');
insert into VendorLocations (VendorID, City, State, ZipCode, Street) values (41, 'Worcester', 'Massachusetts', '01605', '9 Erie Junction');
insert into VendorLocations (VendorID, City, State, ZipCode, Street) values (59, 'Sacramento', 'California', '94273', '012 Golden Leaf Trail');
insert into VendorLocations (VendorID, City, State, ZipCode, Street) values (48, 'Pasadena', 'California', '91125', '84974 Helena Way');
insert into VendorLocations (VendorID, City, State, ZipCode, Street) values (41, 'Seattle', 'Washington', '98127', '46804 Golden Leaf Parkway');
insert into VendorLocations (VendorID, City, State, ZipCode, Street) values (44, 'Baltimore', 'Maryland', '21211', '74 Mayfield Court');
insert into VendorLocations (VendorID, City, State, ZipCode, Street) values (31, 'Delray Beach', 'Florida', '33448', '17 Carpenter Drive');
insert into VendorLocations (VendorID, City, State, ZipCode, Street) values (3, 'San Bernardino', 'California', '92410', '10 Monterey Trail');
insert into VendorLocations (VendorID, City, State, ZipCode, Street) values (56, 'El Paso', 'Texas', '79940', '231 Eagan Avenue');
insert into VendorLocations (VendorID, City, State, ZipCode, Street) values (65, 'Cleveland', 'Ohio', '44125', '9 Crownhardt Trail');
insert into VendorLocations (VendorID, City, State, ZipCode, Street) values (9, 'Lexington', 'Kentucky', '40576', '46 Westend Way');
insert into VendorLocations (VendorID, City, State, ZipCode, Street) values (18, 'El Paso', 'Texas', '79989', '26080 Mesta Place');
insert into VendorLocations (VendorID, City, State, ZipCode, Street) values (61, 'Grand Junction', 'Colorado', '81505', '7294 Maple Circle');
insert into VendorLocations (VendorID, City, State, ZipCode, Street) values (49, 'El Paso', 'Texas', '88579', '0979 Dottie Crossing');
insert into VendorLocations (VendorID, City, State, ZipCode, Street) values (66, 'Pensacola', 'Florida', '32595', '0153 Northland Park');
insert into VendorLocations (VendorID, City, State, ZipCode, Street) values (20, 'Honolulu', 'Hawaii', '96805', '862 Northridge Circle');
insert into VendorLocations (VendorID, City, State, ZipCode, Street) values (61, 'Port Washington', 'New York', '11054', '502 Bay Alley');
insert into VendorLocations (VendorID, City, State, ZipCode, Street) values (46, 'Pasadena', 'California', '91117', '239 Summerview Circle');
insert into VendorLocations (VendorID, City, State, ZipCode, Street) values (33, 'Pasadena', 'California', '91131', '6024 Farragut Center');
insert into VendorLocations (VendorID, City, State, ZipCode, Street) values (35, 'Louisville', 'Kentucky', '40280', '67 Southridge Terrace');
insert into VendorLocations (VendorID, City, State, ZipCode, Street) values (43, 'Tucson', 'Arizona', '85732', '2 Tennyson Street');
insert into VendorLocations (VendorID, City, State, ZipCode, Street) values (69, 'El Paso', 'Texas', '79950', '05 Meadow Ridge Road');
insert into VendorLocations (VendorID, City, State, ZipCode, Street) values (18, 'Charlotte', 'North Carolina', '28235', '0 Del Sol Parkway');
insert into VendorLocations (VendorID, City, State, ZipCode, Street) values (6, 'Washington', 'District of Columbia', '20337', '60078 Lindbergh Court');
insert into VendorLocations (VendorID, City, State, ZipCode, Street) values (38, 'Erie', 'Pennsylvania', '16510', '2652 Buena Vista Alley');
insert into VendorLocations (VendorID, City, State, ZipCode, Street) values (35, 'Melbourne', 'Florida', '32941', '9948 Prairie Rose Place');
insert into VendorLocations (VendorID, City, State, ZipCode, Street) values (66, 'Anchorage', 'Alaska', '99507', '527 Summit Junction');
insert into VendorLocations (VendorID, City, State, ZipCode, Street) values (56, 'Charlotte', 'North Carolina', '28230', '1 Dapin Trail');
insert into VendorLocations (VendorID, City, State, ZipCode, Street) values (40, 'Houston', 'Texas', '77228', '616 West Park');
insert into VendorLocations (VendorID, City, State, ZipCode, Street) values (16, 'Houston', 'Texas', '77234', '04 Northwestern Court');
insert into VendorLocations (VendorID, City, State, ZipCode, Street) values (69, 'Albuquerque', 'New Mexico', '87190', '26893 Crowley Alley');
insert into VendorLocations (VendorID, City, State, ZipCode, Street) values (2, 'Whittier', 'California', '90610', '97 Tony Road');
insert into VendorLocations (VendorID, City, State, ZipCode, Street) values (48, 'Raleigh', 'North Carolina', '27626', '97 Nobel Center');
insert into VendorLocations (VendorID, City, State, ZipCode, Street) values (23, 'Atlanta', 'Georgia', '30311', '3088 Lakewood Gardens Terrace');
insert into VendorLocations (VendorID, City, State, ZipCode, Street) values (29, 'Canton', 'Ohio', '44720', '3408 Dottie Terrace');
insert into VendorLocations (VendorID, City, State, ZipCode, Street) values (18, 'San Francisco', 'California', '94110', '3629 Hazelcrest Lane');
insert into VendorLocations (VendorID, City, State, ZipCode, Street) values (14, 'Oceanside', 'California', '92056', '8862 Toban Trail');
insert into VendorLocations (VendorID, City, State, ZipCode, Street) values (7, 'Kissimmee', 'Florida', '34745', '54947 Susan Alley');
insert into VendorLocations (VendorID, City, State, ZipCode, Street) values (45, 'Pompano Beach', 'Florida', '33069', '9 Huxley Alley');
insert into VendorLocations (VendorID, City, State, ZipCode, Street) values (28, 'Honolulu', 'Hawaii', '96805', '406 Roxbury Junction');
insert into VendorLocations (VendorID, City, State, ZipCode, Street) values (4, 'Pasadena', 'California', '91103', '740 Northwestern Place');
insert into VendorLocations (VendorID, City, State, ZipCode, Street) values (10, 'Detroit', 'Michigan', '48242', '8 Kensington Hill');
insert into VendorLocations (VendorID, City, State, ZipCode, Street) values (9, 'Largo', 'Florida', '34643', '668 Mallard Pass');
insert into VendorLocations (VendorID, City, State, ZipCode, Street) values (14, 'Pittsburgh', 'Pennsylvania', '15225', '8 Petterle Lane');
insert into VendorLocations (VendorID, City, State, ZipCode, Street) values (41, 'Richmond', 'Virginia', '23220', '1 Clemons Trail');
insert into VendorLocations (VendorID, City, State, ZipCode, Street) values (13, 'Atlanta', 'Georgia', '30336', '448 Jay Parkway');
insert into VendorLocations (VendorID, City, State, ZipCode, Street) values (52, 'Boynton Beach', 'Florida', '33436', '35 Mayfield Street');
insert into VendorLocations (VendorID, City, State, ZipCode, Street) values (38, 'New Orleans', 'Louisiana', '70129', '3 Fallview Parkway');
insert into VendorLocations (VendorID, City, State, ZipCode, Street) values (37, 'Santa Rosa', 'California', '95405', '4 Clyde Gallagher Lane');
insert into VendorLocations (VendorID, City, State, ZipCode, Street) values (10, 'Washington', 'District of Columbia', '20530', '86620 Lerdahl Trail');
insert into VendorLocations (VendorID, City, State, ZipCode, Street) values (44, 'Missoula', 'Montana', '59806', '25359 Melvin Circle');
insert into VendorLocations (VendorID, City, State, ZipCode, Street) values (24, 'Mesquite', 'Texas', '75185', '997 Welch Road');
insert into VendorLocations (VendorID, City, State, ZipCode, Street) values (17, 'Pensacola', 'Florida', '32590', '1703 West Place');
insert into VendorLocations (VendorID, City, State, ZipCode, Street) values (3, 'Silver Spring', 'Maryland', '20904', '3 Farragut Place');
insert into VendorLocations (VendorID, City, State, ZipCode, Street) values (9, 'Saint Petersburg', 'Florida', '33715', '10 Lien Plaza');
insert into VendorLocations (VendorID, City, State, ZipCode, Street) values (4, 'Minneapolis', 'Minnesota', '55448', '9600 Bluestem Lane');
insert into VendorLocations (VendorID, City, State, ZipCode, Street) values (66, 'Houston', 'Texas', '77255', '0 Reinke Place');
insert into VendorLocations (VendorID, City, State, ZipCode, Street) values (62, 'Largo', 'Florida', '33777', '1017 Clemons Point');
insert into VendorLocations (VendorID, City, State, ZipCode, Street) values (65, 'Jamaica', 'New York', '11436', '9903 Tony Circle');
insert into VendorLocations (VendorID, City, State, ZipCode, Street) values (59, 'Indianapolis', 'Indiana', '46216', '046 Blaine Lane');
insert into VendorLocations (VendorID, City, State, ZipCode, Street) values (3, 'Santa Fe', 'New Mexico', '87592', '212 Fair Oaks Place');
insert into VendorLocations (VendorID, City, State, ZipCode, Street) values (69, 'Santa Ana', 'California', '92705', '000 Hermina Plaza');
insert into VendorLocations (VendorID, City, State, ZipCode, Street) values (34, 'Gatesville', 'Texas', '76598', '47 Veith Junction');
insert into VendorLocations (VendorID, City, State, ZipCode, Street) values (9, 'Tacoma', 'Washington', '98481', '557 Elgar Drive');
insert into VendorLocations (VendorID, City, State, ZipCode, Street) values (6, 'Phoenix', 'Arizona', '85072', '1 Oak Plaza');
insert into VendorLocations (VendorID, City, State, ZipCode, Street) values (39, 'Akron', 'Ohio', '44315', '8 Spenser Road');
insert into VendorLocations (VendorID, City, State, ZipCode, Street) values (41, 'New York City', 'New York', '10034', '97391 Ryan Terrace');
insert into VendorLocations (VendorID, City, State, ZipCode, Street) values (51, 'Atlanta', 'Georgia', '30392', '5 Dunning Drive');
insert into VendorLocations (VendorID, City, State, ZipCode, Street) values (22, 'Stockton', 'California', '95205', '46 Gulseth Lane');
insert into VendorLocations (VendorID, City, State, ZipCode, Street) values (33, 'Bismarck', 'North Dakota', '58505', '14 Golf View Drive');
insert into VendorLocations (VendorID, City, State, ZipCode, Street) values (20, 'Colorado Springs', 'Colorado', '80935', '47 Magdeline Hill');
insert into VendorLocations (VendorID, City, State, ZipCode, Street) values (65, 'Erie', 'Pennsylvania', '16565', '7495 Sycamore Way');
insert into VendorLocations (VendorID, City, State, ZipCode, Street) values (4, 'Albuquerque', 'New Mexico', '87195', '91822 Vernon Terrace');
insert into VendorLocations (VendorID, City, State, ZipCode, Street) values (5, 'Ogden', 'Utah', '84403', '73255 Scoville Point');
insert into VendorLocations (VendorID, City, State, ZipCode, Street) values (52, 'Rochester', 'New York', '14683', '54548 Birchwood Pass');
insert into VendorLocations (VendorID, City, State, ZipCode, Street) values (11, 'Atlanta', 'Georgia', '31196', '44755 Onsgard Junction');
insert into VendorLocations (VendorID, City, State, ZipCode, Street) values (53, 'Vienna', 'Virginia', '22184', '66649 Glacier Hill Place');
insert into VendorLocations (VendorID, City, State, ZipCode, Street) values (5, 'Beaumont', 'Texas', '77705', '39724 Lakewood Gardens Parkway');
insert into VendorLocations (VendorID, City, State, ZipCode, Street) values (27, 'Boston', 'Massachusetts', '02104', '4 Fair Oaks Lane');
insert into VendorLocations (VendorID, City, State, ZipCode, Street) values (35, 'Grand Rapids', 'Michigan', '49505', '54 Ridgeview Trail');
insert into VendorLocations (VendorID, City, State, ZipCode, Street) values (56, 'San Jose', 'California', '95118', '5073 Clemons Plaza');
insert into VendorLocations (VendorID, City, State, ZipCode, Street) values (31, 'San Mateo', 'California', '94405', '1 Ruskin Alley');
insert into VendorLocations (VendorID, City, State, ZipCode, Street) values (43, 'Decatur', 'Georgia', '30033', '79492 Prentice Circle');
insert into VendorLocations (VendorID, City, State, ZipCode, Street) values (65, 'Saint Paul', 'Minnesota', '55103', '65 Harbort Hill');
insert into VendorLocations (VendorID, City, State, ZipCode, Street) values (59, 'Huntsville', 'Texas', '77343', '6 Merchant Point');
insert into VendorLocations (VendorID, City, State, ZipCode, Street) values (52, 'Evanston', 'Illinois', '60208', '2241 Jackson Crossing');
insert into VendorLocations (VendorID, City, State, ZipCode, Street) values (53, 'Alexandria', 'Virginia', '22301', '8502 Bunting Junction');
insert into VendorLocations (VendorID, City, State, ZipCode, Street) values (2, 'Memphis', 'Tennessee', '38114', '041 Center Road');
insert into VendorLocations (VendorID, City, State, ZipCode, Street) values (28, 'Los Angeles', 'California', '90189', '498 Debs Parkway');
insert into VendorLocations (VendorID, City, State, ZipCode, Street) values (42, 'Orange', 'California', '92668', '01 Evergreen Circle');
insert into VendorLocations (VendorID, City, State, ZipCode, Street) values (26, 'Ventura', 'California', '93005', '5294 Toban Drive');
insert into VendorLocations (VendorID, City, State, ZipCode, Street) values (25, 'Washington', 'District of Columbia', '20470', '20692 Ridgeview Way');
insert into VendorLocations (VendorID, City, State, ZipCode, Street) values (4, 'Wichita', 'Kansas', '67230', '9935 Mcbride Place');
insert into VendorLocations (VendorID, City, State, ZipCode, Street) values (1, 'Jamaica', 'New York', '11436', '95105 Hayes Drive');
insert into VendorLocations (VendorID, City, State, ZipCode, Street) values (9, 'Waterloo', 'Iowa', '50706', '9 Northview Lane');
insert into VendorLocations (VendorID, City, State, ZipCode, Street) values (63, 'Washington', 'District of Columbia', '20535', '68 Northwestern Center');
insert into VendorLocations (VendorID, City, State, ZipCode, Street) values (43, 'Washington', 'District of Columbia', '20540', '0 Hintze Trail');
insert into VendorLocations (VendorID, City, State, ZipCode, Street) values (25, 'Fresno', 'California', '93709', '981 Mallard Center');
insert into VendorLocations (VendorID, City, State, ZipCode, Street) values (42, 'Danbury', 'Connecticut', '06816', '10054 Packers Drive');
insert into VendorLocations (VendorID, City, State, ZipCode, Street) values (30, 'Tacoma', 'Washington', '98417', '3 Bellgrove Junction');
insert into VendorLocations (VendorID, City, State, ZipCode, Street) values (26, 'Flint', 'Michigan', '48550', '959 Sunfield Terrace');
insert into VendorLocations (VendorID, City, State, ZipCode, Street) values (64, 'Corpus Christi', 'Texas', '78415', '9 Jenifer Hill');
insert into VendorLocations (VendorID, City, State, ZipCode, Street) values (33, 'Brooklyn', 'New York', '11231', '0166 Fallview Court');
insert into VendorLocations (VendorID, City, State, ZipCode, Street) values (69, 'Sacramento', 'California', '95828', '12 Pennsylvania Terrace');
insert into VendorLocations (VendorID, City, State, ZipCode, Street) values (3, 'Newark', 'New Jersey', '07188', '485 Sauthoff Street');
insert into VendorLocations (VendorID, City, State, ZipCode, Street) values (45, 'San Jose', 'California', '95160', '20936 Carey Avenue');
insert into VendorLocations (VendorID, City, State, ZipCode, Street) values (26, 'Saint Cloud', 'Minnesota', '56372', '9168 Monica Plaza');
insert into VendorLocations (VendorID, City, State, ZipCode, Street) values (61, 'Washington', 'District of Columbia', '20220', '9745 Montana Alley');
insert into VendorLocations (VendorID, City, State, ZipCode, Street) values (21, 'Kansas City', 'Missouri', '64149', '1 Mallard Drive');
insert into VendorLocations (VendorID, City, State, ZipCode, Street) values (34, 'Newton', 'Massachusetts', '02162', '41 Summer Ridge Park');
insert into VendorLocations (VendorID, City, State, ZipCode, Street) values (21, 'Fort Wayne', 'Indiana', '46852', '8056 International Alley');
insert into VendorLocations (VendorID, City, State, ZipCode, Street) values (68, 'Atlanta', 'Georgia', '30301', '0 Springview Court');
insert into VendorLocations (VendorID, City, State, ZipCode, Street) values (34, 'Washington', 'District of Columbia', '20319', '60 Monica Lane');
insert into VendorLocations (VendorID, City, State, ZipCode, Street) values (65, 'New York City', 'New York', '10260', '0276 Dexter Circle');
insert into VendorLocations (VendorID, City, State, ZipCode, Street) values (12, 'Philadelphia', 'Pennsylvania', '19136', '90 Transport Terrace');
insert into VendorLocations (VendorID, City, State, ZipCode, Street) values (29, 'Dallas', 'Texas', '75379', '54 Logan Avenue');
insert into VendorLocations (VendorID, City, State, ZipCode, Street) values (13, 'Canton', 'Ohio', '44710', '5 Summer Ridge Circle');
insert into VendorLocations (VendorID, City, State, ZipCode, Street) values (16, 'Gainesville', 'Florida', '32610', '5 8th Crossing');
insert into VendorLocations (VendorID, City, State, ZipCode, Street) values (23, 'Pasadena', 'California', '91199', '276 Arrowood Terrace');
insert into VendorLocations (VendorID, City, State, ZipCode, Street) values (9, 'Nashville', 'Tennessee', '37240', '52 Dayton Plaza');
insert into VendorLocations (VendorID, City, State, ZipCode, Street) values (5, 'Columbus', 'Ohio', '43231', '8 Ramsey Parkway');
insert into VendorLocations (VendorID, City, State, ZipCode, Street) values (37, 'Atlanta', 'Georgia', '30356', '79 Drewry Way');
insert into VendorLocations (VendorID, City, State, ZipCode, Street) values (41, 'Charlotte', 'North Carolina', '28205', '136 Service Way');
insert into VendorLocations (VendorID, City, State, ZipCode, Street) values (1, 'Oklahoma City', 'Oklahoma', '73124', '846 Red Cloud Crossing');
insert into VendorLocations (VendorID, City, State, ZipCode, Street) values (46, 'Boise', 'Idaho', '83757', '527 Algoma Place');
insert into VendorLocations (VendorID, City, State, ZipCode, Street) values (52, 'Louisville', 'Kentucky', '40215', '99057 Thierer Terrace');
insert into VendorLocations (VendorID, City, State, ZipCode, Street) values (15, 'Charlotte', 'North Carolina', '28215', '286 Mallard Road');
insert into VendorLocations (VendorID, City, State, ZipCode, Street) values (43, 'Montgomery', 'Alabama', '36104', '18 Grayhawk Circle');
insert into VendorLocations (VendorID, City, State, ZipCode, Street) values (2, 'Los Angeles', 'California', '90081', '23 Sunnyside Parkway');
insert into VendorLocations (VendorID, City, State, ZipCode, Street) values (50, 'Scottsdale', 'Arizona', '85271', '3669 Hanson Avenue');
insert into VendorLocations (VendorID, City, State, ZipCode, Street) values (40, 'Dallas', 'Texas', '75221', '4 Ridge Oak Crossing');
insert into VendorLocations (VendorID, City, State, ZipCode, Street) values (11, 'Pittsburgh', 'Pennsylvania', '15215', '663 Mallory Pass');
insert into VendorLocations (VendorID, City, State, ZipCode, Street) values (24, 'Springfield', 'Missouri', '65805', '7785 Hanson Park');
insert into VendorLocations (VendorID, City, State, ZipCode, Street) values (45, 'Harrisburg', 'Pennsylvania', '17105', '211 Eagle Crest Drive');
insert into VendorLocations (VendorID, City, State, ZipCode, Street) values (34, 'Boulder', 'Colorado', '80305', '675 Portage Junction');
insert into VendorLocations (VendorID, City, State, ZipCode, Street) values (4, 'Saint Paul', 'Minnesota', '55108', '2298 Waxwing Drive');

insert into OrderStatus (OrderDetailsID, EstimatedDeliveryTime, ActualDeliveryTime, Status) values (65, '1048-07-05 07:08:23', '1596-01-14 22:11:18', 'delayed');
insert into OrderStatus (OrderDetailsID, EstimatedDeliveryTime, ActualDeliveryTime, Status) values (115, '1112-10-03 08:16:53', '1108-06-01 06:01:17', 'delivered');
insert into OrderStatus (OrderDetailsID, EstimatedDeliveryTime, ActualDeliveryTime, Status) values (123, '1080-06-12 22:35:03', '2029-05-14 06:18:02', 'delivered');
insert into OrderStatus (OrderDetailsID, EstimatedDeliveryTime, ActualDeliveryTime, Status) values (169, '1523-03-18 16:08:21', '1558-02-15 10:01:28', 'in route');
insert into OrderStatus (OrderDetailsID, EstimatedDeliveryTime, ActualDeliveryTime, Status) values (33, '2026-07-19 02:26:00', '1024-05-10 03:08:27', 'processing');
insert into OrderStatus (OrderDetailsID, EstimatedDeliveryTime, ActualDeliveryTime, Status) values (38, '1217-02-01 23:38:47', '1176-04-08 16:04:28', 'pending');
insert into OrderStatus (OrderDetailsID, EstimatedDeliveryTime, ActualDeliveryTime, Status) values (150, '1160-08-19 11:34:14', '2007-03-15 20:22:08', 'processing');
insert into OrderStatus (OrderDetailsID, EstimatedDeliveryTime, ActualDeliveryTime, Status) values (72, '1480-02-05 08:36:09', '1371-01-10 11:10:01', 'processing');
insert into OrderStatus (OrderDetailsID, EstimatedDeliveryTime, ActualDeliveryTime, Status) values (147, '1589-04-02 17:49:03', '1945-04-02 14:21:04', 'delivered');
insert into OrderStatus (OrderDetailsID, EstimatedDeliveryTime, ActualDeliveryTime, Status) values (68, '1146-08-03 05:23:06', '1140-03-09 01:44:43', 'pending');
insert into OrderStatus (OrderDetailsID, EstimatedDeliveryTime, ActualDeliveryTime, Status) values (98, '1207-05-15 23:59:00', '1376-02-01 03:23:51', 'in route');
insert into OrderStatus (OrderDetailsID, EstimatedDeliveryTime, ActualDeliveryTime, Status) values (78, '1926-07-17 08:04:24', '1739-01-15 16:07:52', 'processing');
insert into OrderStatus (OrderDetailsID, EstimatedDeliveryTime, ActualDeliveryTime, Status) values (88, '1323-02-19 23:20:08', '1615-01-10 07:05:07', 'processing');
insert into OrderStatus (OrderDetailsID, EstimatedDeliveryTime, ActualDeliveryTime, Status) values (1, '1469-01-14 01:01:46', '2072-01-17 09:49:52', 'delivered');
insert into OrderStatus (OrderDetailsID, EstimatedDeliveryTime, ActualDeliveryTime, Status) values (148, '1893-08-15 05:12:56', '1545-05-15 11:31:31', 'in route');
insert into OrderStatus (OrderDetailsID, EstimatedDeliveryTime, ActualDeliveryTime, Status) values (51, '1288-12-18 17:13:27', '2097-11-05 14:32:20', 'pending');
insert into OrderStatus (OrderDetailsID, EstimatedDeliveryTime, ActualDeliveryTime, Status) values (26, '1983-04-10 23:37:46', '1402-03-13 08:09:12', 'processing');
insert into OrderStatus (OrderDetailsID, EstimatedDeliveryTime, ActualDeliveryTime, Status) values (57, '1768-01-17 11:46:32', '1848-06-13 04:23:41', 'in route');
insert into OrderStatus (OrderDetailsID, EstimatedDeliveryTime, ActualDeliveryTime, Status) values (114, '2074-05-09 23:32:12', '1715-02-17 19:18:28', 'processing');
insert into OrderStatus (OrderDetailsID, EstimatedDeliveryTime, ActualDeliveryTime, Status) values (107, '1803-05-15 09:56:44', '1031-02-01 20:34:25', 'in route');
insert into OrderStatus (OrderDetailsID, EstimatedDeliveryTime, ActualDeliveryTime, Status) values (172, '1651-04-01 07:22:04', '1956-09-13 01:22:31', 'delivered');
insert into OrderStatus (OrderDetailsID, EstimatedDeliveryTime, ActualDeliveryTime, Status) values (116, '1237-02-11 01:22:46', '1848-02-02 01:49:06', 'pending');
insert into OrderStatus (OrderDetailsID, EstimatedDeliveryTime, ActualDeliveryTime, Status) values (110, '1845-10-19 09:43:26', '1252-08-07 06:53:21', 'delivered');
insert into OrderStatus (OrderDetailsID, EstimatedDeliveryTime, ActualDeliveryTime, Status) values (33, '1898-03-06 18:03:56', '1878-01-01 23:31:00', 'delivered');
insert into OrderStatus (OrderDetailsID, EstimatedDeliveryTime, ActualDeliveryTime, Status) values (96, '1320-04-01 13:04:09', '1255-06-13 19:32:15', 'pending');
insert into OrderStatus (OrderDetailsID, EstimatedDeliveryTime, ActualDeliveryTime, Status) values (161, '1532-07-01 10:39:20', '1792-07-11 16:08:01', 'processing');
insert into OrderStatus (OrderDetailsID, EstimatedDeliveryTime, ActualDeliveryTime, Status) values (137, '1636-05-16 15:30:45', '1558-12-04 08:28:18', 'delivered');
insert into OrderStatus (OrderDetailsID, EstimatedDeliveryTime, ActualDeliveryTime, Status) values (93, '2078-01-08 17:42:29', '1410-01-09 14:37:07', 'pending');
insert into OrderStatus (OrderDetailsID, EstimatedDeliveryTime, ActualDeliveryTime, Status) values (66, '2000-05-08 05:40:00', '1058-02-01 08:04:05', 'processing');
insert into OrderStatus (OrderDetailsID, EstimatedDeliveryTime, ActualDeliveryTime, Status) values (109, '2025-03-01 03:34:46', '1659-07-09 06:50:05', 'processing');
insert into OrderStatus (OrderDetailsID, EstimatedDeliveryTime, ActualDeliveryTime, Status) values (164, '1804-08-08 00:43:20', '1025-03-18 07:21:03', 'pending');
insert into OrderStatus (OrderDetailsID, EstimatedDeliveryTime, ActualDeliveryTime, Status) values (156, '1480-06-07 12:31:10', '2008-07-18 03:02:58', 'in route');
insert into OrderStatus (OrderDetailsID, EstimatedDeliveryTime, ActualDeliveryTime, Status) values (68, '1085-04-14 00:09:06', '1082-04-14 16:49:54', 'pending');
insert into OrderStatus (OrderDetailsID, EstimatedDeliveryTime, ActualDeliveryTime, Status) values (170, '1936-01-11 20:04:37', '1936-09-05 14:12:04', 'pending');
insert into OrderStatus (OrderDetailsID, EstimatedDeliveryTime, ActualDeliveryTime, Status) values (121, '1811-09-03 23:26:58', '2017-07-10 19:20:47', 'processing');
insert into OrderStatus (OrderDetailsID, EstimatedDeliveryTime, ActualDeliveryTime, Status) values (131, '2087-10-03 04:11:49', '1334-09-10 23:31:20', 'in route');
insert into OrderStatus (OrderDetailsID, EstimatedDeliveryTime, ActualDeliveryTime, Status) values (11, '1402-07-01 04:23:11', '1548-03-04 11:14:20', 'delivered');
insert into OrderStatus (OrderDetailsID, EstimatedDeliveryTime, ActualDeliveryTime, Status) values (39, '1827-04-11 13:23:28', '1568-04-15 01:36:30', 'processing');
insert into OrderStatus (OrderDetailsID, EstimatedDeliveryTime, ActualDeliveryTime, Status) values (141, '1200-04-08 05:05:24', '2052-06-17 18:31:08', 'in route');
insert into OrderStatus (OrderDetailsID, EstimatedDeliveryTime, ActualDeliveryTime, Status) values (119, '1803-04-18 00:21:33', '1833-06-10 11:02:58', 'pending');
insert into OrderStatus (OrderDetailsID, EstimatedDeliveryTime, ActualDeliveryTime, Status) values (163, '1955-12-08 06:33:08', '1466-08-05 15:20:23', 'delayed');
insert into OrderStatus (OrderDetailsID, EstimatedDeliveryTime, ActualDeliveryTime, Status) values (81, '1910-02-05 03:08:01', '1443-04-17 08:15:22', 'pending');
insert into OrderStatus (OrderDetailsID, EstimatedDeliveryTime, ActualDeliveryTime, Status) values (156, '1000-04-18 17:25:28', '1076-06-13 10:09:05', 'processing');
insert into OrderStatus (OrderDetailsID, EstimatedDeliveryTime, ActualDeliveryTime, Status) values (103, '1492-10-06 19:41:06', '1772-08-02 04:52:25', 'delayed');
insert into OrderStatus (OrderDetailsID, EstimatedDeliveryTime, ActualDeliveryTime, Status) values (60, '2089-09-04 00:55:07', '1920-12-15 17:30:00', 'in route');
insert into OrderStatus (OrderDetailsID, EstimatedDeliveryTime, ActualDeliveryTime, Status) values (152, '1193-12-10 05:59:01', '2010-08-10 05:32:39', 'in route');
insert into OrderStatus (OrderDetailsID, EstimatedDeliveryTime, ActualDeliveryTime, Status) values (1, '2043-12-10 19:31:09', '2005-09-09 16:20:07', 'processing');
insert into OrderStatus (OrderDetailsID, EstimatedDeliveryTime, ActualDeliveryTime, Status) values (144, '1010-09-19 22:05:06', '1054-07-01 13:35:53', 'in route');
insert into OrderStatus (OrderDetailsID, EstimatedDeliveryTime, ActualDeliveryTime, Status) values (103, '1785-05-06 02:55:02', '1721-08-15 17:28:45', 'pending');
insert into OrderStatus (OrderDetailsID, EstimatedDeliveryTime, ActualDeliveryTime, Status) values (76, '1895-09-15 12:01:24', '1890-05-11 10:13:50', 'pending');
insert into OrderStatus (OrderDetailsID, EstimatedDeliveryTime, ActualDeliveryTime, Status) values (175, '1890-02-07 18:09:38', '2057-11-06 16:55:55', 'delayed');
insert into OrderStatus (OrderDetailsID, EstimatedDeliveryTime, ActualDeliveryTime, Status) values (59, '1912-09-15 01:26:43', '1705-09-01 03:06:15', 'delayed');
insert into OrderStatus (OrderDetailsID, EstimatedDeliveryTime, ActualDeliveryTime, Status) values (34, '1957-01-16 11:39:00', '1176-07-06 00:14:06', 'in route');
insert into OrderStatus (OrderDetailsID, EstimatedDeliveryTime, ActualDeliveryTime, Status) values (16, '1808-04-14 01:31:53', '1536-01-04 15:27:35', 'delivered');
insert into OrderStatus (OrderDetailsID, EstimatedDeliveryTime, ActualDeliveryTime, Status) values (8, '1887-06-19 01:15:04', '1880-09-15 07:02:07', 'delivered');
insert into OrderStatus (OrderDetailsID, EstimatedDeliveryTime, ActualDeliveryTime, Status) values (157, '1804-06-10 05:06:05', '2053-12-13 16:01:24', 'pending');
insert into OrderStatus (OrderDetailsID, EstimatedDeliveryTime, ActualDeliveryTime, Status) values (30, '1408-09-04 20:23:24', '1212-04-12 01:16:47', 'pending');
insert into OrderStatus (OrderDetailsID, EstimatedDeliveryTime, ActualDeliveryTime, Status) values (60, '1884-10-15 06:34:02', '1649-12-05 07:28:23', 'delayed');
insert into OrderStatus (OrderDetailsID, EstimatedDeliveryTime, ActualDeliveryTime, Status) values (78, '1297-05-05 11:28:06', '1513-01-10 20:25:25', 'processing');
insert into OrderStatus (OrderDetailsID, EstimatedDeliveryTime, ActualDeliveryTime, Status) values (132, '1529-05-01 12:08:16', '1138-06-05 14:26:32', 'processing');
insert into OrderStatus (OrderDetailsID, EstimatedDeliveryTime, ActualDeliveryTime, Status) values (137, '1727-05-03 01:36:25', '1514-07-09 13:04:23', 'pending');
insert into OrderStatus (OrderDetailsID, EstimatedDeliveryTime, ActualDeliveryTime, Status) values (3, '2029-06-14 21:02:09', '1445-03-12 10:01:36', 'in route');
insert into OrderStatus (OrderDetailsID, EstimatedDeliveryTime, ActualDeliveryTime, Status) values (140, '1683-12-05 21:44:42', '1852-04-03 10:53:20', 'delayed');
insert into OrderStatus (OrderDetailsID, EstimatedDeliveryTime, ActualDeliveryTime, Status) values (166, '1374-11-01 11:04:06', '1679-10-04 00:49:34', 'processing');
insert into OrderStatus (OrderDetailsID, EstimatedDeliveryTime, ActualDeliveryTime, Status) values (151, '1986-07-09 07:03:54', '2060-07-11 12:23:37', 'delayed');
insert into OrderStatus (OrderDetailsID, EstimatedDeliveryTime, ActualDeliveryTime, Status) values (172, '2059-05-04 00:11:40', '1708-08-02 18:42:54', 'processing');
insert into OrderStatus (OrderDetailsID, EstimatedDeliveryTime, ActualDeliveryTime, Status) values (88, '1146-07-09 05:42:12', '2040-03-01 12:09:01', 'delayed');
insert into OrderStatus (OrderDetailsID, EstimatedDeliveryTime, ActualDeliveryTime, Status) values (104, '2055-08-12 13:39:24', '1145-08-01 16:03:30', 'in route');
insert into OrderStatus (OrderDetailsID, EstimatedDeliveryTime, ActualDeliveryTime, Status) values (16, '1282-06-08 12:04:03', '1851-05-05 08:03:10', 'pending');
insert into OrderStatus (OrderDetailsID, EstimatedDeliveryTime, ActualDeliveryTime, Status) values (127, '1279-04-16 11:02:28', '1189-07-14 05:38:06', 'delayed');
insert into OrderStatus (OrderDetailsID, EstimatedDeliveryTime, ActualDeliveryTime, Status) values (173, '2079-06-02 06:29:05', '1845-02-02 08:39:39', 'processing');
insert into OrderStatus (OrderDetailsID, EstimatedDeliveryTime, ActualDeliveryTime, Status) values (100, '1825-11-09 22:52:33', '1810-11-06 09:21:33', 'pending');
insert into OrderStatus (OrderDetailsID, EstimatedDeliveryTime, ActualDeliveryTime, Status) values (26, '1458-04-14 05:07:18', '2033-08-01 19:23:19', 'processing');
insert into OrderStatus (OrderDetailsID, EstimatedDeliveryTime, ActualDeliveryTime, Status) values (13, '1610-04-03 08:27:24', '2030-06-15 20:25:34', 'pending');
insert into OrderStatus (OrderDetailsID, EstimatedDeliveryTime, ActualDeliveryTime, Status) values (170, '1101-04-01 23:36:06', '2021-03-13 11:00:35', 'delayed');
insert into OrderStatus (OrderDetailsID, EstimatedDeliveryTime, ActualDeliveryTime, Status) values (168, '1902-01-08 23:03:35', '2053-04-14 04:40:06', 'pending');
insert into OrderStatus (OrderDetailsID, EstimatedDeliveryTime, ActualDeliveryTime, Status) values (93, '1686-06-01 15:27:22', '1966-01-19 01:34:07', 'delivered');
insert into OrderStatus (OrderDetailsID, EstimatedDeliveryTime, ActualDeliveryTime, Status) values (83, '1211-05-05 23:23:55', '1020-05-14 03:36:38', 'delivered');
insert into OrderStatus (OrderDetailsID, EstimatedDeliveryTime, ActualDeliveryTime, Status) values (24, '1331-07-01 13:34:05', '1281-06-12 11:21:45', 'delayed');
insert into OrderStatus (OrderDetailsID, EstimatedDeliveryTime, ActualDeliveryTime, Status) values (42, '1155-07-16 21:45:13', '1796-04-10 03:31:22', 'delayed');
insert into OrderStatus (OrderDetailsID, EstimatedDeliveryTime, ActualDeliveryTime, Status) values (45, '2041-06-04 05:21:48', '1393-01-17 22:31:09', 'processing');
insert into OrderStatus (OrderDetailsID, EstimatedDeliveryTime, ActualDeliveryTime, Status) values (149, '1691-12-05 07:53:19', '1431-12-04 06:25:07', 'pending');
insert into OrderStatus (OrderDetailsID, EstimatedDeliveryTime, ActualDeliveryTime, Status) values (73, '2022-09-07 19:10:59', '2092-02-13 03:22:00', 'delayed');
insert into OrderStatus (OrderDetailsID, EstimatedDeliveryTime, ActualDeliveryTime, Status) values (60, '1961-03-05 05:01:36', '1367-12-15 06:31:27', 'pending');
insert into OrderStatus (OrderDetailsID, EstimatedDeliveryTime, ActualDeliveryTime, Status) values (16, '1885-08-08 23:23:13', '1738-07-15 16:35:39', 'delivered');
insert into OrderStatus (OrderDetailsID, EstimatedDeliveryTime, ActualDeliveryTime, Status) values (84, '1577-01-06 15:50:37', '1843-03-04 07:22:33', 'pending');
insert into OrderStatus (OrderDetailsID, EstimatedDeliveryTime, ActualDeliveryTime, Status) values (58, '1852-02-03 12:33:24', '2069-07-15 10:55:34', 'pending');
insert into OrderStatus (OrderDetailsID, EstimatedDeliveryTime, ActualDeliveryTime, Status) values (74, '1700-08-08 08:37:05', '1633-04-11 17:18:36', 'processing');
insert into OrderStatus (OrderDetailsID, EstimatedDeliveryTime, ActualDeliveryTime, Status) values (3, '1158-09-04 23:01:32', '2081-08-11 13:10:37', 'in route');
insert into OrderStatus (OrderDetailsID, EstimatedDeliveryTime, ActualDeliveryTime, Status) values (12, '1256-01-08 12:17:20', '1367-04-07 21:40:05', 'in route');
insert into OrderStatus (OrderDetailsID, EstimatedDeliveryTime, ActualDeliveryTime, Status) values (157, '1238-12-10 17:02:45', '1829-07-01 13:26:04', 'pending');
insert into OrderStatus (OrderDetailsID, EstimatedDeliveryTime, ActualDeliveryTime, Status) values (97, '1920-08-19 10:00:39', '2027-07-14 04:26:02', 'processing');
insert into OrderStatus (OrderDetailsID, EstimatedDeliveryTime, ActualDeliveryTime, Status) values (133, '2027-04-16 05:08:31', '1465-05-07 19:40:00', 'delayed');
insert into OrderStatus (OrderDetailsID, EstimatedDeliveryTime, ActualDeliveryTime, Status) values (45, '2033-12-08 21:49:45', '1166-09-17 15:33:46', 'processing');
insert into OrderStatus (OrderDetailsID, EstimatedDeliveryTime, ActualDeliveryTime, Status) values (55, '2082-09-07 07:20:37', '1927-06-01 23:25:53', 'pending');
insert into OrderStatus (OrderDetailsID, EstimatedDeliveryTime, ActualDeliveryTime, Status) values (140, '1458-12-03 00:08:00', '1810-05-01 23:19:02', 'delivered');
insert into OrderStatus (OrderDetailsID, EstimatedDeliveryTime, ActualDeliveryTime, Status) values (61, '2064-08-05 12:08:04', '1874-12-13 18:57:00', 'pending');
insert into OrderStatus (OrderDetailsID, EstimatedDeliveryTime, ActualDeliveryTime, Status) values (129, '1930-07-06 20:00:25', '2047-11-13 21:23:04', 'delivered');
insert into OrderStatus (OrderDetailsID, EstimatedDeliveryTime, ActualDeliveryTime, Status) values (82, '1944-10-11 12:05:21', '1622-03-04 23:32:08', 'in route');
insert into OrderStatus (OrderDetailsID, EstimatedDeliveryTime, ActualDeliveryTime, Status) values (156, '1505-12-01 18:06:07', '1152-09-15 19:23:20', 'pending');
insert into OrderStatus (OrderDetailsID, EstimatedDeliveryTime, ActualDeliveryTime, Status) values (9, '1357-06-14 10:01:08', '1996-08-09 17:31:01', 'pending');
insert into OrderStatus (OrderDetailsID, EstimatedDeliveryTime, ActualDeliveryTime, Status) values (73, '1781-01-05 06:43:55', '1335-01-06 02:05:14', 'pending');
insert into OrderStatus (OrderDetailsID, EstimatedDeliveryTime, ActualDeliveryTime, Status) values (103, '1651-05-01 15:33:45', '1950-05-04 02:48:06', 'in route');
insert into OrderStatus (OrderDetailsID, EstimatedDeliveryTime, ActualDeliveryTime, Status) values (129, '1749-04-16 04:03:53', '1508-04-07 08:36:00', 'delivered');
insert into OrderStatus (OrderDetailsID, EstimatedDeliveryTime, ActualDeliveryTime, Status) values (37, '1076-06-14 18:37:16', '2033-05-14 15:42:21', 'in route');
insert into OrderStatus (OrderDetailsID, EstimatedDeliveryTime, ActualDeliveryTime, Status) values (147, '1633-08-04 23:06:36', '2013-09-04 23:00:21', 'processing');
insert into OrderStatus (OrderDetailsID, EstimatedDeliveryTime, ActualDeliveryTime, Status) values (57, '1310-10-12 05:35:48', '1379-05-09 19:39:58', 'delivered');
insert into OrderStatus (OrderDetailsID, EstimatedDeliveryTime, ActualDeliveryTime, Status) values (51, '1067-01-12 17:31:08', '1735-09-18 12:49:08', 'processing');
insert into OrderStatus (OrderDetailsID, EstimatedDeliveryTime, ActualDeliveryTime, Status) values (11, '1797-02-01 17:55:26', '1414-04-14 07:00:02', 'processing');
insert into OrderStatus (OrderDetailsID, EstimatedDeliveryTime, ActualDeliveryTime, Status) values (97, '1598-07-04 18:03:13', '2017-02-14 22:34:05', 'in route');
insert into OrderStatus (OrderDetailsID, EstimatedDeliveryTime, ActualDeliveryTime, Status) values (170, '1877-07-07 13:20:20', '1063-04-09 06:17:07', 'pending');
insert into OrderStatus (OrderDetailsID, EstimatedDeliveryTime, ActualDeliveryTime, Status) values (77, '1097-01-09 19:43:51', '1109-04-07 05:49:35', 'in route');
insert into OrderStatus (OrderDetailsID, EstimatedDeliveryTime, ActualDeliveryTime, Status) values (164, '1840-05-09 01:36:20', '2057-06-05 04:06:02', 'in route');
insert into OrderStatus (OrderDetailsID, EstimatedDeliveryTime, ActualDeliveryTime, Status) values (68, '2021-01-10 04:28:25', '1688-08-03 16:52:51', 'delayed');
insert into OrderStatus (OrderDetailsID, EstimatedDeliveryTime, ActualDeliveryTime, Status) values (93, '2021-09-01 05:38:33', '1910-04-06 06:38:01', 'processing');
insert into OrderStatus (OrderDetailsID, EstimatedDeliveryTime, ActualDeliveryTime, Status) values (76, '1083-06-08 19:03:09', '1756-08-18 03:29:00', 'delayed');
insert into OrderStatus (OrderDetailsID, EstimatedDeliveryTime, ActualDeliveryTime, Status) values (8, '1469-08-16 03:02:50', '1497-09-05 08:00:18', 'in route');
insert into OrderStatus (OrderDetailsID, EstimatedDeliveryTime, ActualDeliveryTime, Status) values (79, '1509-02-03 15:32:55', '1394-12-03 18:39:39', 'pending');
insert into OrderStatus (OrderDetailsID, EstimatedDeliveryTime, ActualDeliveryTime, Status) values (82, '1438-11-01 01:16:28', '1461-04-09 16:00:13', 'in route');
insert into OrderStatus (OrderDetailsID, EstimatedDeliveryTime, ActualDeliveryTime, Status) values (18, '1500-03-09 02:36:36', '1338-09-14 06:37:27', 'delivered');
insert into OrderStatus (OrderDetailsID, EstimatedDeliveryTime, ActualDeliveryTime, Status) values (118, '1562-11-08 11:03:09', '1186-02-10 11:26:04', 'delivered');
insert into OrderStatus (OrderDetailsID, EstimatedDeliveryTime, ActualDeliveryTime, Status) values (80, '2079-11-06 08:22:20', '2029-03-13 22:23:23', 'delayed');
insert into OrderStatus (OrderDetailsID, EstimatedDeliveryTime, ActualDeliveryTime, Status) values (3, '2017-06-19 00:31:59', '1894-05-01 15:38:47', 'delayed');
insert into OrderStatus (OrderDetailsID, EstimatedDeliveryTime, ActualDeliveryTime, Status) values (33, '1487-04-01 11:36:29', '1500-06-11 16:07:03', 'delivered');
insert into OrderStatus (OrderDetailsID, EstimatedDeliveryTime, ActualDeliveryTime, Status) values (78, '1582-08-02 23:00:56', '1448-05-08 18:08:51', 'delayed');
insert into OrderStatus (OrderDetailsID, EstimatedDeliveryTime, ActualDeliveryTime, Status) values (72, '2038-08-18 06:04:06', '1279-10-10 07:59:09', 'in route');
insert into OrderStatus (OrderDetailsID, EstimatedDeliveryTime, ActualDeliveryTime, Status) values (43, '1480-05-17 15:37:06', '1417-04-06 04:29:51', 'delayed');
insert into OrderStatus (OrderDetailsID, EstimatedDeliveryTime, ActualDeliveryTime, Status) values (129, '1338-07-02 18:35:43', '1568-07-05 14:57:52', 'delayed');
insert into OrderStatus (OrderDetailsID, EstimatedDeliveryTime, ActualDeliveryTime, Status) values (64, '2068-05-03 07:34:21', '1611-09-07 20:58:05', 'in route');
insert into OrderStatus (OrderDetailsID, EstimatedDeliveryTime, ActualDeliveryTime, Status) values (67, '1921-09-18 19:42:38', '1854-03-01 07:56:43', 'delivered');
insert into OrderStatus (OrderDetailsID, EstimatedDeliveryTime, ActualDeliveryTime, Status) values (132, '1510-07-03 14:58:31', '1363-08-19 07:11:27', 'delivered');
insert into OrderStatus (OrderDetailsID, EstimatedDeliveryTime, ActualDeliveryTime, Status) values (106, '1798-04-13 01:05:36', '1091-06-01 07:32:04', 'pending');
insert into OrderStatus (OrderDetailsID, EstimatedDeliveryTime, ActualDeliveryTime, Status) values (91, '2031-03-17 15:59:41', '1764-05-01 17:05:07', 'processing');
insert into OrderStatus (OrderDetailsID, EstimatedDeliveryTime, ActualDeliveryTime, Status) values (95, '2082-04-02 19:31:50', '1351-06-14 16:54:15', 'in route');
insert into OrderStatus (OrderDetailsID, EstimatedDeliveryTime, ActualDeliveryTime, Status) values (108, '1002-03-19 19:04:17', '1908-01-17 15:21:22', 'pending');
insert into OrderStatus (OrderDetailsID, EstimatedDeliveryTime, ActualDeliveryTime, Status) values (22, '2006-08-07 19:53:23', '2074-05-14 12:21:09', 'in route');
insert into OrderStatus (OrderDetailsID, EstimatedDeliveryTime, ActualDeliveryTime, Status) values (3, '1153-01-01 17:37:00', '1954-04-06 06:30:48', 'processing');
insert into OrderStatus (OrderDetailsID, EstimatedDeliveryTime, ActualDeliveryTime, Status) values (9, '1579-04-07 13:57:02', '1093-01-03 11:18:00', 'pending');
insert into OrderStatus (OrderDetailsID, EstimatedDeliveryTime, ActualDeliveryTime, Status) values (38, '1604-01-18 14:20:24', '2071-01-09 12:29:05', 'pending');
insert into OrderStatus (OrderDetailsID, EstimatedDeliveryTime, ActualDeliveryTime, Status) values (115, '1518-02-05 07:05:05', '1971-06-18 10:39:08', 'delivered');
insert into OrderStatus (OrderDetailsID, EstimatedDeliveryTime, ActualDeliveryTime, Status) values (41, '1910-09-01 12:18:50', '1917-04-01 20:46:39', 'pending');
insert into OrderStatus (OrderDetailsID, EstimatedDeliveryTime, ActualDeliveryTime, Status) values (36, '2071-04-07 05:41:05', '1317-01-06 15:32:37', 'processing');
insert into OrderStatus (OrderDetailsID, EstimatedDeliveryTime, ActualDeliveryTime, Status) values (96, '1442-10-03 19:06:33', '1586-09-09 09:27:00', 'delayed');
insert into OrderStatus (OrderDetailsID, EstimatedDeliveryTime, ActualDeliveryTime, Status) values (144, '1846-02-04 21:40:28', '1922-04-04 13:53:00', 'processing');
insert into OrderStatus (OrderDetailsID, EstimatedDeliveryTime, ActualDeliveryTime, Status) values (156, '1712-05-07 18:01:32', '1539-07-02 01:04:23', 'delayed');
insert into OrderStatus (OrderDetailsID, EstimatedDeliveryTime, ActualDeliveryTime, Status) values (23, '2060-08-04 13:46:44', '1600-09-09 20:15:09', 'delivered');
insert into OrderStatus (OrderDetailsID, EstimatedDeliveryTime, ActualDeliveryTime, Status) values (103, '2030-01-01 00:37:04', '1930-08-08 17:08:16', 'delayed');
insert into OrderStatus (OrderDetailsID, EstimatedDeliveryTime, ActualDeliveryTime, Status) values (65, '1446-03-18 10:35:32', '2012-01-09 08:52:34', 'processing');
insert into OrderStatus (OrderDetailsID, EstimatedDeliveryTime, ActualDeliveryTime, Status) values (109, '1156-04-17 22:07:48', '2055-08-19 04:07:29', 'delayed');
insert into OrderStatus (OrderDetailsID, EstimatedDeliveryTime, ActualDeliveryTime, Status) values (157, '1098-10-01 12:22:36', '1275-05-18 14:26:44', 'pending');
insert into OrderStatus (OrderDetailsID, EstimatedDeliveryTime, ActualDeliveryTime, Status) values (100, '2016-11-01 23:06:29', '1712-08-08 09:15:01', 'processing');
insert into OrderStatus (OrderDetailsID, EstimatedDeliveryTime, ActualDeliveryTime, Status) values (50, '1036-01-12 14:00:24', '1399-07-14 08:28:22', 'delayed');
insert into OrderStatus (OrderDetailsID, EstimatedDeliveryTime, ActualDeliveryTime, Status) values (98, '2039-03-19 19:01:52', '1354-09-17 18:32:27', 'delayed');
insert into OrderStatus (OrderDetailsID, EstimatedDeliveryTime, ActualDeliveryTime, Status) values (38, '1549-07-13 08:12:27', '1215-01-19 00:21:21', 'pending');
insert into OrderStatus (OrderDetailsID, EstimatedDeliveryTime, ActualDeliveryTime, Status) values (57, '1416-05-17 19:04:57', '1293-01-03 19:01:45', 'delivered');
insert into OrderStatus (OrderDetailsID, EstimatedDeliveryTime, ActualDeliveryTime, Status) values (110, '1401-07-05 20:09:47', '1863-12-05 04:47:03', 'delivered');
insert into OrderStatus (OrderDetailsID, EstimatedDeliveryTime, ActualDeliveryTime, Status) values (42, '1019-05-09 11:37:09', '1463-01-18 17:57:06', 'delivered');
insert into OrderStatus (OrderDetailsID, EstimatedDeliveryTime, ActualDeliveryTime, Status) values (36, '2063-07-08 08:04:35', '1074-11-03 00:07:02', 'delivered');
insert into OrderStatus (OrderDetailsID, EstimatedDeliveryTime, ActualDeliveryTime, Status) values (17, '2046-06-02 18:30:04', '1288-08-04 19:19:33', 'delayed');
insert into OrderStatus (OrderDetailsID, EstimatedDeliveryTime, ActualDeliveryTime, Status) values (104, '1491-06-01 19:31:54', '2091-09-01 10:41:28', 'pending');
insert into OrderStatus (OrderDetailsID, EstimatedDeliveryTime, ActualDeliveryTime, Status) values (28, '1624-10-01 13:17:56', '1842-01-01 16:38:06', 'delayed');
insert into OrderStatus (OrderDetailsID, EstimatedDeliveryTime, ActualDeliveryTime, Status) values (162, '2037-11-09 17:19:22', '1321-01-04 01:09:05', 'in route');
insert into OrderStatus (OrderDetailsID, EstimatedDeliveryTime, ActualDeliveryTime, Status) values (52, '2043-01-17 15:31:06', '1733-01-06 14:06:17', 'pending');
insert into OrderStatus (OrderDetailsID, EstimatedDeliveryTime, ActualDeliveryTime, Status) values (105, '2097-11-15 05:28:42', '1389-01-10 18:36:54', 'delayed');
insert into OrderStatus (OrderDetailsID, EstimatedDeliveryTime, ActualDeliveryTime, Status) values (37, '1466-02-01 01:01:06', '1532-08-09 06:10:33', 'delayed');
insert into OrderStatus (OrderDetailsID, EstimatedDeliveryTime, ActualDeliveryTime, Status) values (57, '1744-08-11 18:50:02', '2062-12-14 18:01:05', 'delivered');
insert into OrderStatus (OrderDetailsID, EstimatedDeliveryTime, ActualDeliveryTime, Status) values (81, '1977-01-07 19:00:07', '2000-11-14 23:01:08', 'processing');
insert into OrderStatus (OrderDetailsID, EstimatedDeliveryTime, ActualDeliveryTime, Status) values (78, '1457-09-02 18:16:00', '2006-04-01 16:33:24', 'in route');
insert into OrderStatus (OrderDetailsID, EstimatedDeliveryTime, ActualDeliveryTime, Status) values (107, '2058-03-05 04:00:13', '1219-08-06 19:55:50', 'delayed');
insert into OrderStatus (OrderDetailsID, EstimatedDeliveryTime, ActualDeliveryTime, Status) values (101, '1641-07-07 23:19:14', '1197-06-04 18:37:04', 'in route');
insert into OrderStatus (OrderDetailsID, EstimatedDeliveryTime, ActualDeliveryTime, Status) values (47, '1690-06-08 14:03:48', '1902-03-06 05:03:00', 'in route');
insert into OrderStatus (OrderDetailsID, EstimatedDeliveryTime, ActualDeliveryTime, Status) values (120, '1563-08-09 12:01:01', '2088-11-03 17:06:24', 'in route');
insert into OrderStatus (OrderDetailsID, EstimatedDeliveryTime, ActualDeliveryTime, Status) values (152, '1851-02-17 14:33:09', '1882-02-11 22:34:30', 'delayed');
insert into OrderStatus (OrderDetailsID, EstimatedDeliveryTime, ActualDeliveryTime, Status) values (168, '1448-01-14 22:01:39', '2031-03-08 17:17:03', 'delayed');
insert into OrderStatus (OrderDetailsID, EstimatedDeliveryTime, ActualDeliveryTime, Status) values (18, '1394-07-14 07:16:29', '1095-09-15 08:53:32', 'delivered');
